id,author_id,hidden_at,flags_count,ignored_flag_at,cached_votes_up,comments_count,confirmed_hide_at,hot_score,confidence_score,created_at,responsible_name,video_url,tsv,geozone_id,retired_at,retired_reason,community_id,published_at,selected
1,1,2023-08-07 16:59:57.093305,0,,5,0,,0,500,2022-03-28 13:44:52.701917,,"","'admin':1B 'אזרחית':6C,9,12,15 'ומשפט':4B 'חוק':3B 'חוקה':2B,5C,8,11,14 'לישראל':7C,10,13,16",,,,1,2022-03-28 13:45:05.091888,f
2,1,2024-03-21 09:46:29.919548,0,,4,1,,0,400,2022-04-01 06:57:20.614292,,"","'admin':1B 'אנרגיה':2C,5 'בישראל':4C,7 'מתחדשת':3C,6",,,,2,2022-04-01 06:57:29.881212,f
3,1,2024-03-21 09:46:29.988,0,,5,0,,0,500,2022-04-04 21:21:43.884623,,"","'admin':1B 'אותו':16C,31 'בו':6C,21 'הילד':13C,28 'הם':17C,32 'העברת':4C,19 'חוק':5C,20 'חינוך':2A 'חינוכי':15C,30 'יבחרו':18C,33 'כל':7C,22 'למוסד':14C,29 'לרישום':12C,27 'מאפשר':3A 'מהמדינה':10C,25 'משפחה':8C,23 'תקבל':9C,24 'תקציב':11C,26",,,,3,2022-04-04 21:35:59.463151,f
4,1,2023-08-07 17:00:47.50924,0,,5,1,,0,500,2022-04-04 21:37:59.024613,,https://www.youtube.com/watch?v=WD5Xj_gaTsY&list=PLhODV2fIy9KhlvZpmeE-9oQMRdESb8Kbv&index=45&ab_channel=%D7%90%D7%96%D7%A8%D7%97%D7%99%D7%9D%D7%9B%D7%95%D7%AA%D7%91%D7%99%D7%9D%D7%97%D7%95%D7%A7%D7%94,"'admin':1B 'הגז':3A,6C,9C,11C,13C,16C,19,22,24,26,29,32,35,37,39,42,45,48,50,52,55,58,61,63,65,68 'החזרת':2A,5C,8C,15C,18,21,28,31,34,41,44,47,54,57,60,67 'לציבור':4A,7C,14C,17C,20,27,30,33,40,43,46,53,56,59,66,69 'לציבורהחזרת':10C,12C,23,25,36,38,49,51,62,64",,,,4,2022-04-04 21:38:05.344735,f
5,1,2024-03-21 09:46:30.037067,0,,6,1,,0,600,2022-04-10 16:19:17.77153,,"","'admin':1B 'או':10C,19,28,37,46 'במשרה':8C,17,26,35,44 'הקלון':3A 'חוק':2A 'יכהן':5C,14,23,32,41 'כנבחר':11C,20,29,38,47 'לא':4C,13,22,31,40 'נושא':6C,15,24,33,42 'ציבור':12C,21,30,39,48 'ציבורית':9C,18,27,36,45 'קלון':7C,16,25,34,43",,,,5,2022-04-10 16:21:40.224833,f
6,26,,0,,7,2,,0,700,2022-07-02 06:03:24.143107,,"","'2001':97 'א':96 'או':157 'אחד':33C 'אחת':132 'אי':65 'אי-היותי':64 'אישור':8A,24C,30C,60,83,141 'אפליה':5B,37C,105 'אשר':48 'באה':85 'בבתי':50 'בגוגל':137 'בהם':52 'בהמשך':69 'בו':110 'במוסד':12A 'במוסדות':93 'במקום':19C 'בעיות':98 'בקבלה':38C,106 'בקבלת':23C 'בקשה':116 'בקשת':29C 'בתהליך':55 'בתנאים':171 'גברים':21C,26C,77,111,126,144,160,167 'גלעד':1B 'הבנתי':71 'הבקשה':100 'הגשת':56 'הדרישה':81 'הדרך':70 'החוק':87 'היא':104 'היותי':66 'הימנעות':165 'המועמדות':57 'הנחה':161 'העסקה':89 'הצעה':139 'התבקשתי':58 'התשס':95 'וההנחה':133 'ולא':34C,78,102 'ולנשים':17A 'ונשים':27C,114,145,168 'זהים':172 'זו':73 'חפשו':136 'י':125,155,159 'יותר':153 'יחוייבו':22C,25C 'יידרשו':169 'יצא':42 'ישראל':62 'יתרונות':147 'כאחד':18A,28C,146 'כשגויה':135 'ל':2B 'לא':115 'לבקש':140 'לגברים':16A 'להגיש':44 'להוציא':59 'להיות':163 'לומדים':14A,53 'לי':43 'למניעת':88 'למספר':46 'לעבודה':39C,107 'לעבריינית':130 'לעמוד':113,170 'לפני':10A 'לקבלת':82 'מאפליה':166 'מגברים':101,118 'מהווה':36C 'מהנחה':149 'מהשני':35C 'מועמדות':45 'מין':68,92,121,131,151 'ממין':32C 'ממשטרת':61 'מניחה':119 'מנשים':103 'מסויימים':94 'מספיק':127 'מצב':40 'מצבצעת':152 'משטרה':9A,84,142 'משרות':47 'מתבצעת':122 'מתוקף':86 'מתקיימות':49 'נוסף':109 'נמנעים':148 'נשים':80,156 'ספר':51 'ע':124,154,158 'עבודה':4B,11A 'עבור':76,79,143 'עבריין':67 'עברייני':91 'עדות':129 'על':63 'עצם':99 'פדופילית':138 'פרנסה':6B 'צריכים':112 'קבלת':7A 'קטינים':15A,54 'קיים':41 'קיימת':74 'רק':31C,75,117,123 'שבו':13A 'שגויה':164 'שדרישה':72 'של':90 'שעבריינות':120,150 'שעלולה':162 'שרק':20C 'שתימצא':128 'תנאי':108 'תעסוקה':3B 'תתברר':134",,,,6,2022-07-02 06:03:51.196097,f
7,50,2023-07-22 15:31:50.343896,0,,1,0,,0,100,2023-02-24 15:56:17.176459,,https://youtu.be/pnfaeE47zxQ,"'01':7A 'black':1B 'velvet':2B 'בדיקות':5A 'המיזם':12C 'המייזם':14C,27C,29C 'הנה':30C 'הקמת':11C 'השואף':21C 'ומטרותיו':13C 'חינוך':4B 'חעיכחיכחיעכחיכ':8C 'יוקם':15C 'יעכיחעיחעיעחלי':10C 'ךחיחליחיחיחל':9C 'כמיזם':16C 'להכשרת':18C 'להלן':26C 'ליתן':31C 'למכר':22C 'לתחומי':20C 'מטרת':28C 'מרב':6A 'עובדים':19C 'עסקי':17C 'ריווחי':23C 'רקא':32 'של':24C 'תוצרתו':25C 'תחבורה':3B",,,,7,2023-02-24 16:54:40.46661,t
8,50,2023-07-22 15:31:50.251696,0,,0,0,,0,1,2023-02-24 16:07:57.965559,,"","'-16':127 '-60':172 '1':12C,204 '2':7A,248 '200':283 '2323':16C '3':21C '4':17C '5353':23C '654654':20C '87686875':14C 'aldus':193 'black':1B 'ipsum':49,79,87,108,110,120,183,200,212,241,258,299 'lorem':48,78,86,107,109,119,182,199,211,240,257,298 'maker':195 'page':194 'velvet':2B 'אבל':213 'או':54,219,225,306 'אותו':137 'אותיות':58 'אותנו':272 'אחרת':220 'אינטרנט':73 'אלא':152 'אם':233 'אמינות':232 'אמיתיים':275 'אנו':25,278 'אפילו':230 'אפשר':202 'אקראיות':227 'את':154 'אתה':234,242 'אתרים':89 'ב':47,77 'ב-lorem':46,76 'באינטרנט':277 'בדיחות':103 'בדיקה':5A 'בזה':27 'בטוח':245 'ביסודו':163 'בלטינית':285 'במאה':125 'במבני':287 'במהלך':96 'במילון':280 'במכוון':101 'במקטעים':237 'בניגוד':59 'בפריסתו':43 'בצורה':217 'בראשית':91 'בריאות':3B 'ברירת':81 'ברשת':260 'בשגגה':99 'בשימוש':45 'בשנות':170 'בתוך':251 'גדדק':19C 'גולמי':114 'גליון':177 'גם':153 'גרסאות':93,197,207 'דגימה':143 'דפוס':135 'דפי':72 'דרכם':92 'דשכגשדקש':10C 'ה':126,166,171 'האינטרנט':261 'האישי':191 'האלקטר':158 'הגיוני':294 'הדפסה':129 'ההדפסה':117,157 'ההוצאה':174 'הוא':41,50,111 'הולך':235 'הומור':224,305 'הופך':271 'הוצאות':69 'הטקסט':252,255,296 'היה':121 'היכן':201 'המון':206 'המחדל':82 'המחשב':190 'המטרה':44 'המכיל':179 'הנדרש':269 'הקורא':33 'הקפיצה':155 'הרבה':68 'השנים':97 'השתלת':223 'וההקלדה':118 'וזה':270 'וחיפוש':84 'וכדומה':104,310 'ולכן':295 'ונותן':64 'ונותר':160 'ונית':159 'ועוד':184 'ועורכי':71 'ועירבלה':136 'זה':106,145,165 'זו':218 'זוהי':28 'זמינות':208 'זריקת':102 'חבוי':250 'חוזרים':304 'חזות':65 'חיחיח':9C 'חינוך':4B 'חמש':149 'טקטס':38 'טקסט':113,122,274 'טקסטים':265,303 'יביט':42 'ידועה':131 'ידי':37,222 'יותר':55,67,169,185 'יחשוף':88 'יכיל':302 'יסוי':61,62,63 'יעיעי':18C 'יעכיעכ':15C 'יש':205 'כאשר':40,128 'כגון':192 'כדי':138 'כטקסט':80 'כיום':75 'כל':253 'כמו':161 'לא':130,147,301,308 'לאור':175 'לאחרונה':186 'להיות':244 'להשיג':203 'להשתמש':236 'לו':52 'לחזור':263 'לחיח':8C 'לחיעלחעיע':13C 'לטקט':292 'ליצור':139 'למחוללי':273 'למלל':60 'לעולם':300 'לעיתים':100 'לעתים':98 'לפי':268 'לפסקאות':209 'לקחה':132 'לשוות':291 'לתוך':156 'מאופייניות':309 'מאות':150 'מבוססת':30 'מביך':249 'מגש':133 'מה':24,105 'מוגדרים':266 'מוסחת':35 'מחוללי':254 'מחשבים':70 'מילים':226,307 'מכוונים':262 'מנת':290 'מעט':231 'מעל':282 'מראה':293 'מראש':267 'מרב':6A 'משהו':247 'משולבים':286 'משפטים':288 'משתמשים':26,74,279 'נוצרו':95 'נראות':229 'סוג':140 'סטנדרטי':123 'ספר':142,144,164 'עברו':215 'עובדה':29 'עוד':124 'עכעיכע':22C 'על':36,221,264,289 'עם':173,187,281 'ערכים':284 'ףףצתצתמ':11C 'פונטי':178 'פופולרי':168 'פחות':53 'פך':167 'פסקאות':180 'פרסום':188 'פשוט':112 'צריך':243 'קריא':39 'קריאה':66 'ראשונים':276 'רבות':94 'רבים':90 'רובם':214 'רק':148 'שאין':246 'שדעתו':31 'שהוא':162 'שינויים':216 'שיש':51 'של':32,57,85,115,134,141,176,181,198,210,238,239,256,297 'שלא':228 'שלהם':83 'שמכיל':196 'שנים':151 'שנמצאים':259 'שרד':146 'תהיה':34 'תוכנות':189 'תעשיית':116 'תפוצה':56",,,,8,,f
9,50,2023-07-22 15:31:50.388891,0,,0,0,,0,1,2023-02-24 17:25:10.918602,,"","'40':190 '60':153 '7':14,74 '7.1':18 '7.10':269 '7.11':292 '7.11.1':320 '7.2':31 '7.3':48 '7.4':59 '7.5':109 '7.6':135 '7.7':203 '7.8':222 '7.9':238 '80':313 'black':1B 'browser':12A 'dndbrhrhrbnzbsb':13C 'safari':11A 'velvet':2B 'או':148,236,264,280 'אחר':277 'אחרת':51 'אם':124,166 'אמצעי':231 'אנרגיה':3B 'אף':244 'אשר':150,309 'את':35 'באמצעות':228 'בדיקה':8A 'בהודעה':79,116 'בהזמנה':219 'בהחלטה':57 'בהסכם':29,52 'בהעדר':49 'בהתאם':21,26 'בועדה':132,260 'בועדת':156,193,318 'בזאת':300 'בישיבה':205 'בכל':230 'בכפוף':285 'בכתב':61,126 'במיזם':324 'בנושאים':210 'בסדר':212 'בפרטיכל':37 'ברוב':311 'בשבוע':175 'האמור':111 'האמורות':28 'הבאות':302 'הדיון':204 'ההיגוי':17,24,33,56,66,71,157,194,240,257,271,298,308,319 'ההצבעה':155,192,317 'הוא':142,182 'הודעה':60,123 'הועדה':100,129,174,287 'הוראה':50 'הזכאים':130,258 'החוק':291 'החוקי':178 'החלטה':243 'החלטת':306 'היגוי':47,141,147,187,227 'היום':94,213 'הישיבה':82,165,202,215 'היתה':95 'המועד':162,199 'המוצע':108 'המיזם':104,289 'המייזם':19 'המינימלי':137 'המניין':136,177 'המקורית':216,221 'הנושאים':91 'הנתונות':275 'הסכימו':125 'העסקת':321 'הצעה':101 'השינוי':107 'השעה':160,197 'התכנסות':246 'ואף':121 'ובלבד':247 'והכל':284 'והמקום':83 'והעתק':39 'וועדת':23 'וועידה':235 'וחובות':296 'וכולם':261 'וכן':86 'ולהוראות':290 'ומים':4B 'ומשפט':7B 'ועדה':115 'ועדת':16,32,46,55,65,70,140,146,186,226,239,256,270,297,307 'זה':30,53 'זכות':316 'זמן':282 'חבר':45 'חברי':69,128,145,185,255 'חוק':6B 'חוקה':5B 'חוקי':170 'חתמו':262 'טלפון':10A 'יהיה':208 'יומה':98 'יימסר':43 'ימים':75,120,176 'יפורט':105 'יפעל':20 'יצוין':80 'ישיבה':42,63,180 'ישיבותיה':36 'ישיבת':114,139,173,225 'יתקבלו':54 'כאמור':134,171,207 'כינוסה':78 'כל':90,127,254 'כפי':217 'כתוב':38 'לא':167 'לאורגן':276 'לאחר':305 'לגרוע':294 'להחלטת':286 'להם':151 'להנחיות':22 'להצביע':131,259 'להתקשרויות':288 'לזימונה':133 'לזמן':113 'ליטול':273 'לישיבה':220 'לכל':44,68 'ללא':122,245 'למטרות':27 'למרות':110 'לעניין':278 'לפחות':72,152,189,314 'לפני':76 'לפרק':281 'לפתיחת':164,201 'לקבל':242 'לקיום':138,179 'לקיים':224 'לרבות':233 'לשינוי':102 'מבלי':293 'מבעלי':315 'מוסכם':299 'מועד':77,81 'מוקדמת':117 'מזכויות':154,191 'מחצית':159,196 'מטרות':103 'מכל':40 'מן':161,198 'מניין':169 'מסוים':279,283 'מסמכויות':295 'מרב':9A 'משבעה':119 'משרה':323 'נדחית':181,206 'נוכחותם':143,183 'נוסח':106 'נושאי':322 'ניתן':112,223 'נכח':168 'נפרדים':267 'נציגיהם':149 'נתקבלה':310 'סביר':88 'סדר':93,97 'סמכויות':274 'עותקים':266 'על':62,96,250,265 'עליה':263 'פי':251 'פירוט':87 'פעולת':15 'פקס':237 'פרטיכל':41 'קולם':252 'קצרה':118 'רגילה':58 'רק':209,304 'רשאית':241,272 'שבו':84 'שבעה':73 'שההחלטה':248 'שההחלטות':301 'שיחת':234 'שימוש':229 'שיפעל':25 'של':64,89,99,144,184,214,253,312 'שלה':268 'שלהם':188 'שנקבע':163,200 'שעל':92 'שפורט':218 'שצוינו':211 'תוך':158,195 'תידחה':172 'תימסר':67 'תקשורת':232 'תתכנס':85 'תתעד':34 'תתקבל':249 'תתקבלנה':303",,,,9,,f
10,49,2023-07-22 15:31:50.293336,0,,0,0,,0,1,2023-02-25 09:01:24.860392,,https://youtu.be/J_ytmHJ3w-U,"'arnon':1B 'axelrod':2B 'ארנון':4A 'ההצעה':6C,9 'הספר':15 'למחשבה':12 'מלל':8 'נסיון':3A 'נקודה':11,14 'עוד':13 'שלי':7C,10,16 'תקציר':5C",,,,10,,f
11,49,2023-07-22 15:31:50.32542,0,,3,1,,0,300,2023-02-25 09:07:11.237075,,"","'arnon':1B 'axelrod':2B 'ארנון':5A 'נסיון':3A,7C 'שני':4A,8C 'תקציר':6C",,,,11,2023-02-25 09:07:14.91629,f
12,26,2023-07-22 15:31:50.366719,0,,0,0,,0,1,2023-02-25 11:49:21.984905,,https://www.youtube.com/watch?v=dQw4w9WgXcQ,"'אחת':22 'בכל':33 'בעיר':11C,19 'גלעד':1B 'גם':29 'האלגוריתם':9C,17 'הטוב':10C,18 'הקיר':7C,15 'וטיוטה':28 'טיוטה':3A,4C,5C,12,13,20,26,31,32 'טיוטהה':23 'ל':2B 'מי':8C,16 'מימין':27 'מספר':21,24 'מקום':34 'משמאל':30 'שעל':6C,14 'שתיים':25",,,,12,2023-02-25 11:58:52.373781,f
13,55,,0,,0,0,,0,1,2023-04-15 15:13:55.896778,,"","'1766':192 '1966':74 '1996':85 '30':47C,176 'אדם':2B 'או':158 'אזרח':53,122 'אזרחים':45C,174 'אחר':228 'אלא':205 'אלקטרונית':226 'אם':206 'אסטוניה':210 'את':89,104 'באופן':135 'בבקשות':271 'ביטחון':155 'במדדי':236 'במהירות':140 'בממשל':213 'במפורש':209 'במקרים':50C,179 'בעל':54 'בפעולות':128 'בתהליכי':265 'בתוך':46C,175 'בתחום':185 'גבוה':235 'גישה':220 'גם':76 'דוגמאות':181 'דיגיטלי':214 'דנמרק':252 'האזרח':37C,166 'האזרחים':91 'הבטחון':8B 'הגבלות':147 'הדרישות':68,112 'הוא':102 'הוחרג':208 'הזה':87 'הזכויות':71 'הזכות':55 'החובה':105 'החוקיות':113 'החלטות':231,267 'החקיקה':24B 'הכוללת':257 'הכנסת':29B 'המאפשר':219 'המדינה':4B,12B,18B,41C,131,170,193 'המוניציפאלית':31B 'המידע':187 'הממשל':129 'הממשלה':21B,63,83,107 'הממשלתי':120 'המנהל':198 'הסעיף':86 'הפעילות':80 'הצבעה':225 'הציבור':264 'הרשות':30B 'התקשורת':15B 'וביעילות':141 'ובכך':114 'ויהיו':161 'וכוחות':7B 'ולגשת':95 'ולנמק':142 'ולקבל':57 'ולשקיפות':127 'ומידע':245 'ומעקב':227 'ומערכת':268 'ומקיימת':247 'ומשאלי':25B 'ונגישות':118 'ושירותים':222 'ותיעודי':61 'זילנד':233 'זכאי':123 'זכות':36C,90,165 'חברות':32B 'חופש':186,272 'חוק':9B,13B,16B,19B,22B,27B,70,189 'חזקים':249 'חלוצה':184 'חריגים':51C,180 'ידה':99 'יוצר':115 'יותרו':151 'יזום':136 'ימים':48C,177 'יסוד':10B,14B,17B,20B,23B,28B 'יעילה':269 'כולל':224 'כל':52,121,143,200 'כמו':75,100 'כן':101,207 'כפופות':162 'כפי':64 'ל':6B 'לאומי':156 'לאזרחים':110 'לבדוק':56 'לביקורת':163 'לבקשות':138 'לגישה':124 'להשיב':43C,137,172 'לטיפול':270 'למידע':72,119,125,221 'למסירת':145 'למסמכים':96 'למעט':49C,178 'למענה':38C,167 'לספק':108 'לפי':67,111 'לפיו':199 'לפיקוח':250 'לפניות':44C,173 'לפרסום':242 'לפרסם':133 'לציבור':66,204 'לקבל':77,92 'מבטא':88 'מדורגת':234 'מדיניות':254 'מהיר':39C,168 'מהממשלה':94 'מהעולם':182 'מובילה':211 'מחויבות':42C,132,171 'מטעמים':153 'מידע':78,93,109,134,139,146,150,273 'מיישמת':253 'ממשל':34A,255 'ממשלתי':217 'ממשלתיים':223,244,262 'מנגנונים':248 'מנהל':3B 'מסחריים':160 'מסירת':149 'מסמך':201 'מסמכים':60 'מערכת':240 'מפעילה':215,239 'מציין':103 'מקוון':218 'מקיימת':194 'מקיפה':241 'משנת':191 'משק':11B 'נגיש':203 'ניו':232 'נרחב':259 'נתונים':261 'סודות':159 'סוכנויות':82 'סירוב':144 'עולמיים':238 'עולמית':212 'עותקים':58 'עיקרון':195 'על':79,98,148 'עם':26B,188 'פומביות':197 'פורטל':216 'פיננסי':246 'פעולות':62 'פרטיות':157 'פרי':1B 'פרלמנטרי':251 'פרסום':258 'פתוח':256 'צה':5B 'ציבורי':126 'ציבוריות':33B 'קבלת':230,266 'רמת':116 'רק':152 'רשויות':40C,130,169 'רשמי':202 'שבדיה':183 'שיפוטית':164 'שיתוף':263 'של':59,69,73,81,106,154,196,260 'שמסוכנן':65 'שנוצרו':97 'שקוף':35A 'שקיפות':117,190,237 'תהליכי':229 'תיקון':84 'תקציבים':243",,,,17,2024-07-26 07:30:21.442079,f
14,24,2024-07-07 11:50:28.860572,0,,3,0,,0,300,2023-08-07 16:58:45.084458,,"","'guy':4B 'jana':5B 'אזרחים':7C,15 'אנה':3B 'בישראל':13C,21 'ג':2B 'גיא':1B 'הצעת':6C,14 'השופטים':12C,20 'חוקה':9C,17 'כותבים':8C,16 'לחוק':10C,18 'למינוי':11C,19",,,,26,2023-08-07 16:59:00.694484,f
15,24,2024-03-21 09:46:29.965711,0,,0,1,,0,1,2023-08-07 17:04:34.857165,,"","'guy':4B 'jana':5B 'אנה':3B 'ג':2B 'גיא':1B 'הישראלי':8C,15 'המכון':7C,14 'הצעת':6C,13 'לדמוקרטיה':9C,16 'לנושא':10C,17 'מינוי':11C,18 'שופטים':12C,19",,,,27,2023-08-07 17:05:12.802316,f
16,24,2024-03-21 09:46:30.010561,0,,0,0,,0,1,2023-08-07 17:06:27.510475,,"","'guy':4B 'jana':5B 'אנה':3B 'ג':2B 'גיא':1B 'הועדה':11C,19 'הצעת':6C,14 'והקואליציה':9C,17 'לוין':8C,16 'למינוי':12C,20 'לנושא':10C,18 'רוטמן':7C,15 'שופטים':13C,21",,,,28,2023-08-07 17:06:31.88194,f
17,24,2024-07-07 11:50:28.812876,0,,0,0,,0,1,2023-08-07 17:07:45.266482,,"","'guy':4B 'jana':5B 'אנה':3B 'ג':2B 'גיא':1B 'הועדה':11C,19 'הנשיא':9C,17 'העם':7C,15 'הצעת':8C,16 'למינוי':12C,20 'לנושא':10C,18 'מתווה':6C,14 'שופטים':13C,21",,,,29,2023-08-07 17:07:56.367405,f
18,64,,0,,0,0,,0,1,2023-08-17 07:35:16.219633,,"","'14':11C 'andrei':1B 'peri':2B 'אזרח':20C 'בפעילות':4A 'חייב':9C 'ידי':18C 'יום':12C 'כל':14C,19C 'לספק':13C 'מוסד':7C 'מוסדות':5A 'מסמך':15C 'על':17C 'ציבורי':6A,8C 'שיידרש':16C 'שקיפות':3A 'תוך':10C",,,,30,,f
19,64,,0,,0,0,,0,1,2023-08-17 09:05:59.747345,,"","'14':39 'andrei':1B 'peri':2B 'או':63 'אזרח':21C,48 'אחר':19C 'אשר':70 'באופן':61 'בחוק':30 'בחוקתן':74 'בטחוני':53 'היה':49 'השלטונית':28 'השקיפות':27 'והמסמך':50 'וכל':20C 'זה':73 'חייב':9C 'חלקי':64 'חשיפתו':60 'ידי':16C,46 'יום':40 'יידרש':54 'ייקבע':29 'יסוד':31 'יספק':37 'ישנן':65 'כגון':67 'כל':11C,17C,41,47 'לכך':44,55 'לספק':10C,14C 'לשמור':24 'מדינה':6A 'מוסד':7C,18C,35 'מוסדות':5A 'מיסמות':71 'מלא':62 'מנת':23 'מסווג':51 'מסמך':12C,42 'סווג':52 'על':15C,22,25,45,59 'עקרון':26,72 'פעילות':4A 'צדינות':66 'צו':56 'ציבורי':8C,36 'צמהל':32 'קוסטה':68 'ריקה':69 'שופט':57 'שיורה':58 'שיידרש':13C,43 'שכל':34 'שקיפות':3A 'תוך':38 'תקין':33",,,,31,,f
20,37,2024-03-21 09:46:30.074725,0,,2,0,,0,200,2024-03-11 17:44:14.711293,,https://www.youtube.com/watch?v=rUomp8fml_Y&ab_channel=MoodFeelings,'cohen':2B 'orly':1B 'ביעחיאח':14 'הצעת':5C 'וועדגג':11 'חוק':6C 'חוקה':8C 'ךלדיוע9ו':9 'כ':12 'לכינון':7C 'מויגוןע':10 'מינוי':3A 'נסיון':13 'שופטים':4A,,,,33,2024-03-11 17:45:09.220563,f
21,68,,0,,15,4,,0,1500,2024-03-17 10:04:30.996462,,https://www.youtube.com/watch?v=8cAAo5ViF2o,"'/legislation/processes/30/draft_versions/36':658 '1.10.1948':156 '7':540 '77':555 '777':573 '7777':601 'decide.huka.co.il':657 'decide.huka.co.il/legislation/processes/30/draft_versions/36':656 'או':64 'אולם':293 'אופן':384 'אותה':57,109 'אותם':320 'אזרח':536 'אזרחי':12C,33 'אזרחים':8A,541,556,574,602 'אחוז':626 'אחראי':464 'איך':11C,339 'אינה':233 'אינו':489 'אינם':296 'אישור':217 'אלא':493 'אלה':529,618 'אלו':267 'אמון':334 'אמורה':163 'אמורות':168 'אמורים':259 'אמנה':30 'אנו':222 'אסיפה':152,455 'אשר':256,268,457 'את':37,51,194,216,240,271,287,341,349,375,376,436,441,475,491,499 'באזור':647 'באים':223 'באין':281 'באתר':646 'בגיבוש':115 'בדמוקרטיה':16C 'בדרך':212 'בהיותה':244 'בהם':44 'בהצעה':524 'בהצעות':495 'בהתאם':321,368,408 'בחברה':430 'בחוקה':84,111,178,392,467 'בחירות':170 'ביחד':15C 'ביטוי':435 'בין':32,481 'בישראל':19C,27,137,209 'בית':283 'בכלל':24 'במגילת':145 'במוסדות':337 'במטרה':432 'במסגרת':190,199,366 'במסמך':639 'במצב':140 'בנושא':568 'בסיוע':351 'בעל':512 'בעלי':565,628 'בעלת':97,245 'בפועל':270 'בפני':123,406 'בפרק':389 'בצוות':478,591,614 'בציבורים':428 'בקרב':563 'ברגע':619 'בשאיפה':421 'בשלה':576 'בתמיכה':538 'גופי':73 'גורם':332 'גפני':3B 'דוגלת':43 'דומות':548 'דורשים':85 'דיון':561,588,611 'דמוקרטיה':128 'ה':155 'האזרח':69 'האזרחים':89,117,133,219,347,438,506,634 'האחר':119 'האסיפה':160,182,198 'האפשר':427 'האתגרים':121 'הבחירה':630 'הבנת':120 'הבסיס':377 'הבעיה':139 'הגדיר':286 'הגדרה':70 'הדבר':179 'הדיון':110,398,643 'ההסכמות':126 'ההצעה':596,640 'ההצעות':500 'הוא':147,454,510 'הולכת':522 'הוקם':208 'הזה':141 'החברה':124 'החדשים':172 'החוקה':82,159,265,272,345,350,356,358,391,400,439,450,453,492,509 'החוקים':101 'החלטות':61 'החלטת':200 'החקיקה':648 'הטיוטה':654 'היא':29,230,631 'היו':167 'היום':136 'היותר':420 'היחיד':143 'הייתה':162 'הינה':96 'הינו':112 'היסוד':289,295,313,372,443 'הישראלית':431 'הכינון':367,385,484,488,592,615 'הכנסת':277 'הכריזה':184 'הכרת':118 'הליך':354 'הם':266,363 'המדינה':34,54,77,79,174,276,609 'המחוקקת':189,232,247,303 'המטיבה':130 'המיעוט':93 'המכונן':196 'המכוננת':161,183 'המלא':636 'המנגנון':446,451 'המעבר':192,516 'המצב':342 'המרכיבות':56 'המשטר':74 'המשכיות':383 'המשפט':284 'הנוסח':635 'הסיבה':301 'הסכמה':86 'הסכמית':129 'הסמכות':246 'העדר':325 'העומדים':122 'העליון':285 'העצמאות':146 'העקרונות':38 'הערות':586,594,617,652 'הערכים':39 'הפוליטיים':323 'הפועל':211 'הפעולה':41 'הפרק':394 'הצוות':476 'הציבור':243,255,309,336,370,407,497,580,595 'הציבורי':644 'הציווי':142 'הצעה':502,532,534,542,544,557,559,575,577,603,605 'הצעות':547 'הצעת':7A 'הקבוע':177 'הקואליציה':318 'הקיים':144 'הקיימים':373,444 'הראשוני':378,637 'הריבון':218,242,310 'הררי':201 'הרשות':188 'השווה':624 'השיתופית':649 'השלטון':338 'השתלשלות':227 'השתתפות':415 'השתתפותית':17C 'התהליך':410,448,507,531 'התוצאה':225 'התקנות':102 'ו':63 'ואילו':193 'ואינם':106 'ואת':220 'וביניהם':58 'וגדלה':523 'וגיבוש':125 'ודרכי':40 'והאישיים':324 'והאפשרות':401 'וההוראות':103 'והיא':35 'והמכוננת':248 'והסמכה':71 'והערות':496 'והקהילות':55 'והשקעה':525 'והתקיים':587 'וחברי':317 'וחובות':68 'ויש':549 'ויתעדכנו':365 'וכלל':100 'ולאחר':165 'ולגבש':498 'ולו':299 'ולמה':23 'ולראייה':311 'ומבנה':357 'ומגוון':418 'ומה':138,447 'ומהווה':331 'ומוגבלים':262 'ומומחים':567 'ומעוניינת':45 'ומשאביה':80 'ומשפט':206 'ונמצאת':645 'וסמכותם':258 'ועברה':610 'ועדת':203 'וצברה':569 'ושינויים':83 'ותהשתתף':477 'זה':221,393 'זהו':250 'זו':21,229,396 'זכויות':67,92 'זכות':629 'זמן':583 'חברתית':31 'חוכמת':437 'חוסר':328 'חוק':4A,191,205 'חוקה':6A,10A,18C,22,26,28,49,95,149,204,237,282,298,326 'חוקי':279,288,294,312,371,442 'חוקקה':278 'חלק':113,360 'חקיקה':65 'טכנולוגיה':413 'טרומית':533 'ידי':151,236,264 'יהוו':374 'יהיה':463 'יהיו':404,470 'יוצר':327 'יותר':527 'ייקבע':388 'יכולים':107 'יכוננו':14C,348 'ים':94 'יסוד':53,280 'יעל':1B 'יציבות':329 'יש':135 'ישראל':13C 'ישתנו':364 'יתבסס':411 'כ':290 'כאחד':249 'כאן':655 'כאשר':515 'כוחם':257 'כולל':386 'כוללים':314 'כותבים':9A 'כינון':5A,62,81,148,158,355,390,460 'כך':207 'ככל':419,426 'כל':461,482 'כלל':132 'כפופים':104 'כפרלמנט':187 'כריבון':346 'כשלים':315 'ל':202 'לא':180,214 'לאורך':273 'לאחר':157 'לאישור':308,505,633 'לאפשר':382 'לבטא':239 'לגבי':399 'לגביה':562 'לדון':494 'לה':105,550 'להביא':433 'להגיע':422 'להידרש':307 'להיות':260 'להעיר':584,651 'להערות':607 'להתפזר':164 'להתקיים':169 'לחוסר':333 'לחוקה':292,379 'לחיות':46 'לחצי':625 'לידי':434 'לכדי':501 'לכונן':490 'לכינון':344,449,452,508 'לכל':468 'לכלל':579 'למוסדות':171 'למכנה':423 'לנהל':474 'לסתור':108 'לפחות':554,572,600 'לציבור':582 'לצרכיהם':322 'לצרכים':409 'לרצון':369 'לשלב':518,642 'לשנותה':402 'לשנותם':305 'לתקן':224 'מבטאת':36 'מביאה':397 'מבלי':306 'מגובשת':543 'מגילת':66 'מה':20,134,445 'מהווים':297,359 'מהותי':114 'מהחוקה':361 'מובאת':632 'מובהק':253 'מוגבלת':234 'מוגדרים':261 'מוגמרת':503,604 'מומחים':352 'מחוללים':127 'מכוננת':153,456 'מכן':166 'ממספר':627 'ממשל':210 'מן':300 'מנת':381 'מסדירה':50 'מספר':513,622 'מסרה':197 'מצוותי':459 'מצורף':638 'מצריך':519 'משאבים':528 'משותף':424 'משלב':517 'משנים':319 'משפטית':99 'משק':76 'מתקדמת':558 'נבחרי':254 'ניגוד':251 'ניתן':581,650 'נתקן':340 'עברה':641 'עד':154 'על':47,150,175,185,235,263,380,412,465,593,616,653 'עליה':585 'עליונות':98 'עם':131,546 'עניין':566 'עניינים':252 'ענינים':228 'עצמה':186,362 'עקרונות':52,75,343 'פי':176 'פיהם':48 'פרק':466 'פתוח':590,613 'פתוחים':405 'צברה':597 'צוברת':621 'צוות':462,469 'צוותי':483,487 'ציבור':416 'ציבורי':589,612 'ציבורית':521 'צריך':25 'קבלת':60 'קהילת':116,551 'קהלים':564 'קובעים':269 'קיבלה':215 'קיום':275 'קרה':181 'רבים':316 'רחב':417,425 'רחבה':87 'רכזים':472 'רצון':241 'רשאית':304 'רשויות':608 'שאמורה':238 'שההצעה':620 'שהובאה':606 'שהחברה':42 'שהצעה':395 'שהרשות':231,302 'שהתאחדה':545 'שהתקיים':560 'שונים':353,429 'שזכתה':537 'שחם':2B 'שינויים':387 'של':72,88,173,226,335,486,526,535,539,553,571,599 'שלבי':530 'שלבים':514 'שלושה':471 'שלטונית':330 'שמאפשרת':414 'שמובאת':504 'שמירת':91 'שמעולם':213 'שמתאם':480 'שנות':274 'שפורסמה':578 'שתפקידם':473 'תהליך':511 'תהליכי':59 'תוך':90 'תומכים':552,623 'תורכב':458 'תחליף':291,440 'תיאום':479 'תמיד':403 'תמיכה':520,570,598 'תפקידה':195 'תפקידם':485 'תקציב':78",,,,34,2024-03-19 09:42:08.182541,f
22,68,2024-03-21 08:42:25.586379,0,,0,0,,0,1,2024-03-18 17:45:03.467367,,"","'123':7 'בדיקה':4A,6C 'גפני':3B 'זו':5C 'יעל':1B 'שחם':2B",,,,35,,f
23,68,2024-03-21 09:46:30.108097,0,,0,0,,0,1,2024-03-19 18:47:45.984943,,"",'גפני':3B 'ההצעה':10 'הסבר':7C 'הצעה':4A 'זה':6C 'זו':9 'חדשה':5A 'יעל':1B 'קצר':8C 'שחם':2B,,,,36,,f
24,1,2024-07-07 11:50:28.885183,0,,0,0,,0,1,2024-03-25 16:30:36.707581,,"","'admin':1B 'בדיקה':2A,5C 'ברוך':4A 'וטסט':6C 'של':3A",,,,40,,f
25,68,,0,,0,0,,0,1,2024-04-04 06:00:20.336075,,"",'גפני':3B 'הבטחון':7B 'וכוחות':6B 'יעל':1B 'כותרת':8A 'ל':5B 'צה':4B 'שחם':2B 'תוכן':10 'תקציר':9C,,,,42,,t
26,64,,0,,0,0,,0,1,2024-05-02 06:03:07.426478,,"","'14':25A,40C,55 'andrei':1B 'peri':2B 'המדינה':10B,13B,15B,18B 'המוניציפאלית':4B 'הרשות':3B 'התח':33A 'התחום':48C,63 'חברות':5B 'חוק':7B 'ידי':31A,46C,61 'יום':26A,41C,56 'יסוד':8B,17B 'יענה':22A,37C,52 'כל':19A,34C,49 'לפנייתי':23A,38C,53 'מבנה':11B 'מבקר':14B 'מנהל':32A,47C,62 'מנומקת':29A,44C,59 'משק':9B 'משרד':20A,35C,50 'על':30A,45C,60 'עם':27A,42C,57 'עקרונות':16B 'ציבורי':36C,51 'ציבוריות':6B 'צמלכתי':21A 'רשויות':12B 'תוך':24A,39C,54 'תשובה':28A,43C,58",,,,43,,f
27,82,,0,,3,1,,0,300,2024-05-14 10:27:48.393522,,"","'1':24A,76 '18':83 '2019':195 '2020':28C,99,144 'א':61 'או':39C,85,113,216,266 'אורחים':267 'אותה':193 'אותן':115 'אזרחי':107,172 'אחוז':133 'אכלוס':59C 'אליהן':239 'אנשים':234 'אסתיה':1B 'אשר':145,187 'את':185,207,274 'ב':89 'באופן':240 'באמצעות':53C 'בדירות':111 'בהן':262,270 'בחוזה':244 'בינואר':98 'בכל':79 'בלבד':123 'במהלך':82 'במיוחד':174 'במקום':253 'בנוסף':66 'בנקאית':200 'בעל':50C 'בעלי':62,101,118 'בשנת':27C,143,194 'בתמורה':254 'בתקופות':261 'ג':100 'גזע':3B 'ד':124 'דיור':177 'דירה':129,181 'דירות':25A,63,92,102,136,236 'ה':233 'האוצר':33C,142 'האפשרות':205 'הבעלים':264 'הגבוה':212 'הדיירים':272 'הדירה':75,78,251 'הדירות':60C,127 'ההפרש':208 'הון':161 'הועבר':29C 'הזמניים':273 'החלק':226 'הטבע':7B 'היה':49C,188 'היחסי':227 'היתה':158 'הכנסה':71 'הלאמה':219 'המבנה':258 'המגזרים':229 'המדינה':10B,14B 'המיסוי':90,96 'המיסים':157,186 'המקום':275 'המקרקעין':17B 'הנכס':88 'הפסד':34C 'הצבעה':120 'השנתית':68 'התשלום':134 'ו':112 'ובנק':19B 'וגם':57C,162 'וההורדה':155 'והלאה':138 'והתחולה':259 'ויגורו':252 'ויוכשרו':220 'ולזוגתו':150 'וללא':214 'ולתשלום':69 'ומעלה':183 'ועם':198 'ושלא':104 'ושמירה':256 'זאת':148 'זה':48C,248 'זוגתו':54C 'זמני':245 'חוזר':94 'חוטר':2B 'חוק':4B,11B,15B,30C,47C 'חלק':23A 'יגיעו':263 'ידי':140 'יוודאו':249 'יוכלו':109 'יכולה':159 'יכולת':119 'יסוד':5B,9B,12B,16B 'יעברו':218 'יפנו':271 'יצטרכו':242 'יצר':147 'יש':55C 'ישיר':52C 'ישלמו':65,184 'ישראל':20B,108,117,173,232 'כדי':164,237 'כל':125,178 'כמסתמן':44C,146,163 'כשקיימת':175 'ל':168,203 'לאזרחי':116 'לארנונה':67 'לבחירות':121 'לדולר':210 'להגיע':238 'להיות':95 'להכניס':160,165 'להשכירן':243 'להשקעה':26A,43C,64,93,103,105 'לו':191 'לוודא':58C 'לטובת':171 'לכופת':32C 'לכנסת':122 'למגורים':221 'למדד':197 'למי':246 'למכור':114 'למס':70 'למעט':260 'למקום':265 'למשקיעים':201 'לנכסים':137 'לפי':225 'לשכן':110 'לשלם':190,206 'לתחזוקה':255 'לתקן':56C 'מאות':36C 'מאחר':149 'מבוסס':154 'מבין':230 'מדד':211 'מדירות':41C 'מהשניים':213 'מחו':167,202 'מטבע':18B 'מטעמם':268 'מי':45C,179 'מיליארדים':40C 'מיליוני':37C 'מכירת':87 'מס':81 'מערך':77 'מעת':131 'מצוקת':176 'משאבי':6B 'משק':13B 'משקיעים':166 'משרד':151 'ן':22A,153 'נדיר':241 'נדל':21A,152 'עד':86 'על':73,91,135,139,257 'עליהם':189 'עניין':51C 'עקרונות':8B 'צמוד':196,209 'ראשונה':130 'רווחי':74 'רוכשי':126 'רחוב':224 'ריבית':199,215 'רכשו':192 'שאינם':106 'שאינן':128 'שאיננו':170 'שבעבור':247 'שגרם':31C 'שהבניינים':217 'שהיה':97 'שהעלה':46C 'שוכני':223 'שינוי':132 'של':35C,156,222,228 'שמשלמים':72 'שניה':182 'שנים':84 'שנרכשו':42C 'שנת':80 'שקלים':38C 'שר':141 'שרכשו':180,235 'תהליך':169 'תושבי':231 'תינתן':204 'תקופות':269 'תקינות':250",,,,45,2024-05-14 10:29:13.128826,f
28,82,,0,,1,0,,0,100,2024-05-14 10:55:06.293698,,"","'100':109 'או':33C,54,134,140,192 'אזרחי':26C,65 'אי':37C 'איכות':168 'אינם':20C 'איננו':183 'אירועים':190 'אלא':24C,131,186 'אם':98 'אנשים':30C 'אספקת':160 'אסתיה':1B 'אפשרויות':174 'ארוכות':34C 'את':67,138,148,155 'ב':108 'באגרות':84 'ביטוח':14A,18C,49,59,111,120,145 'ביטוחית':87 'בינלאומית':88 'בית':135 'במשק':200 'בעקבות':128,143,163,189 'בערוצים':95 'בשנת':72 'בתקופות':31C 'גבוהה':101 'גדולים':127 'גזע':3B 'גם':97 'האוצר':23C 'הגנה':188 'החולים':133,136,154 'החלק':90,156 'הידועים':69 'היחסי':157 'הכנסה':46C,196 'הכסף':180 'המבצעת':58 'המדינה':9B 'המחירים':106 'המיועדת':150 'המינימום':199 'הנדרשים':70 'הנותר':82 'הנכות':139 'הנעה':176 'הסכומים':68 'הפגיעה':141 'הפחותה':197 'הצעות':4B 'הקצבה':149,165 'הריבית':99 'הרשלנות':144,164 'ואת':80 'ובהגנה':86 'ובנק':11B 'ויקבל':152 'וכדומה':48C 'ומקומית':89 'ונוחות':179 'ונכויות':40C 'ונפשיות':42C 'זהה':78 'זמניות':32C 'חד':125 'חודשית':166 'חוטר':2B 'חיים':169 'חיסכון':25C,185 'חסרי':45C 'טווח':35C 'יוסיף':75 'יושקע':94 'יממנו':137 'ימנע':51 'ינתנו':114,123 'יסוד':8B 'יציאה':193 'ישלם':147 'ישמור':61 'ישקיע':83 'ישראל':12B,66 'כהלוואה':115 'כושר':38C 'כל':81 'כלליות':5B 'כספי':13A,17C,110,119 'כספים':53,56 'כתגבורת':79 'לא':100,113,122 'לאומי':15A,19C,50,60,112,121,146,182 'לביטוח':181 'לגמלאות':194 'להלוות':52 'להעביר':55 'לחוקה':6B 'לטובת':27C,159 'ליולדות':47C 'למדד':105 'לנכה':151 'לנכים':178 'לפנסיונרים':44C 'לצרכי':29C 'לצרכן':107 'לרשות':57 'לשימוש':22C,71,93 'מבוססים':96 'מבית':153 'מההכנסות':62 'מההפרשות':63 'מטבע':10B 'מיוחדים':162 'מיועד':92 'ממשלתיות':85 'מס':21C,73 'מסויימת':74 'מענה':28C 'משום':116 'משכר':198 'מתאימות':177 'סיבה':117 'סכום':77 'עבודה':39C 'עוד':76 'עזרה':171 'עם':195 'עקרונות':7B 'ערוצים':102 'פיזיות':41C 'פלוס':170,173 'פעמיים':126 'צמודה':172 'צמודים':104 'צרכים':161 'קופת':132 'קנסות':124 'קצבאות':43C 'קרן':184,187 'קשים':191 'רפואית':130 'רשלנות':129 'שאיננו':91 'שהיא':118 'שיהיו':103 'שימושים':16A 'של':36C,64 'שמשולם':158 'שנוצרה':142 'תאפשר':167 'תנועה':175",,,,46,2024-07-25 08:43:25.841647,f
29,82,,0,,3,1,,0,300,2024-05-14 11:09:53.533206,,"","'או':146,152,165 'אותו':42C 'אי':121,156 'אינם':45C 'אינן':86 'אישור':31C 'אלו':111 'אמורים':46C 'אנשים':28C,95 'אסתיה':1B 'אשר':38C,85 'את':51C,129 'בגובה':79 'בגפיים':140 'בהכרח':100,113 'בזמן':116 'בחשבון':88 'ביטוח':7B,14A,73 'ביטוחי':104 'במהלך':41C 'במשכורות':97 'במשק':132 'בנכות':18A,26A,71,119 'בעבודה':155 'בעיות':83,148 'בעת':67 'בקשה':16A 'בריאות':84,110,149 'בשכר':20A 'גזע':3B 'הבקשה':24A,69,135 'הגוף':150 'הגשת':23A,68,134 'ההבראה':164 'הזמן':43C 'הכרה':118 'הם':44C 'המגבלות':127 'המונעת':142 'המינימום':52C,55C,81,131 'המתגברות':154 'הנדרש':53C,56C,117 'הנפש':153 'העניין':39C 'הצעות':4B 'הרגע':36C 'ו':151 'ובעיות':109 'ועד':37C,136 'זמן':34C 'זמני':159 'זמניות':11B 'חובה':48C 'חוטר':2B 'חשוב':61,125 'טרום':77 'יאפשרו':114 'יותר':147 'יכולים':101 'יכולת':92 'יקבלו':128 'ישיבה':143 'יתחיל':72 'כאשר':27C 'כושר':107,122,157 'כיסוי':103 'כלליות':5B 'לא':99,112 'לאומי':8B,15A,74 'לאי':106 'לאי-כושר':105 'לאנשים':63 'לאפשר':49C,62 'להכרה':17A,25A,70 'להם':50C 'להעביר':75 'להתפרנס':93 'לוקח':33C 'לחוקה':6B 'לכן':65,124 'למחיה':54C,57C 'לממן':102 'למרות':89,120 'לעבוד':47C 'לקבל':30C,115 'לשרוד':64 'לתפקד':138 'מאותו':35C 'מונעות':91 'מזכה':19A 'מחלה':141 'מיד':66 'מינימום':13B,21A,60C 'מסתיים':40C 'מעת':133 'מציאת':166 'מקיימות':82 'מתאימה':168 'מתאריך':22A 'נכויות':10B 'נכות':32C,78 'נכים':9B 'נלקחות':87 'נמוכות':98 'נקרא':58C 'עבודה':108,123,158,167 'עד':160 'עובדים':96 'פגיעה':139 'פונים':29C 'פיתרון':162 'קצבת':76 'רפואי':163 'רצופה':144 'שבעלי':126 'שהן':90 'שיחזרו':137 'שימצא':161 'שכר':12B,59C,80,130 'שעתיים':145 'תקופתית':94",,,,47,2024-05-14 11:10:31.197766,f
30,82,,0,,2,0,,0,200,2024-05-14 11:15:11.808219,,"","'או':44 'אזרחי':59 'אסתיה':1B 'את':57 'ביטול':21A 'במקרים':54 'בעלי':42 'גזע':3B 'האחרים':61 'החסינות':51 'הכנסת':6B 'הם':48 'המדינה':9B 'הממשלה':12B 'הנהגים':45 'הצעות':18B 'השפיטה':15B 'זהירה':40 'ח':27A 'חברי':29A 'חוטר':2B 'חוק':4B,7B,10B,13B 'חסינות':17B,22A,34C,43,53 'יסוד':5B,8B,11B,14B 'ישראל':60 'כ':28A 'כאלה':55 'כלליות':19B 'לא':32C,39 'לחוקה':20B 'לעיתים':47 'ממשלה':30A 'מניעת':16B,52 'מתאונות':62 'נהיגה':38 'סיכון':58 'עבירות':24A 'עברות':36C 'על':23A,35C 'שופטים':31A 'של':26A,41,50 'שלהם':46 'תהיה':33C 'תוצאה':49 'תנועה':25A,37C 'תפחית':56",,,,48,2024-07-25 08:26:55.794537,f
31,82,,0,,4,0,,0,400,2024-05-14 11:30:55.588185,,"","'1':66 '2':68 '3':72 '4':63,78 'אזרחי':86 'אין':96 'אינם':88 'אך':82,103,113 'אלא':90 'אלו':110 'אם':119 'אסתיה':1B 'את':32C 'באיזו':106 'בהם':61 'בישראל':50C 'בעלי':24A,39C 'בתהליך':70 'גזע':3B 'גם':43C,114 'הדתות':46C 'הורשעו':122 'הכוללת':31C 'הכנסת':7B 'הם':97 'המגזרים':45C 'המדינה':10B 'הממשלה':13B,34C 'הנשיא':4B,33C 'השכבות':47C 'השפיטה':16B 'השפעה':40C 'התרבותיות':48C 'ואנסים':21A 'ואנשים':38C 'והכלכליות':49C 'וכך':42C 'ולהגן':54 'וממון':41C 'חבי':35C 'חובה':26C 'חוטר':2B 'חוק':5B,8B,11B,14B 'חייבים':98 'חסינות':25A 'יהיו':62 'ילדיהם':94 'ילדינו':56 'יסוד':6B,9B,12B,15B 'ישראל':87 'כדי':51,111 'כולל':22A 'כזכות':95 'כנסת':36C 'לא':74,84,121 'לדעת':105 'להגן':112 'להם':116 'להמתין':99 'להנות':117 'להתגונן':53 'לפגוע':60 'לפרסם':27C 'לתהליך':101 'לתת':115 'מהספק':118 'מורשעים':67 'מי':58,91 'מכל':44C 'מפני':57 'משפטי':71,77,102 'נגדם':80 'נחקרו':85 'נמצאים':69,108 'נפתחה':79 'נפתתח':75 'סוגי':64 'עדיין':73,83,120 'על':55,93 'עליהם':104 'פדופיליה':17B 'פדופילים':20A,30C 'פרסום':18A 'קטגוריה':107 'רשימות':19A,28C,65 'שופטים':37C,89 'של':29C 'שמגינים':92 'שמות':23A,109 'שנוכל':52 'שנים':100 'שעלולים':59 'תיק':76 'תלונה':81",,,,49,2024-05-14 11:31:32.578392,f
32,82,,0,,3,1,,0,300,2024-05-14 11:42:29.236586,,"","'אין':36C 'אסתיה':1B 'בחברה':49C 'במשרדי':47C 'ברשויות':43C 'ברשימות':28A 'גזע':3B 'דתי':52C 'הכנסת':11B 'המבצעת':46C 'המדינה':14B 'המחוקקת':45C 'הממשלה':17B 'המקבל':54C 'הצעות':4B 'השופטת':44C 'השפיטה':20B 'ואנסים':30A,32C 'וארגון':50C 'וכל':53C 'ועובדי':26A 'זכות':39C 'חברות':7B 'חוטר':2B 'חוק':9B,12B,15B,18B 'יסוד':10B,13B,16B,19B 'כזה':38C 'כלליות':5B 'להשתכר':40C 'לחוקה':6B 'לסוג':37C 'מידיים':22A 'מימון':55C 'ממשלה':48C 'ממשלתי':51C,56C 'מעבודה':41C 'נבחרי':24A 'נפש':34C 'פדופילים':29A,31C 'פיטורים':21A 'ציבור':25A,27A 'ציבוריות':8B 'ציבורית':42C 'קורבנותיהם':35C 'רוצחי':33C 'של':23A",,,,50,2024-05-14 11:42:35.960275,f
33,82,,0,,3,0,,0,300,2024-05-14 11:53:09.301593,,"","'0.1':180 '000':399 '1':162,310 '1.1':198 '10':192 '100':481 '1000':404 '2':28A,81 '2.1':290,309 '20':508 '30':335 '40':75C,100,117,175,282 '500':398 '88':297 'אגפים':158 'אדמה':293,406,433 'או':42C,328,357,371,475 'אוכלוסיה':396 'אופציה':301 'אחד':370 'אחת':476 'אישי':345 'אך':68C 'אם':187 'אנשים':48C 'אסתיה':1B 'אפשר':76C 'אפשרות':312 'אפשרית':528 'אשר':424 'את':342,377,472,539,566,587 'באזורים':434 'בבטחה':526 'בבית':447 'בגדול':196 'בדואית':250 'בה':558 'בהתאם':386 'בחוזה':420 'בחוק':45C 'בטחון':53C 'בישראל':261 'בית':295,314,392,410,428,563 'בכל':381 'בכמעט':507 'במחצית':126,140 'במילואים':58C 'במנהל':485 'במקום':190,354 'במרחק':334 'במרכז':212,218 'במשרד':159 'בני':116,174 'בעיית':259 'בעל':347 'בעצמם':191 'בעת':284 'בצבא':50C,70C,85 'בצה':39A,93,236 'בקבע':279 'בקריאה':287 'ברגל':542 'ברגע':573 'ברור':569 'ברמ':450 'ברעש':364 'ברצף':462 'בשיתוף':152 'בתי':415,588 'בתנאי':351 'גזע':3B 'גיל':74C,99,281 'ד':102,104,124,161,179,197,289,308 'דו':229 'דו-קומתיים':228 'דונם':292,405,432 'דיור':34A,66C,88,119,177 'דיירים':189 'דרוזית':249 'דתית':246 'ה':373 'האבות':413 'האדמה':182,319,448,473,483 'האוצר':375,390 'האזור':402 'האלו':226 'האפשרות':540 'הארצית':268 'הבטחון':16B 'הבטחות':513 'הבטיחו':490 'הבתים':332 'הגבול':96 'הדונם':107,165 'הדיור':260,267,350,547 'הדייר':454 'הדיירים':307 'הדרום':533 'ההגנה':86 'ההצבעות':501 'ההשבעה':144 'הוא':504 'הזכאי':456,458 'החולים':411 'החוק':286 'החזרת':135 'הטבע':20B 'הייטק':210,439 'הכנסת':6B 'הכסף':544 'הם':59C 'המבנים':225 'המדינה':9B,24B 'המחוקקת':131,147 'המיועד':256 'המיועדים':435 'המימון':378 'המערבית':338 'המתאים':394 'הנדרש':379,576 'הנדרשים':561 'הנדרשת':133,149 'הסדיר':520 'העברת':181,285 'העיר':213,231,269,385,567 'העירוניים':215 'העלול':361 'הערה':122,253 'הפעולה':132,148 'הפרטים':195 'הצדק':503 'הצהלי':277 'הקרקע':136,578 'הראשונה':128,142 'הרוצים':470 'הרלוונטי':46C 'הרשות':130,146 'השאר':343 'השטח':340 'השיכון':160 'השירות':235,276 'השירותים':214,560 'השנה':127,141 'השנים':509 'התהליך':575 'התושבים':589 'התחילו':511 'התפתחות':384 'התקיימו':515 'ו':388 'ואת':401 'ובמשמר':95 'ובנק':11B 'ובריח':365 'ובתי':412 'ודבר':495 'ודתית':242 'והאדמה':465 'והאזור':568 'והאחר':205 'והבית':183 'והדירה':474 'והם':516 'והתגייסו':518 'וועדת':154 'ויותירו':341 'וייועד':112,170 'ויכתבו':581 'ויציאה':32A 'וכדומה':67C 'וכוחות':15B 'ולהתחיל':63C 'ומרכז':216 'ועוד':552 'ופחות':118,176 'ורשתות':223,440 'ותעשיה':211 'ז':403 'זה':255 'זהות':240 'זכות':349 'ח':414 'חד':315 'חוזים':582 'חוטר':2B 'חולים':393,564 'חוק':4B,7B,17B,21B,254 'חי':356 'חייב':459 'חיים':65C 'חינם':35A,89,121,178,186,431,492 'חלק':27A,80 'חנויות':222 'חצי':202,273 'חקלאות':208 'חשבון':306,321 'ט':442 'י':103,138,451,469,480 'יבדק':125,574 'יבנה':294 'יבנו':333,419 'יהיו':227 'יהפכו':466 'יופקע':110,168 'יוצר':359 'יותר':486 'יחזיקו':353 'ייועד':407 'יכלו':60C 'ימין':543 'יממן':391,548 'יסוד':5B,8B,18B,22B 'יעזור':262 'יצא':497 'יקציב':376 'ירצו':425 'ישאר':553 'ישארו':188 'ישלמו':478 'ישראל':12B,54C 'ישרתו':57C 'כדי':463,522,529 'כולל':283,367,562 'כל':219,331,427,559 'כלב':369 'כנסת':155 'כשגרה':521 'ל':14B,40A,72C,94,237,325,418,537 'לא':245,366,496,571 'לאזרחות':33A 'לאחר':55C,443,499 'לאכלס':271 'לבחירת':129 'לבנות':313,586 'לבניה':592 'לבנייה':436 'לבניית':302 'לבסס':64C 'לגור':460 'להלן':194 'להפריע':362 'להקים':77C 'להשכרה':329 'להשתחררות':265 'להתחיל':541 'לחיות':525 'לחלק':512 'ליוצאי':114,172,493 'לימודים':551 'ליצור':257 'לישראל':87 'לכאורה':120 'לכן':330 'לכנסת':502 'ללא':263 'למבני':408 'למגורים':204 'למי':549 'למכור':471 'למכרז':583 'למסחר':438 'למשוחררי':535 'למשלימי':36A,234 'למשלימים':90 'לנ':71C 'לסינים':109,167,580 'לעיר':113,171 'לעשות':530 'לצבא':519 'לצורך':134 'לצרכיה':387 'לקבל':430 'לקבלנים':584 'לקידומו':150 'לרכוש':61C 'לרמ':137,479 'לשחרור':577 'לשימוש':326,344 'לשכנים':363 'לשמור':51C 'לשרת':395 'לתעשיה':437 'לתשתיות':380 'לתת':534 'מ':298,336 'מאז':510 'מבעיית':266 'מגורים':446,491 'מגזרית':241 'מדי':487 'מהבטחותיהם':498 'מהגדר':337 'מההחכרה':579 'מהם':111,169 'מהסדיר':538 'מהשטח':203 'מוסלמית':252 'מזון':224,441 'מטבע':10B 'מיוחד':421 'מיועדת':270 'מיליון':106,164,274 'מכן':56C 'מסחר':209 'מסיימי':82,275 'מערך':482 'מקסימלית':527 'מקצוע':62C 'משאבי':19B 'משוחרר':322 'משוחררי':416 'משניהם':477 'משק':23B,355 'משרד':374,389 'משרתים':47C 'מתחם':221 'ן':26A,79 'נביחות':368 'נדל':25A,78 'נוחה':243 'נוכל':524 'נוספת':304 'נוצרית':251 'נפרד':317 'סדיר':31A,38A,84,92 'סיום':29A 'סעיף':123 'סעיפים':101 'ספק':264 'עברית':244,247 'עד':73C,98,272,280 'עודף':554 'עיר':200,555 'על':52C,184,291,305,318,320,452,546 'עם':156,422,532 'עסק':358 'עסקי':327 'עסקית':593 'עשור':444,461 'פוליטיקאים':489 'פעמים':488 'פרברית':201 'פתרון':258 'צבא':115,173,494,506 'צדק':531 'צה':13B,324,417,536 'ציבור':207,409 'צעירה':556 'צעירים':49C 'קבלנים':423 'קומה':303 'קומתי':316 'קומתיים':230 'קיום':239 'קניות':217 'קרקע':591 'ר':299 'ראשי':157 'רעש':360 'שאינם':278 'שאנחנו':523 'שהבית':464 'שהושכר':108,166 'שהיא':570 'שהינם':97 'שהסתיימו':500 'שטח':105,163 'שטחי':206 'שיבנו':429 'שיהיו':557 'שיוצאי':505 'שיחסכו':545 'שירות':30A,37A,83,91 'שירצו':585 'שישרת':565 'שכונה':220 'שכונות':233 'של':145,153,296,339,346,383,397,445 'שלא':352,514 'שלאחר':143 'שלב':382 'שלה':468 'שלו':467 'שלוש':43C 'שלישית':288 'שם':453 'שמם':185 'שניים':372 'שנים':193 'שנקבע':484 'שנתיים':41C 'שרוצה':550 'שרתו':69C,517 'שתאפשרנה':238 'ת':323,348,455,457 'תועבר':449 'תורנית':248 'תושבים':400 'תיבנה':199 'תינתן':300,311 'תכלול':232 'תלוי':44C 'תמורת':426,590 'תקום':572 'תתבצע':139,151",,,,51,2024-07-25 08:44:07.8741,f
34,82,,0,,6,1,,0,600,2024-05-14 11:56:40.853811,,"","'-3':24A 'אדם':31C 'או':44C,76,101 'אזרחי':86,110 'איננה':104 'איננו':39C,96 'אלו':117 'אנשים':89 'אסתיה':1B 'ארגונים':77,136 'את':115 'ב':23A 'באגודות':135 'בחברה':27A 'בכספי':85 'במשפט':18A,61 'במשרדי':131 'במשרות':46C 'בעבר':120 'בתור':70 'גזע':3B 'דין':35C 'האישיות':102 'החוק':34C 'הכנסת':12B 'המוניציפאלית':16B 'המוסר':100 'המיסים':58C 'הממומן':108 'הממשלה':9B 'המקבלים':51C,80,138 'המקבלת':28A 'הרשויות':25A 'הרשות':15B 'הרשעה':17A 'השופטת':128 'השפיטה':6B 'התשלום':93 'ובארגון':26A 'ומקומות':50C 'ונמצאו':91 'ועמותות':79 'חברות':13B 'חוטר':2B 'חוק':4B,7B,10B 'חייבים':92 'יסוד':5B,8B,11B 'יעוץ':21A 'יש':62,112 'ישראל':87,111 'כאשר':65 'כדין':37C 'כזה':68 'כל':116 'כנסת':73 'כספי':56C 'כתם':64 'לאדם':67 'להיות':41C 'להם':95 'לייצג':106 'לממן':88 'למעשה':55C,83 'לעבוד':45C 'לעובדה':98 'לפטר':113 'לפעול':69 'מאה':38C 'מאפשרים':66 'מהכנסת':124 'מהממשלה':125 'מהנשיאות':126 'מהרשות':127 'מונעת':19A 'מוסדות':78 'מי':59,118 'מיד':114 'מימון':29A,52C,81,139 'מכל':121 'מכספי':109 'ממשלה':49C,72,75,132 'ממשלתי':30A,53C,82,141 'מעמדות':129,133 'משלמי':57C 'משרדי':48C,74 'משרה':20A 'משתמשים':84 'נבחר':42C 'ניהול':47C,130,134 'נציג':71 'סיבה':122 'על':33C 'עליו':63 'עמותות':137 'פרוטה':36C 'ציבור':43C 'ציבוריות':14B 'קשור':97 'ראויה':105 'רשאי':40C 'שהוא':54C 'שהוכתמו':90 'שהורשע':60 'שהורשעו':119 'שהי':123 'שירות':22A 'שלהם':103 'שנפסק':94 'שעבר':32C 'שרמת':99 'תפקיד':107 'תקציב':140",,,,52,2024-05-14 11:57:28.343033,f
35,82,,0,,5,0,,0,500,2024-05-14 12:03:59.669849,,"","'אדם':27C 'או':54C 'אולי':92 'אישה':29C 'אלימות':19A,34C 'אם':56C 'אנשים':82,89 'אסתיה':1B 'את':76 'באלימות':79 'בבית':88 'בהישג':86 'בו':81 'בחירה':23A 'ביצוע':33C 'בממשלה':42C 'במקום':80 'במשפחה':35C 'במשרדי':49C 'בעמדות':47C 'גבר':28C 'גזע':3B 'גם':93 'האזרחים':105 'האנושיות':71 'היסטוריה':31C 'הכנסת':15B 'המדינה':6B 'הממשלה':18B 'הצעות':7B 'השפיטה':12B 'ואין':96 'ובמקבלי':51C 'וגם':45C 'וכשופטים':26A 'וסרי':99 'ופדופיליות':21A 'ח':40C 'חוטר':2B 'חוק':10B,13B,16B 'חסרי':83 'חקיקה':64 'טובה':72 'ידם':87 'יהיה':57C 'יהיו':38C 'ינהגו':70 'יסוד':11B,14B,17B 'יש':73 'כ':41C 'כדי':58,62,66 'כלליות':8B 'לא':37C,46C 'להם':97 'לוודא':67 'לחוקה':9B 'לכל':103 'למושפעים':94 'לממשל':101 'למשרות':24A 'לנקות':74 'לקבל':59,63 'מבנה':4B 'מגן':84 'מהם':95 'מונעת':22A 'מי':77 'מיטיב':102 'מימון':52C 'ממשלה':50C 'ממשלתי':53C 'מסוכנים':90 'משפחתית':20A 'משפט':60 'מתוכם':75 'נדרש':100 'ניהול':48C 'נמצאים':85 'נשיא':55C 'עם':30C 'ערים':44C 'פדופיליה':36C 'פוטנציאלית':91 'צדק':61 'צודקת':65 'ציבור':69 'ציבוריות':25A 'קוד':98 'ראשי':43C 'רשויות':5B 'שופטים':39C 'שכבות':104 'של':32C 'שנוהגים':78 'שעובדי':68",,,,53,2024-05-14 12:04:31.004343,f
36,58,,0,,13,16,,0,1300,2024-07-10 16:47:04.432376,,"","'1':51 '2':125 '2.0':176,368 '3':165 '4':261 '5':363 'אבל':48C 'אג':232 'או':172,235,239,314 'אולי':173 'אופציונלי':290 'אז':338 'אחרי':354 'אידאולוגיים':117 'אידאולוגית':133 'אידאלית':27C 'אילוצים':390 'אין':123,130,336 'אינטרס':375 'אינסופיות':395 'אלא':210 'אם':88,222,333 'אמיתי':383 'אמיתית':171 'אנחנו':66 'אני':297 'אנשי':227 'אפילו':28C,41C 'ארעי':184 'את':17C,93,107,155,213,266,300,316,342,370,386 'באותה':37C 'באמת':89 'בהסכמת':81 'בחוק':282 'בחירות':394 'ביטול':285 'בין':10A 'בכל':186 'בכללותה':179 'בלבד':281 'בלי':389,391 'במחלוקת':199 'במלואן':96 'בעלי':161 'בפועל':65,113 'בצורת':77 'ברשות':254 'בשיטות':141 'בשינויים':279 'בתנאים':127 'גם':259,312,353 'גרועות':144 'דבר':217 'דלתות':158 'דמוקרטיה':67,167,174 'דמיטרי':1B 'הבטחותיו':387 'הבעיה':52 'ההגדרה':247 'ההחלטות':214 'הוא':249,289 'הוועדה':323 'הון':162 'הזה':100,344 'החוקים':347 'החלטה':206 'החלטות':195,244,301 'היסוד':95 'היתכנות':132,262,364 'הכוח':372 'הכנסת':26C,36C,64,83,178,204,302,318,326 'המבצעת':12A,209,257 'המדינה':5B 'המדיניות':59,70 'המוצא':356 'המחוקקת':15A,260 'המיועד':332 'הממשלה':8B,21C,191,284 'המסדרת':324 'המערכת':156 'הן':304 'הניסיונות':105 'הסעיף':343 'הפרדה':9A 'הפתרון':166 'הצגת':286 'הרשות':11A,14A 'השרים':33C 'התוצאה':126 'התחייבות':236 'התיקון':355 'התנאי':18C,99 'התנאים':267 'ו':111,238 'ואופוזיציות':350 'ואחרי':47C 'ואלה':303 'ובלב':97 'ובלי':393 'והשרים':225 'וזה':374 'וחייב':274 'ויוכל':384 'וכו':151 'וכל':136 'ולא':201,258 'ולאף':121 'ולכל':32C 'ומגזריים':118 'ומיעוטים':163 'ומרקב':154 'ופותח':157 'ושונה':185 'ושם':362 'ותת':189 'ותת-נושא':188 'זה':152 'ח':272 'חבר':253 'חברי':25C,35C 'חובה':50C 'חוק':6B 'חייב':22C,242,270 'חלופיות':142 'טהורה':170 'טכניים':280 'ידי':63,74 'יהיה':327 'יהיו':226 'יו':321 'יכול':219,251,295 'יכולים':351 'ימין':110 'יסוד':7B,79,277,283,288,307 'יציבה':135 'יצירתית':360 'ישיר':376 'כ':273,378 'כדמוקרטיה':56 'כואבות':146 'כוח':381 'כולנו':108 'כזאת':85 'כזה':218 'כי':291,320 'כיסאות':150 'כל':104,305,345,371 'כנ':128 'ל':109,129 'לא':49C,101,192,250,339 'לאופורטוניסטים':159 'לאסור':29C 'לבוחריו':388 'לבוחרים':237 'לבטל':16C,265,313 'לבין':13A 'לבצע':299 'להגיד':296 'להיות':23C,34C,252,271 'להציג':275 'לוחצת':202 'לח':377 'לכאורה':80 'לכן':248 'לכנסת':373 'ללא':231 'למרות':53,103 'לנקוט':140 'לסווג':106 'לעבוד':220,352 'לעשות':243 'לפוליטיקה':230 'לפחות':39C 'לפי':246 'לפני':46C 'לקבל':205 'לקואליציה':134 'לקיים':341,385 'לראש':30C 'לרה':334 'לרשות':208 'לשנות':315 'מ':76,138,224,269,293,331,335 'מבחינה':309 'מבין':24C 'מבנה':3B 'מבצעת':212 'מדובר':278 'מדי':147 'מדיניות':181 'מהותית':120 'מוגדרת':55 'מושחתים':160 'מחוץ':229 'מכירת':149 'מלאה':169 'ממוצע':379 'ממפלגתו':328 'ממשלה':31C 'מפלגה':337 'מפלגות':240 'מקבלת':216 'מקצוע':228 'משפטית':263 'משתק':153 'מתחייב':298 'מתקיים':102 'נאלץ':139 'נדה':233 'נושא':187,190 'ניתן':340 'נקבעת':60,71 'עדיף':40C 'עובדת':86 'עושה':193 'על':62,73,203 'על-ידי':61,72 'עם':42C,182,357 'עשרות':115 'פה':361 'פוליטיות':196,245 'פוליטיקאי':241 'פוליטית':234,365 'פופוליזם':148 'פורמלית':310 'פלג':122 'פלגים':116 'פרלמנטרית':57,168,175,367 'פרשנות':359 'פשרות':145,392 'ציבורית':200 'צינון':45C 'צריך':264,311 'קדנציה':38C 'קואיליציות':349 'קואליציונית':68 'קובעת':180 'קווי':78,94,276,287,306 'קיים':90 'קיימים':114 'קיצוניים':164 'קצת':358 'קרי':197 'ר':322 'ראש':20C 'רה':75,137,223,292,330 'רוב':82,91,124,183 'רוטשטיין':2B 'רק':87,211,221,256 'רשויות':4B 'שאר':346 'שבה':58,69,177 'שהיא':255 'שהכנסת':215 'שום':131,194 'שונים':119 'שיטה':84,366 'שיקבל':380 'שישראל':54 'שכולן':143 'של':44C,325,329 'שלטוני':382 'שלי':308 'שלם':98 'שלפיו':19C 'שמאל':112 'שמזכירים':348 'שמחייב':319 'שמקבל':92 'שמתאימה':207 'שנויות':198 'שנתיים':43C 'שרה':268 'תחזיר':369 'תמיד':294 'תקנון':317",,,,58,2024-07-10 16:47:27.688522,f
37,24,,0,,10,19,,0,1000,2024-07-11 08:20:27.674784,,"","'1':59,89,206 '2':64,112,266 '3':75,124,336 '4':151,389 '5':175,444 '6':494 'guy':4B 'jana':5B 'אדיר':550 'אדם':281,382,553 'או':242 'אותם':477 'אזרח':91,238 'אזרחי':19A,87,123,214,256 'אזרחיים':44C 'אחד':372 'אחוז':350 'אחרים':419 'אי':462 'אך':368,411 'אם':38C,400,469,565 'אנה':3B 'אנו':278 'אנשים':465 'אפשר':463 'את':31C,54C,61,82,95,105,209,293,319,332,394,402,501,525,560 'באה':317 'באפיקים':40C,43C 'בארץ':507,516 'בבריאות':276 'בדרגות':365 'בהסכמה':23A 'בהרבה':436 'בהתאם':263 'בהתנדבות':141,217 'בו':568 'בודדים':545 'בחברה':158,275,348 'בחוק':160,194 'בחינוך':229 'בטוח':406,412 'ביותר':367 'ביטחון':231 'ביניהם':119 'בכוח':296 'בכל':272 'בכלכלה':274 'בלי':441 'במדינה':93,335,562 'במידה':136 'במערכי':539 'במצב':396 'במקומות':222 'במשק':74 'בנו':271 'בנושאים':417 'בנטל':22A,33C,78,334,376 'בני':248 'בניה':165 'בעל':466 'בעקבות':267 'בצבא':246,330,410,535 'בצו':478 'בריאות':230 'בשיקום':302 'בשיתוף':425 'בתחומים':282 'בתי':169,541 'ג':2B 'גבוהים':189 'גיא':1B 'גם':399,440 'דברי':204 'דברים':437 'דירוג':192 'דרישות':162 'דת':10B 'האדם':297 'האזרחי':154,184 'האחרונות':269 'האיבה':505 'האנרגיה':540 'הבטחון':9B 'הביטחון':126 'הגבוהות':366 'הגיוני':290 'הגיוס':63,351,489 'ההחילונית':349 'ההצעה':26C,58,207,315,498 'הוא':224,226,291 'הולכת':452 'הזאת':499 'הזמן':526 'החברה':83,250,345,421,422,495 'החיילים':130 'החיים':561 'החקלאות':537 'החרדים':404,449 'החרדית':343,423 'הטבות':179 'היא':27C 'היום':216,556 'היכולת':480 'הכלכלה':314 'הכרחיים':73 'הלאומי':213,255 'הלאומי-אזרחי':212,254 'הם':433 'המגזרים':69 'המדינה':17B,96 'המטומטמת':503 'המיסים':286 'המישורים':273 'המכסות':149 'המריבה':502 'המשק':163,284,303 'המתגבר':506 'המתגייסים':113,146,152,185 'הנדרש':132 'הנדרשות':150 'הנוכחי':397 'הניתנות':521 'הנעשה':215 'הסביבה':234 'הסבר':205 'העזרה':430 'הערבית':251,346 'הצבא':391 'הצעה':196,471 'הצעות':12B 'הצעיר':298 'הקהילה':492 'הקורס':285 'הקריטריונים':106 'הרבה':485 'הרעיון':320 'השאר':143 'השוויון':32C 'השיח':496 'השירות':183,211,235,253,265 'השנים':268 'התנדבות':228,322 'התנהלות':445 'ואחת':373 'ואם':42C 'ואשמח':201 'ובבטחון':277 'ובמוסדות':429 'ובנות':249 'ובשירות':79 'ובתפקידים':304 'וגודלת':453 'וגם':347 'והגנת':233 'וההירתמות':490 'וההצעה':377 'וההתפרקות':497 'והחיזבאללה':512 'והמדהים':299 'והמחירים':287 'והצלה':173 'והרי':398 'והתמיכה':431 'ויאפשר':34C 'ויהפכו':311 'ויכול':558 'וכו':174 'וכוחות':8B 'ולא':340,475 'ולבחור':482 'ולהיעזר':295 'ולהירתם':416 'ולזכויות':520 'ולחייב':325 'ומאפשר':218 'ומחול':504 'ומכסה':137 'ומריבות':454 'ועדת':102 'ועוד':546 'וצעירות':67 'ושיקום':71 'ושרות':122 'ות':131 'זאת':138,360 'זה':39C,362,532 'זוהי':195 'זכאי':517 'זכאים':257 'זכות':361 'חברתית':446 'חולים':170,542 'חוק':84,101 'חיזוק':386 'חייבים':47C,355 'חייל':359 'חיילים':49C,261,357 'חינוך':168 'חלק':375 'חלקו':333 'חלקי':110 'חלקם':55C 'חסר':225 'חקלאות':164 'חריגים':103 'טובות':487 'יגדיר':178 'ידועה':424 'יוגרלו':142 'יוכלו':114 'יופנו':155 'יוצרות':460 'יורד':352 'יותר':190,486,510 'יחליט':127 'ייקחו':374 'ייתן':483 'יכול':533 'יכולים':414,434 'יסוד':16B,85 'יקבלו':187 'יש':547 'ישנה':344 'ישרת':94 'ית':92 'כאן':316 'כבודדים':81 'כבר':438 'כדאי':370 'כוח':381,552 'כולל':227,247 'כולם':46C,51C,294,354,395,529,531 'כולנו':564 'כורחם':467 'כחברה':310 'כטיוטה':198 'כל':90,326,403 'כלל':145 'כלליות':13B 'כלשהו':479 'כמו':455,530 'כמות':448 'כן':50C,369 'כסף':309 'ל':7B 'לא':45C,139,338,353,392,405 'לאומי':324,519 'לאזרח':522 'לבחור':115 'לביטוח':518 'לבנות':28C 'לגיוס':133 'לגייס':292 'לדעתי':468 'להחליט':481 'להטבות':258 'להיות':48C,356,358,534 'להכריח':464 'להלן':378 'להם':408,473 'להצלת':536 'להרים':559 'להשתמש':567 'להתגבש':200 'להתגייס':442 'לחוקה':14B 'לטיפול':70,538 'ליווי':543 'לייצר':76 'לכוח':280 'לכולם':20A,37C,88 'לכל':237 'לכלל':181 'למדינה':56C 'למנוע':312 'למען':420 'למשק':306,388 'לנו':301,308,380,548 'לנטל':493 'לעזור':415,435 'לפי':100,161,191 'לפתור':60 'לצבא':186,443,451,557 'לציבור':221 'לקבלת':107 'לרתום':65 'לשיפורה':203 'לשיקום':313 'לשנות':318 'לשרות':153,323 'לשרת':245 'לשתת':331 'לתגובות':202 'לתפקידים':156 'לתקופת':264 'לתרום':53C,474 'לתת':384,524 'מבחינת':488 'מבין':144 'מדי':134 'מדינה':11B 'מהחברה':342 'מהחמאס':511 'מהצבא':241 'מחייבת':476 'מטרת':25C,57 'מי':327,514 'מילוי':148 'מימוש':363 'מכובד':36C 'מכל':68 'מנגנון':29C,176,210 'מסיימי':252 'מסלולי':116 'מספר':97,129 'מספרים':390 'מקבלים':260 'מקום':409 'מרחיבה':208 'משוחררים':262 'משמעותי':387 'משרד':125 'משרות':111 'משרת':329 'משרתי':182 'מתגייס':555 'מתגייסים':339 'מתן':219 'נגייס':401 'נדע':566 'נדרשים':157,279,305 'נושאים':72 'נזק':461 'נכון':569 'נכונה':447 'נקרא':244 'סוציאליים':167 'סיכום':513 'עבור':528,563 'עד':147 'עזרה':172 'עכשיו':385,439,458 'על':128 'עלינו':509 'עצמי':364 'עקרונות':15B 'פוטנציאל':549 'פטור':108,109,240 'פנים':427 'פנסיונרים':544 'פעולה':426 'פתוח':236 'צבאי':121 'צבאיים':41C 'צה':6B 'צעירים':66 'צריך':393,523 'צריכים':52C 'קהילתי':428 'קונפליקט':62 'רבים':283,337,418 'רואים':457 'רווחה':232 'רחבה':24A 'רק':289,341,459 'שאותן':259 'שאמורה':199 'שאנו':456 'שבהם':223 'שהם':413 'שוויון':21A,77 'שונים':118 'שחי':515 'שיוגדר':99 'שיוכל':383 'שיחלק':30C 'שיחסכו':307 'שיינתנו':180 'שייקבעו':159 'שיקבע':193 'שירות':18A,35C,86,220 'שירותים':166 'שיש':300,407 'שכל':371 'של':321,491,551 'שלא':243,328,554 'שלה':432 'שלו':527 'שלנו':80 'שמאיים':508 'שמאפשרת':472 'שמוגשת':197 'שמתנדבת':450 'שנה':135 'שנים':98 'שעולים':288 'שפגעו':270 'שקיבל':239 'שרות':117,120 'שרותי':171 'תגדיר':104 'תגמולים':177 'תהיה':470 'תוסיף':379 'תוצאות':484 'תמלוגים':188 'תעצור':500 'תתמלא':140",,,,60,2024-07-11 08:36:08.672677,f
38,91,,0,,7,11,,0,700,2024-07-11 10:06:47.843315,,"","'..':55 '000':210 '1':67,182 '120':203 '121':16A,37,172,257,274 '2':128,212 '3':169,243 '40':209 'amir':1B 'peer':2B 'אדיר':268 'אוזניה':147 'אולי':103 'אזרחי':46 'אזרחים':211 'אזרחית':214 'אחת':71,111,131,239 'אך':281 'אלה':92,122 'אמור':302 'אצבע':175 'אשר':50,234 'את':150,153,194,283 'אתגר':231 'באופן':27C,148,156 'בבחירות':204 'בבית':42 'בדמות':44 'בהצבעות':247 'בהתקדמות':297 'בו':304 'בחברה':227 'בחוק':196 'בידי':287 'ביותר':78,137 'בין':269 'בכדי':192 'בכל':52,177 'בכנסת':102,179 'בלתי':47 'במדינה':62 'במליאה':26C,249 'בעמדתם':124 'בפלטפורמה':190,215 'בצורת':140 'ברישום':217 'בשידור':144 'בשלושה':63 'בתהליך':60 'גשר':267 'דורש':88 'דיגטלית':31C 'דיון':89 'דמוקרטיה':260 'דריסת':40 'דרך':29C 'ה':256 'האזרחים':56 'האחרונות':205 'האצבע':255 'הבוחרים':201 'הדיגיטלית':191 'ההזדמנות':151 'ההצבעה':285 'ההצעה':114 'הוא':229,266,291 'החקיקה':5B,82 'היא':38 'הישראלית':83,228 'הכנסת':10B 'הלכה':262 'המדינה':13B 'המוסף':222 'המותאימים':166 'המערכת':300 'המראיין':160,161 'המשילות':61 'הנבחרים':43 'הנבחרת':115 'הנשאל':154 'הנתמכת':77,136 'העיקרי':286 'הערך':221 'הפוליטית':301 'הצבעה':178 'הצבעות':25C 'הציבור':108,118,121,184,270,289 'הצעה':126 'הצעות':68,90 'הצעת':75,98 'הקולות':225,232 'הריכוזיים':233 'הרכב':53 'השאילתא':168 'השאלה':135 'השוטפות':248 'השונים':226 'השורה':109 'השפעה':238,279 'השתתפות':213 'התחתונה':110 'והשתתפות':24C 'ויהווה':174 'וכנה':158 'ומשאלי':6B 'ומשודר':143 'ועדה':101,104 'ועדת':106 'ז':220 'זה':198,206,258,265 'זו':127 'זכותו':195 'זמינה':32C 'ח':14A,35,170,244,272 'חדש':95 'חדשה':105 'חודשים':73,133 'חוק':3B,8B,34,69,76,91,99,264 'חוקים':21C 'חלק':59 'חלקי':202 'חשוב':293 'טרומית':85 'י':117 'יהיו':235 'יווצר':250 'יוכלו':57 'יחושב':199 'ייבחר':162 'יכול':275 'יסוד':4B,9B,12B 'יצא':207 'יצביע':173 'יצור':259 'יצטרך':185 'יצירת':39 'יקבלו':93 'ישיר':19C,28C,145 'ישירה':261 'ישתתף':246 'כ':15A,36,171,208,245,273 'כוח':284 'כלפי':125 'כמו':97 'כמספר':200 'כנסת':54 'לדיון':241 'להיווצרות':254 'להעמקה':181 'להצבעת':119 'להצעת':20C 'לכן':290 'ללא':146 'לממש':193 'למעשה':263 'לנבחריו':271 'לנושא':167 'לעבור':186 'לעלות':79 'לציבור':277 'לקבלת':138 'לקחת':58 'לרבעון':112 'לשאלות':159 'לשלושה':72,132 'לשמוע':152 'לתמוך':303 'לתת':276 'מטעם':100 'מטריית':237 'מי':295 'מיידי':157 'מייטיבה':298 'מיפוי':224 'מעורבות':18C 'מעמד':94 'מעמיק':242 'מפלגתית':49 'מצב':251 'מצולם':142 'מראיינים':165 'משאיר':282 'משיב':155 'משמעות':33 'משמעותי':280 'משרד':45 'מתוך':163 'מתועדים':123 'מתקיים':51 'נבחרי':120,288 'נוכחות':189 'נוספת':176 'נקודות':180 'ע':116 'עולה':113 'עיקריים':66 'על':80 'עם':7B,218 'עצום':230 'עקרונות':11B 'ערוץ':17C,278 'ערוצים':65 'פלטפורמה':30C 'ציבוריות':70 'ציבורית':130 'צעד':292 'קול':107,183 'קריאה':84,86 'ראוי':240 'ראיון':141 'ראשונה':87 'רגל':41 'רכבת':81 'רף':187,197 'רשימת':164 'שאילת':22C 'שאילתא':129 'שאילתות':23C 'שהמליאה':252 'שייתן':149 'שכול':294 'של':188,223,299 'שנראה':96 'שרוצה':296 'ת':219 'תחת':236 'תיבחר':74 'תלוי':48 'תלויה':216 'תמתין':253 'תעלה':134 'תשובה':139 'תת':64",,,,61,2024-07-11 10:09:22.841568,f
39,91,,0,,14,13,,0,1400,2024-07-11 10:21:32.093783,,"","'80':53 'amir':1B 'peer':2B 'אדם':18C 'אז':50 'את':64,68 'בהרבה':25 'בכדי':29 'במקור':32 'במקרה':15C,20C 'ברוב':51 'בשלטון':13C 'הגבלת':3A 'ההרס':70 'החוק':65 'הטוב':16C 'היות':35 'הממשלה':58 'המקרה':41 'העולם':27 'העכשווי':72 'הפוליטי':71 'הרע':21C 'ו8':33 'ולא':28 'ומוציא':17C 'ומכהן':42 'וקדנציות':36 'זה':23 'זמן':4A,11C,12C 'ח':54 'חוק':22 'טוב':47 'יותר':9C 'יכולות':37 'יכולתי':61 'ימשיך':56 'כ':55 'כהונה':5A 'כך':46 'כל':45,69 'לא':60,62 'להיות':38 'לכהן':59 'לציין':63 'מדעתו':19C 'מונע':67 'מידי':10C 'ממדינות':26 'ממשלה':8A,44 'משחית':14C 'קדנציות':31 'קיים':24 'קצרות':39 'קרה':40 'ראש':7A,43,57 'שהיה':66 'שחשוב':48 'שישאר':49 'של':6A,52 'שנים':34 'שתי':30",,,,62,2024-07-11 10:21:50.881804,f
40,35,,0,,9,3,,0,900,2024-07-11 13:31:46.180436,,"","'-5':75 '3':74 'amos':1B 'cohen':2B 'אנונימית':20C,56 'בישראל':32 'בשיטת':28 'דעתם':65 'הדמוקרטיה':29 'הוראת':38 'החוק':67 'החקיקה':8B 'הייצוגית':30 'הכנסת':16B,23C,34,59,72 'המבצעת':53 'המדינה':13B 'המחוקקת':51 'המפלגות':40 'הנהוגה':31 'הפרדת':17A,25C,49 'הצבעה':19C,55 'הצבעות':70 'הצעות':3B 'הרשות':50 'ובכך':46 'והרשות':52 'ומצפונם':66 'ומשאלי':9B 'חברי':22C,33,58,71 'חוק':6B,14B,54 'יאפשר':60,68 'יסוד':7B,15B 'כלליות':4B 'כעבור':73 'להם':61 'להצביע':62 'לחוקה':5B 'למעשה':47 'מבנה':11B 'מה':42 'ממשית':27C 'מצביעים':35 'משמעת':44 'מתבטלת':48 'סיעתית':45 'על':36,63 'עם':10B 'פי':37,64 'פרסום':69 'ראשי':39 'רשויות':12B,18A,26C 'של':21C,57 'שלהם':41 'שנים':76 'שנקרא':43 'תאפשר':24C",,,,63,2024-07-11 13:32:19.408038,f
41,24,,0,,9,2,,0,900,2024-07-11 15:15:01.331295,,https://youtu.be/69PU_74TDOU?si=Hbdr90y0OkBe1lP7,"'/legislation/processes/15/draft_versions/19':167 '1':93 '2':102 '3':89,114 '4':123 'decide.huka.co.il':166 'decide.huka.co.il/legislation/processes/15/draft_versions/19':165 'guy':4B 'jana':5B 'אזרחים':16A 'אחישכר':50C,80 'אלו':116 'אם':110 'אמיתית':40C 'אנה':3B 'את':27C,31C,104,150 'ב':133 'באה':54 'בהגרלה':125 'בנושא':144,153 'בעבודת':74 'בעניין':30C 'בקישור':157 'בשלב':139 'בתקן':96,118 'ג':2B 'גיא':1B 'ד':48C,78 'דיונים':137 'האחרות':152 'האינטרסים':32C 'הבעיה':68 'הגרלה':120 'ההצעה':19C,41C,52,134 'ההצעות':151 'החוק':84 'החקיקה':140 'הם':111 'המדינה':11B 'המוצע':72 'המעורבת':29C 'המערכת':36C 'המצורפת':81 'המציגים':103 'המקצועי':164 'המשרה':122 'הנושא':60 'הסמינריון':75 'העולים':124 'העולמות':58 'העומדים':34C 'הערות':161 'הפוליטיקה':28C 'הפרדת':38C 'הפתרון':71 'הצוות':163 'הצעות':143 'הצעת':15A 'הקיימת':69 'השונים':33C 'השופטים':63 'השיתופית':141 'השפיטה':8B,92,147,156 'וייצור':37C 'ויתרונות':70 'ולהוסיף':159 'ונמצאת':138 'חוק':6B,99,145,154 'חוקה':18A 'חזי':49C,79 'חלופה':56,87 'ייבחנו':108 'יסוד':7B,91,146,155 'יעמדו':95,126 'ישויות':39C 'כבר':135 'כותבים':17A 'כניסתם':130 'לאיוש':121 'לגבי':142 'לדיון':162 'להלן':20C,53 'להצעה':83 'לחוק':90 'לכל':100 'למינוי':24C,85 'למלחמת':57 'לסעיף':88 'לפי':98 'לפני':129 'לראות':149 'לשימוע':127 'לתפקיד':107,131 'לתקן':113 'לתת':55 'מבוא':51 'מבוססת':42C 'מבנה':9B 'מגדירה':21C 'מוסברים':73 'מועמדים':106 'מידע':64 'מינוי':13A,62 'מכל':115 'מלא':65 'מנגנון':12A,22C 'מקצועית':109 'מתאימים':112 'נ':132 'ניתן':148 'סביב':59 'סמינריון':45C 'עבודת':44C 'עברה':136 'עו':47C,77 'על':35C,43C,67 'עליהן':160 'עצמם':105 'פה':82,158 'ציבורי':128 'רשויות':10B 'שונה':23C 'שופטים':14A,25C,86,94 'שיוגדר':97 'שייתר':26C 'שיעמדו':117 'של':46C,61,76 'שמסביר':66 'תפקיד':101 'תתבצע':119",,,,64,2024-07-11 18:05:44.663594,f
42,82,,0,,2,0,,0,200,2024-07-13 19:33:46.844574,,"","'000':37C '1':219 '1.1.2021':401 '2':70,222,320 '2020':21A,175 '2020/2021':373 '21':327 '250':36C '3':229,297 '4':231 '5':236 '6':243 'או':194 'אולמות':33C 'אוצר':68,116 'אותה':349 'אחל':112 'אחרי':147 'אחת':312 'אירועים':34C 'אך':50C 'אלו':250,274,305 'אלמלא':98 'אלפים':167 'אמורים':89 'אסתיה':1B 'אפשרות':153 'ארנונה':230 'ארץ':97 'את':53C,91,185,277,354 'ב':296 'בבית':328 'בבנקים':285 'בגדלים':82 'בגלל':240,369 'ביותר':111 'בינוני':83 'בישראל':106 'בכל':121,168 'בכנסת':299 'במהלך':348,372 'במשק':318,338 'בנקאית':398 'בעוד':134 'בעיניי':64 'בעלי':308,365 'בעשרות':166 'בפועל':234,253 'בקשה':361 'ברורים':190 'בשנת':174 'בשעה':197 'גבוהות':27C 'גדולים':136 'גזע':3B 'גם':357 'דוחו':264 'דיפרנציאלי':344 'האחרים':216 'הארץ':199 'הבגדים':41C 'הבסיס':92 'הגישו':360 'ההכנסות':347 'ההתייחסות':103 'הוא':343 'הוגן':179 'הוגנות':207 'הון':380 'הופכים':162 'החובות':149 'החוק':295 'החזירו':52C 'החישוב':329 'החלוקה':99 'החלק':54C 'היו':88 'היחסי':55C 'היציב':94 'הכלכלי':93 'הכסף':374 'הכספים':196,278 'הלוואה':281,389 'הם':107,204,218 'המאד':74 'המגזר':60 'המדינה':13B 'המועדפים':214 'המחירים':290 'המינימום':317,337 'המכות':122 'הממשלתית':104 'המענק':331 'המענקים':173,187,258,313 'הנ':100,384 'הנהוגה':284 'הסגר':241 'הסכום':288 'העברת':294 'העסקים':378 'העצמאי':61,81 'העצמאים':301 'הערה':247,340 'הפחתת':248,346 'הפיצוי':355 'הפריבילגיות':79 'הצמדה':286 'הצעות':7B 'הקרות':110 'הקריטריונים':203,217,383 'הראשון':242 'השפיטה':6B 'התיחסות':72 'התקופה':350 'התשלום':342 'וביטול':117 'ובינוניים':144 'וגם':364 'וההמשך':120 'והלאה':22A 'והם':157 'והמגזר':80 'והרוב':130 'והתקציבית':105 'וחנק':215 'ויחשב':386 'וכץ':371 'ולא':208,262 'ולכן':76,180 'ולקבוע':188 'ומדד':353 'ועצמאים':261 'וצמוד':351 'ורווקים':322 'ורשתות':40C 'ושרי':67 'זהים':192 'זוגות':321 'זכו':108 'זעיר':85 'ח':39C 'חוטר':2B 'חומרים':237 'חוק':4B,10B 'חישובים':256 'חלק':48C,118 'חלקם':161 'חסרי':159 'חשמל':227 'יבדקו':302 'ידרשו':275 'יובשו':59C 'יוחזרו':392 'יותר':272 'יחושב':334 'יחושבו':314 'יחידות':71 'ילדים':324 'ימצא':375 'יסוד':5B,11B 'יעלה':129 'יפשטו':131 'יצירת':210 'יקבלו':356 'יש':181 'כאילו':279,387 'כאמור':341 'כדי':139 'כך':125 'כל':96,152,160,171,186,249,300 'כלכלית':202 'כלליות':8B 'כמסתמן':63,77,132 'כמעט':200 'כסף':141 'כפול':319 'ל':69,101,385,400 'לא':51C,177 'לאוצר':393 'לאחדים':212 'לאחר':345 'לבדוק':183 'לגיל':326 'לדוגמה':32C 'להחזיר':276 'להחזרת':195 'להם':333 'להרוויח':140 'לחוקה':9B 'לחלק':18A 'ליחיד':339 'ליצור':90 'לכן':391 'ללא':323 'למדד':289 'למועסקים':235 'למעשה':87 'למקלחות':109 'למרות':42C 'לנתמכי':163 'לעמוד':154 'לעסקים':260 'לפי':303,315,335,382 'לפיצוי':193 'לצרכיהם':31C 'לצרכן':291 'לקבל':362 'לקחו':388 'לשלם':45C 'לתשלומי':268 'מדד':395 'מדובר':165,254 'מההחזרים':376 'מההכנסות':251 'מהיות':113 'מהם':49C 'מהממשלה':390 'מהממשלות':124 'מהמענק':56C 'מהעצמאים':19A 'מוגדרים':191 'מזכויותיהם':119 'מחדש':184 'מחולק':62 'מי':23C 'מים':226 'מינימום':246 'ממש':178 'ממשלה':66 'מס':26C,170,269 'מסתמן':213 'מעבר':30C 'מעטים':128 'מעלויות':273 'מענק':363 'מענקים':29C,44C 'מעת':293 'מקבלי':78 'מקדמות':25C 'מקום':221 'משכורות':233 'משכורת':311 'משנת':20A 'משפחה':309 'משק':12B 'מתחת':325 'מתכלים':238 'נושא':172 'נכון':399 'נפרדות':73 'נראה':176 'נשארים':158 'נתניהו':114,370 'סבלה':201 'סוף':266 'סעד':164 'עברה':151 'עד':84 'עודף':381 'עוול':16A 'על':155,255,263 'עלויות':223 'עם':282,310,396 'עסק':366 'עסקים':142,270 'עצמאים':14A,57C,306,358 'עשירים':75 'פושטים':137,145 'פיטרו':47C 'צורך':182 'צמודי':394 'קבלו':28C,35C,280 'קטנים':58C,143 'קריאות':298 'קריטריונים':189,205,304 'ראשי':65 'רגל':133,138,146,368 'רגליהם':156 'רווח':211 'ריבית':283,352,397 'ש':38C 'שהגיע':332 'שהגיעו':259 'שהיו':252 'שהם':86,307 'שיגרתיות':225 'שכוחם':126 'שכירות':220 'שכל':198 'שכמות':148 'שכר':46C,245,316,336 'של':95,102,127,206,209,257,287,330,377 'שלא':359 'שלהם':150 'שמירה':228 'שמשלמים':24C 'שנה':267 'שנהרסו':239 'שנוצר':17A 'שנת':169 'שעסקים':135 'שפשטו':367 'שקבלו':43C,123,271,379 'שר':115 'ת':265 'תחזוק':224 'תיקון':15A 'תשלום':232,244 'תתחיל':292",,,,65,2024-07-25 08:44:43.950455,f
43,82,,0,,1,0,,0,100,2024-07-13 20:09:34.23873,,"","'iarael':78 'israel':52C 'of':44C,51C,77 'state':43C,50C,76 'או':109 'אותנו':121 'אחרות':28A 'אינם':61 'אישרו':72 'אמצע':117 'אנטישמיות':98 'אסתיה':1B 'ארץ':30C,37C 'ארצנו':24A 'את':63,74,125,130,133 'באו':143 'באנגלית':60 'בזאת':85 'בחרו':80 'בכך':156 'בלי':26A 'בן':69 'בנו':58C 'בנוגע':107 'בעברית':67 'בשמה':35C 'גוריון':70 'גורל':111 'גזע':3B 'דין':118,134 'דנים':120 'דת':12B 'האו':94,105 'הארצות':141 'הודיעו':101 'הזכויות':8B 'החברות':142 'החקיקה':19B 'הכוונה':103 'הם':53C,79,86,119 'המדינה':6B 'המילה':126 'המינוחים':59 'המציאות':137 'הנתונה':38C 'הסבלנות':149 'הפירוש':64 'הצליחו':155 'הצעות':14B 'השאיפה':139 'השארת':22A 'השם':75 'התחלה':114 'ואשכול':71 'וגם':100 'והאו':46C 'ומוסלמיות':99 'ומשאלי':20B 'ונשאיר':128 'וסיום':115 'זה':112 'חוטר':2B 'חוק':9B,17B 'חוקה':11B 'חותם':55C 'יסוד':5B,18B 'יצרו':110 'יש':91 'ישראל':25A,84,90,131 'כאשר':68,123 'כי':88,148,152 'כינון':10B 'כל':29C,36C 'כלליות':15B 'כפי':145 'לא':154 'לה':33C 'לזה':66,82 'לחוקה':16B 'לישראל':108 'למוות':122 'לנו':49C 'לקרוא':81 'לשלטון':39C 'ם':47C,95,106,144 'מאחר':45C 'מגילת':7B 'מדינה':13B,42C 'מדינות':96 'מדינת':83,113,127 'מה':102 'מת':116,135 'נותנים':62 'ננקה':124,132 'נקראת':41C 'עדיין':153 'על':56C,89 'עליון':40C,93 'עם':21B 'עקרונות':4B 'קבעו':87 'קוראים':32C 'קרא':48C 'רואים':147 'ריבונית':31C 'רק':34C,129 'שאנחנו':146 'שיצרה':136 'שיקבלו':73 'שיש':65 'של':104,138,140 'שלהם':150 'שליט':92 'שליטתם':57C 'שם':23A 'שמו':54C 'שרובן':97 'תוספות':27A 'תמה':151",,,,66,2024-07-13 20:09:45.133107,f
44,82,,0,,3,0,,0,300,2024-07-13 21:06:24.30152,,"","'3':28C 'או':64,74,94 'אותו':62 'אין':41C 'איננו':134 'אך':97 'אמינים':92 'אנשים':25C 'אסתיה':1B 'את':55,104,125,136 'ביצוע':31C 'במשרות':95 'בעלי':109,117 'בפחדים':68 'ברשימות':131 'גזע':3B 'גם':87 'דיפלומטית':119 'האדם':139 'הזכויות':8B 'הילד':58 'הינם':99 'הכרח':102 'המדינה':11B 'המהות':137 'הפרט':45C 'הצעירים':86 'הרשימה':120 'השפיטה':6B 'התאבדות':73 'ואולי':72 'וגם':116 'ודיפלומטים':40C 'והגנת':44C 'והכלל':46C 'ויצא':127 'ויתמלאו':67 'ומאסר':133 'ומכובדים':93 'וסיים':124 'וסכנה':70 'ועדיין':140 'ושוב':77 'זאת':60 'ח':114 'חברי':36C 'חוטר':2B 'חוץ':90 'חוק':4B 'חיי':61 'חיסיון':22C 'חסינות':42C,110,118 'חרדות':69 'ידוענים':35C 'יוכלו':83 'ילד':63 'ילדה':65 'יסוד':5B,10B 'יש':101,141 'ישאר':130 'ישראל':20A,82 'ישתנו':66 'כ':115 'כאלה':96 'כדי':80 'כולל':34C,106 'כמו':113 'כמסתמן':52 'כנסת':37C 'לאזרחי':19A 'לדכאונות':71 'להגן':84 'להיזהר':142 'להם':27C 'לחופשי':128 'למעשה':98 'לפדופילים':43C 'לפרסם':103 'מאחר':132 'מאנשים':88 'מגילת':7B 'מהווים':51 'מהם':143 'מוות':79 'מחייבת':47C 'מי':53,107 'מלאה':13A 'ממשלה':38C 'מניעת':21C 'משנה':135 'מתוקף':111 'נגישה':18A 'נפשו':56 'נראים':91 'נשיאים':39C 'עד':78 'עונשו':126 'על':30C,85 'עקרונות':9B 'פדופיל':122 'פדופילים':16A,50,100 'פדופילית':33C 'פעילות':32C 'פרסום':48C 'רשימה':12A 'שאזרחי':81 'שהורג':54 'שהורשע':123 'שוב':76 'שחווה':59 'שינוצלו':75 'שיש':26C 'שכלפי':89 'של':14A,24C,57,138 'שלכאורה':108 'שמו':129 'שמות':15A,23C 'שמותיהם':49C 'שמם':105 'תהיה':17A 'תלונות':29C 'תפקידם':112 'תתעדכן':121",,,,67,2024-07-13 21:06:27.792378,f
45,82,,0,,4,3,,0,400,2024-07-13 22:36:53.108212,,"","'או':34C,101 'אזרחי':27C,56 'אי':38C 'איכות':113 'אינם':21C 'אלא':25C,98 'אנשים':31C 'אסתיה':1B 'אפשרויות':119 'ארוכות':35C 'את':58,105 'באגרות':75 'ביטוח':16A,19C,50,82,91 'ביטוחית':78 'בינלאומית':79 'בית':102 'בעקבות':95 'בשנת':63 'בתקופות':32C 'גזע':3B 'גם':109 'האוצר':24C 'החולים':100,103 'הידועים':60 'הכנסה':47C 'המדינה':9B,11B 'הנדרשים':61 'הנותר':73 'הנעה':121 'הסכומים':59 'הצעות':4B 'ואת':71 'ובהגנה':77 'ובנק':13B 'וכדומה':49C 'ומקומית':80 'ונוחות':124 'ונכויות':41C 'ונפשיות':43C 'זהה':69 'זמניות':33C 'חודשית':111 'חוטר':2B 'חיים':114 'חיסכון':26C 'חסרי':46C 'טווח':36C 'יוסיף':66 'יממנו':104 'ינתנו':85,94 'יסוד':8B 'ישמור':52 'ישקיע':74 'ישראל':14B,57 'כהלוואה':86 'כושר':39C 'כל':72 'כלליות':5B 'כספי':15A,18C,81,90 'כתגבורת':70 'לא':84,93 'לאומי':17A,20C,51,83,92 'לחוקה':6B 'לטובת':28C 'ליולדות':48C 'לנכים':123 'לפנסיונרים':45C 'לצרכי':30C 'לקנס':107 'לשימוש':23C,62 'מבקר':10B 'מההכנסות':53 'מההפרשות':54 'מטבע':12B 'ממשלתיות':76 'מס':22C,64 'מסויימת':65 'מעבר':106 'מענה':29C 'משום':87 'מתאימות':122 'סיבה':88 'סכום':68 'עבודה':40C 'עוד':67 'עזרה':116 'עקרונות':7B 'פיזיות':42C 'פלוס':115,118 'צמודה':117 'קופת':99 'קצבאות':44C 'קצבה':110 'רפואית':97 'רשלנות':96 'שהיא':89 'שיקבלו':108 'של':37C,55 'שתאפשר':112 'תנועה':120",,,,68,2024-07-13 22:36:56.59887,f
46,82,,0,,5,1,,0,500,2024-07-13 22:44:42.99739,,"","'איננה':41C 'אסתיה':1B 'אפשרות':33C,55C 'בגילם':38C 'בהם':31C 'בחלק':48C 'במחירים':36C 'בתחבורה':15A 'גזע':3B 'האנשים':24C 'החיים':25C 'היא':46C 'היכולת':39C 'הכלכלה':49C 'הכנסה':20A,27C 'המדינה':6B 'העלות':42C 'הציבורית':45C 'הצעות':7B 'השלמת':19A 'התחבורה':44C 'ובנק':11B 'חוטר':2B 'חינם':14A,57C 'חסרי':21A 'יסוד':5B 'יש':32C,52C 'ישראל':12B 'כלליות':8B 'לגמלאים':17A 'להם':54C 'לחוקה':9B 'לכן':51C 'ללכת':40C 'למקומות':30C 'לנסוע':29C,56C 'לקנות':34C 'לתת':53C 'מהשלמת':26C 'מוזלים':37C 'מזון':35C 'מטבע':10B 'מכונית':22A 'מקבלי':18A 'משמעותית':47C 'נסיעות':13A 'עקרונות':4B 'פרטית':23A 'ציבורית':16A 'צרכים':28C 'של':43C 'שלהם':50C",,,,69,2024-07-13 22:44:45.899899,f
47,82,,0,,2,0,,0,200,2024-07-13 22:49:55.114502,,"","'אותה':36C 'אם':53C 'אנשים':31C 'אסתיה':1B 'את':27C 'בגובה':20A 'ביטוח':15A 'במשק':23A,42C 'גזע':3B 'ההכנסה':34C 'הזכויות':11B 'החודשי':46C 'הכנסה':18A 'המדד':45C,54C 'המדינה':6B 'המינימום':22A,25C,28C,41C,52C 'הנדרש':29C 'הנדרשים':32C 'הצמוד':43C 'הצעות':7B 'השלמת':17A 'ובנק':13B 'חוטר':2B 'חוק':4B 'יורד':55C 'יסוד':5B 'ישראל':14B 'כדי':37C 'כלליות':8B 'כשהוא':47C 'לא':49C 'לאומי':16A 'להשלמת':33C 'לחוקה':9B 'לכן':39C 'לעלית':44C 'לשרוד':30C,38C 'מגילת':10B 'מהווה':26C 'מטבע':12B 'משכר':51C 'עולה':48C 'פחות':50C 'צרכים':35C 'שכר':21A,24C,40C 'תהיה':19A",,,,70,2024-07-13 22:49:59.028113,f
48,82,,0,,3,0,,0,300,2024-07-14 15:29:22.883964,,https://www.youtube.com/watch?v=T8V3IIeRm1I,"'0':312 '1':205,346 '1.4':533 '2':218,402 '3':259,467 '4':507 'א':146,190,204,217,258 'או':181,222,229,235,245,252,302,355,415,453,539 'אזרחי':96,115 'אזרחית':543 'אחרים':273 'אחת':251 'אילוצים':82 'אינטרס':249 'איש':556 'אליהם':288 'אם':278,403,406,555 'אנשי':468 'אסתיה':1B 'אצל':24A 'אשמה':562 'אשמים':195,216,221,405 'אשר':472 'את':334,372,483,498,520,544,552 'ב':289,311,345,401,466,506,532 'באופן':350 'באשמה':424 'באשר':162 'בבית':416 'בגין':136,376 'בגישור':228 'בדמוקרטיה':69 'בהסתרתם':85 'בו':248 'בחוק':443 'ביותר':68 'ביעילות':495 'בכנסת':56C 'בלי':563 'במהלך':230 'בממשלה':55C 'במקומונים':528 'במשק':44C,337,384 'בנושא':34C 'בנציגי':500 'בנק':399 'בסוג':98 'בעבירה':196 'בעבר':193 'בעיתונות':523 'בעלות':182 'בעסקים':176 'בעקבות':314 'בפלילים':128 'בציבור':494 'ברמת':60C 'ברצף':477 'בשירות':114 'בשכר':42C,358 'בשלושת':30A,62C,77,143,188,202,209,239,290 'בתוצאות':117 'בתים':280 'בתפקוד':89,104 'גזע':3B 'גישור':414,565 'דבר':521 'דיירקטורים':170 'דין':436 'דינם':463 'האדם':549 'האמורים':92 'הבנק':391 'הבנקאית':397 'הגיעו':407 'הדיגיטלים':529 'הדיגיטלית':527 'הדין':481 'ההגבלות':441 'הוגן':106 'הודעה':420 'החוקים':100 'החלטה':486 'החקירה':301,315 'היומית':524 'היותו':429 'הכוללים':419 'הכניסה':262,287 'הכנסת':9B,264 'הכסף':388 'הכספים':373 'הכפיים':66,187,445 'הם':163 'המבצעת':80,113 'המדיה':526 'המדינה':12B,21B 'המחוקקת':79,276 'המידע':323 'המינוי':352 'המינימום':336,369 'הממצאים':317 'הממשל':110 'הממשלה':15B,518 'המשטרה':452 'המשפט':227,231,305,333,344,413,417,484 'המשרה':377 'המשרות':76 'הניהול':161 'הנתבע':547,558 'הסדר':430 'הסוציאליות':208,340 'הסוציאליים':387 'הסכמים':418 'העברת':322 'העומדים':504 'העירוניים':530 'העניין':47C 'הערה':485 'הפגיעה':499 'הפחתת':367 'הפרטי':550 'הפרקליטות':455 'הציבור':91,557 'הצעות':4B 'הקודמת':378 'הקיימות':442 'הקשור':35C 'הריבית':396 'הרשויות':31A,63C,78,144,189,203,210,240,255,275,291,471 'הרשות':112 'הרשמי':266 'השופטת':81,125 'השפיטה':18B 'התלונה':553 'התנאים':386 'ובכל':57C 'ובעלי':27A 'וברשתות':525 'ובתים':271 'וגוף':256 'וגם':164,173,241,385 'והאזוריים':531 'והוא':71 'והמבצעת':277 'והסכמים':410 'וחברות':177 'ויקבלו':330 'וכדומה':566 'וכל':338 'ולא':432 'ולבית':265 'ולהגביל':496 'ולכנסת':284 'ולמעמדם':493 'ומהירות':99 'ומינוי':238 'וממוקד':107 'ונמצאו':194 'ועדות':172 'ועם':395 'ושופטים':512 'ושכרם':306 'ותנאים':359 'ז':145 'זו':487 'זיקה':179 'זכאים':349 'זכויותיהם':207,339 'זעיר':425 'זרועות':109 'חברי':171 'חוטר':2B 'חוק':7B,10B,13B,16B,64,185 'חיוני':67 'חיי':95 'חילופי':357 'חלק':422 'חלקית':184 'חף':560 'חפות':433,546 'חפותם':522 'חפים':502,514 'חקירה':132,295 'טיעון':409,431 'יאושר':479 'יהיו':279 'יוחזר':353 'יוכל':51C 'יוכלו':140,148,233 'יועבר':389 'יועצים':169 'יושעו':297,341 'יותר':150,253 'יחולו':439 'ייצוגיים':272,281 'ייצורי':59C 'ייתבעו':462 'יממן':548 'ימנעו':74 'ימצאו':348 'ימשיך':307 'יסוד':8B,11B,14B,17B,20B 'יעיל':105 'יפוטרו':198 'יפסק':329 'יפרסם':519 'יצא':38C 'יקבלו':371 'ישללו':211 'ישפטו':476 'ישראל':97,116,270,400 'כאשר':313,347 'כדי':460 'כדין':464 'כי':73 'ככל':426 'כל':159,206 'כלליות':5B 'כלשהו':423 'כמורשעים':446 'כמסתמן':459 'כמצופה':123 'כסדרו':310 'כפי':360 'כפיים':37C 'כפים':23A 'כפסק':435 'כתלונה':542 'ל':156,158 'לא':50C,102,139,147,165,174,232,242,478 'לאחר':214,219,366,437 'לאלתר':199 'לבית':226,412 'לגרום':87 'להבהרת':46C 'להיות':52C,149,308,456 'להם':354,362,375 'להסדרים':224 'להשפיע':93 'להתמנות':234 'לוביסטים':166 'לחופשה':39C 'לחוקה':6B 'לחשבון':390 'לכנסת':510,538 'ללא':40C 'למדד':394 'למינימום':497 'למלא':141 'לממשלה':283,511,540 'למשכן':263 'למשפט':505 'לנאשמים':492 'לנקיון':36C 'לסיים':489 'לסיכום':450 'לעורכי':480 'לעיוות':88 'לעכב':482 'לעסקאות':408 'לפני':363 'לפרקליטות':318,324 'לפתיחת':319,325 'לקבל':236,243 'לקבלת':381 'מאחר':70 'מאתגרת':491 'מבעלי':75 'מהם':212,261,286 'מהמשרה':200 'מהרשות':124 'מוודא':72 'מועברים':103 'מורשעים':465 'מחוץ':225,411 'מי':32C,48C,126,129,134,191,292 'מיועדת':488 'מינוי':246,356 'מינויים':153 'מינימום':43C,383 'מכל':561 'מלא':351 'מלאה':434 'ממשלות':269 'ממשלתית':180,183 'מנהל':29A 'מנכ':155 'מעצם':428 'מפשע':503,515 'מרגע':321,379 'משולם':309 'משלושת':254,470 'משפט':121,438,475,534 'משפטיים':83 'משרד':516 'משרה':237,244 'מתפקידם':298,365 'נבחר':53C,536 'נבחרי':25A,151,508 'נגד':535 'נגדם':131,294,474 'נוספים':282 'ניהול':61C 'ניקיון':22A,65,186,444 'נמצא':559 'נמצאו':404 'נפתח':473 'נציגים':175 'סיום':300,304,343 'סמנכ':157 'ספקי':167 'עבירה':137 'עד':45C,299,303,331,342 'עדי':447,457 'עוברים':316 'על':94,421 'עלול':86 'עליהם':440 'עם':178,451,454 'עסקאות':564 'עקרונות':19B 'פוליטיים':154 'פלילית':133,138,197,296 'פרסום':545 'צדק':122 'ציבור':26A,54C,152,469,501,509,537 'ציבורי':257 'צמוד':393 'ראש':517 'ראשי':268 'רטרואקטיבית':213 'רק':554 'שהגיעו':223,374,449 'שהגיש':551 'שהועברו':380 'שהורשע':49C 'שהורשעו':127,192 'שהושעו':364 'שהיו':361 'שהן':120 'שהצורך':84 'שיהיה':427 'שימצאו':215 'שירותים':168 'שיש':247 'שכירי':90 'שכן':101 'שכר':335,368,382 'שכרם':328 'של':108,111,118,250,267,274,398 'שלא':461 'שלהם':201,392 'שמואשם':33C 'שמתנהלת':130 'שנמצאו':220,513 'שנפתחה':293,541 'שנשפטים':135 'שפיטה':119 'שקבלו':370 'תביעה':327,448,458 'תואר':28A 'תום':332 'תימנע':285 'תיק':320,326 'תמנע':260 'תפקיד':58C 'תפקידי':160 'תפקידים':142 'תקופה':490 'תשלום':41C",,,,71,2024-07-14 15:29:28.736443,f
49,82,,0,,4,1,,0,400,2024-07-14 16:02:38.576818,,https://www.youtube.com/watch?v=4bV4EBTE3bg,"'1':274 '2':33C,71,278 '3':282,329 '4':285 '5':291 '61':171 'או':173,243,289,317,339,360 'אומר':107 'אותה':309,351 'אותנו':138 'אזרחי':229,432,452 'אזרחים':140,261 'אזרחית':20A,35C,44C,58,73,82,110,126,209,373 'אחדות':125 'אחוז':429 'אחרת':320 'אך':40C,78 'אלא':151,223,367 'אליה':366 'אם':120 'אנרכיה':31C,69 'אסתיה':1B 'אפילו':403 'אפשרית':222 'אשר':426 'את':46C,53C,84,91,157,181,266,355,410 'באופן':98,257 'בבחירות':170,307 'בדרכי':95 'בהצלחה':97 'בחירות':188 'בחצי':183 'ביותר':386 'בישראל':387,436 'בית':407 'בכנסת':331 'בכתב':239 'בלי':28C,66 'בלתי':221 'במקום':408 'במקרה':380 'בעלת':111 'בעצומה':248 'בצד':50C,88 'בקלפי':306 'ברור':297 'בתעודת':271 'גזע':3B 'גם':42C,80,152,398 'דבר':201 'דומה':365 'דיגיטלי':371 'דיגיטלית':236 'דף':255 'דרך':368 'דתית':153 'האוכלוסיה':419 'האזרחים':24C,56C,62,94,128 'האזרחית':167 'האפשרויות':247 'האפשרית':159 'הבחירות':349 'הגדול':385 'הדמוקרטיה':27C,65,396 'הדרך':22C,60 'ההעדפות':48C,86 'ההרמוניה':158 'ההשבעה':191 'ההתאגדות':166 'הזה':131 'הזהות':268,272 'החוק':311,358 'החוקים':182 'החותמים':263 'החתומים':440 'היא':135,168,353,397 'היחד':130 'היחסי':450 'היכולת':323 'היקף':105 'הכותרת':252 'הכנסת':15B,338,352 'המגזר':384 'המדינה':12B 'המחוקקת':116 'המיעוט':435 'הממשלה':361 'המצביעים':216,305 'הנפשות':449 'הסתה':147 'העניינים':54C,92 'העצומה':442 'הפוליטיות':49C,87 'הפוליטית':134 'הפרטי':267 'הצעות':4B 'הקוראת':334 'הראשונה':185 'הרוב':402 'הרשומים':270 'השונות':162 'השמה':45C,83 'השנה':184 'השפיטה':18B 'התאגדות':43C,81 'התאחד':388 'התקנה':356 'ואחדות':218 'ואת':357 'והכנסת':359 'ויושבי':406 'וכן':325 'ולא':378,423 'ולכנסת':316 'ולקבוע':187 'ומגזר':381 'ומשפחה':277 'זה':106,295 'זהה':256 'זהות':281 'זו':136 'זמן':206 'חדשני':39C,77 'חוטר':2B 'חוק':7B,13B,16B,32C,70,336,377,391,422,425 'חוקה':9B 'חושבים':225 'חייהם':411 'חיים':262 'חתומים':300 'חתימה':292 'טבעי':99 'טובת':227 'טלפון':287 'יגייס':437 'יד':240 'יוכלו':194,363 'יותר':174,302,345,438 'יחד':196 'יחוקק':315,421 'יכול':203 'יכולה':233 'יסוד':11B,14B,17B 'יצטרך':327 'יצר':428 'יצרנו':122 'יקרה':414 'יש':444 'ישאר':401 'ישראל':230,433,453 'יתבטל':424 'כדי':51C,89,175,192,389,412 'כזאת':220 'כינון':8B 'כך':41C,79,207,332 'כל':47C,85,161,246,250,254,259,293,298 'כלל':228 'כלליות':5B 'כלשהו':382 'כן':124 'כפי':163 'כשאנחנו':224 'כשהם':404 'כתובה':238 'כתובת':283 'לא':100,117,121,148,177,321,326,362,375,420 'לאורך':205 'לאחר':190 'לבטל':335 'לבטלו':324 'להגיע':102 'להגן':25C,63 'להוציא':390 'להיות':139,234 'להירפא':144 'להם':445 'להסכמה':103 'להעביר':180 'להעדפה':133 'להשיג':169,212 'להתממש':119 'לחוות':156 'לחוקה':6B 'לחוקק':314 'לחיות':409 'לטובת':55C,93,127 'לטובתם':393 'ליצור':30C,68,364 'לכל':318 'לכלל':451 'לכנסת':217 'למחצית':214 'למעשה':129,446 'למרות':160,197 'לנו':143 'לסדר':52C,90 'לעבוד':195 'לעבור':328 'לעצומה':109 'לפני':123 'לקרות':204 'לרשות':115 'לשנתיים':189 'מאוחדים':141 'מאיתנו':155,179 'מאשר':443 'מבחינת':447 'מבקשים':313 'מהבחירות':186 'מודפסת':242 'מחוקק':416 'מחוקקת':21A,36C,59,74,210,232,374 'מיעוט':427 'מלא':258 'מלאה':284 'מלאכותי':430 'ממגזרי':434 'ממחצית':303,346 'ממלאים':265 'ממספר':347,439 'ממשלה':310 'ממשלתית':341 'מנדטים':172 'מס':279 'מספר':215,286,304,448 'מעבר':132 'מעל':114,213 'מעשרות':145 'מצביעי':348 'משאל':369 'נכון':37C,75 'נכתב':296 'סלולרי':288 'ספציפי':392 'ספציפית':249 'עבור':417 'עוד':251,260,294,299 'על':26C,64,226,395,441 'עליה':264,301,344 'עליונות':112 'עם':370 'עצומה':19A,34C,57,72,208,219,231,235,237,241,333,342,372 'עצומים':200 'עצלנים':405 'עקרונות':10B 'פוליטיים':199 'פוליטית':150 'פערים':198 'פרטי':276 'צריכה':211 'קווי':290 'קל':101 'קריאות':330 'רוב':418 'רחבת':104 'רק':149 'רשות':319 'שאיננו':383 'שהאזרחים':312 'שהמפלגות':176 'שהנבחרים':193 'שהרוב':400 'שהרעיון':164 'שזה':38C,76 'שחוק':108 'שחקקה':337 'שחתמו':343 'שילוב':244 'של':165,245,253,308,350,431 'שלא':202,413 'שלהם':269,273 'שלום':96 'שלנו':23C,61 'שם':275 'שמיעוט':415 'שמירה':394,399 'שמנעו':154 'שנוכל':29C,67 'שנות':146 'שתחזיר':137 'תבטל':354 'תהיה':322 'תוכל':118 'תחוקק':379 'תחוקתית':113 'תמנענה':178 'תעודת':280 'תעזור':142 'תקנה':340 'תשנה':376",,,,72,2024-07-14 16:02:41.944432,f
50,82,,0,,1,0,,0,100,2024-07-14 16:20:57.976266,,"","'-2021':68 '100':357 '18':195 '2003':51 '2015':67 '3':347 '5':372 '60':409 '67':412 'א':352 'או':300 'אוטומטית':365 'אזרחי':48C 'אזרחית':326 'אחוזים':212 'אחרת':31C 'אי':151 'איננו':20C,56,77,293 'אלא':35C,82 'אלה':342 'אליך':286 'אנחנו':47C 'אנשים':144 'אסתיה':1B 'אף':275 'אפשרי':242 'אצל':162 'את':118,172,187,193,199,218,246,262,268,306,314,319,321,403,431 'ב':346,361 'באזרחי':429 'באנשים':115 'בבית':297 'בגילאי':406 'בגלל':100,227 'בגמלאות':160 'בה':73 'בהם':87 'בהרעבה':88 'בהתאגדות':325 'בו':168,274 'בחר':267 'בטווח':343 'ביותר':203,250,419 'ביטוח':105,148 'ביטוחי':181 'בכספי':104 'בלתי':241 'במגרש':260 'במחשב':303 'במיסים':109 'במקום':170,304 'במשחק':265 'במשק':14A,17C,76,126,184 'בנו':440 'בסיס':210 'בעיקר':93 'בפעם':311 'בצד':313 'ברור':278 'ברשות':330 'בשימוש':175 'בשכר':283 'בשנים':66 'בתורף':386 'ג':391 'גברים':410 'גזע':3B 'גיל':194 'גם':387 'גמלאים':401 'גמלה':395 'ד':400 'דבר':128 'דיפרנציאלית':396 'ה':263 'האוצר':112 'האזרח':323 'האישית':254 'האנשים':138,308 'הארץ':434 'הבניה':379 'הבסיס':201 'הבסיסיים':249 'הגלגל':280 'הגמלה':404 'הדיפרנציאלית':221,405 'הדירה':382 'ההוגן':120 'ההווה':291 'ההעדפות':315 'ההצבעה':425 'ההתנהלות':72 'הוא':36C,122 'הזאת':312 'הזה':266 'הזכאים':116 'הזכויות':8B 'הזמן':294 'החוקים':351 'החתומים':335 'הטוב':418 'הטלוויזיה':299 'היו':113 'הינו':416 'היתרה':173 'הכנסה':159 'המאושרת':204 'המדד':369,389,417 'המוודאת':23C 'המחוקקת':331 'המחירים':359 'המינימום':13A,16C,19C,55,75,79,121,125,183,197,216,220,240,284,354,363,384,393,415 'הממשלות':164 'המעסיקים':45C 'המפלגתיים':450 'המשפחתית':255 'המתפרנסים':208 'הנדרשות':349 'הנדרשת':222 'הנכון':295 'הנמוכה':202 'הסיבה':432 'העסקנים':449 'הפוליטיות':316 'הפך':161 'הצדק':252 'הצורך':282 'הצטברות':367 'הצעות':9B 'הצרכים':248 'הקריאות':348 'הרכז':264 'הרצפה':22C 'השכר':189 'השעתי':190 'ואולי':135 'ובנק':5B 'וגם':244 'וגמלאים':95 'והאזרחית':257 'והאזרחית-ריבונית':256 'והבטחת':158 'וההצלה':253 'והכנסות':143 'והסיבה':435 'והעלאות':380 'וכנסת':423 'ולגמלאים':399 'ולהעדיף':318 'ומי':438 'וממשלה':43C 'ונכים':226 'ועיני':110 'ועצמאים':146 'זו':98 'זכויות':322 'ח':41C,60 'חברי':163 'חברתי':39C 'חוזה':337 'חוטר':2B 'חופשת':154 'חוק':413 'חוקים':341 'חיסול':91 'חיסכון':180 'חצי':344 'טובה':230 'יגיע':285 'ידי':448 'ידיים':334 'יהיה':25C,355 'יוכל':33C 'יועלה':364 'יורד':390 'יותר':377 'יעבירו':340 'יקבלו':402 'יש':83 'ישראל':6B,49C,430 'כ':42C,61 'כאילו':107 'כאלה':84 'כאשר':366,388 'כדור':251 'כדי':176,272 'כולם':81 'כושר':152 'כי':30C,339 'כיצד':53,70 'כל':64,127,179,247,307,421 'כלכלי':92 'כלליות':10B 'כלפי':44C 'כמו':178 'כמסתמן':132,441 'כמעט':63 'כנכה':290 'כנראה':446 'כסף':238 'כפנסיונר':289 'כצעיר':287 'כרצונם':169 'כשכיר':288 'ל':371 'לא':32C,277 'לאדם':191 'לאומי':106 'לגמלאים':225 'להיות':223 'להשקיע':171 'להתאגד':324 'להתבזבז':445 'להתנהלות':420 'להתעלל':86 'להתקיים':243 'לחוקה':11B 'לחיסול':133 'לידה':155,157 'ליישום':350 'לכך':231 'למדד':358,378 'לממן':245 'למס':165 'למעבידים':205 'למעשה':186,424 'למרות':58 'לנכים':398 'לנצח':273 'לעורר':305 'לעשות':167 'לצדק':38C 'לצורכי':147 'לצרכן':360 'לקבל':117 'לקופסה':271 'לקחת':206 'לקיום':433 'לשבת':296 'לשים':310 'לשרוד':34C 'לתגמלנו':437 'מאז':50 'מגיל':408,411 'מגילת':7B 'מדד':37C 'מדובר':108 'מהווה':394 'מהותית':376 'מול':298 'מחוץ':270 'מטבע':4B 'מי':427 'מייצג':185,198,217 'מינימום':188,235 'מינימלית':397 'מיסים':443 'ממנה':29C 'ממנו':130 'ממש':292 'ממשכורת':142,209 'ממשלה':422 'מנצלי':442 'מעודכן':57 'מענקי':156 'מפני':149 'מפרי':213 'מצד':40C 'מראה':426 'משולמת':224 'משכורת':200 'משכירים':207 'משכר':239 'משמעות':375 'משפטי':338 'משתרשת':71 'מתי':279 'נועד':131 'נכות':150 'נכים':94 'נמצא':259 'נפשי':134 'נציגות':329 'נקיי':333 'נקרא':233 'נראה':96 'נשאר':385 'נשים':407 'נתינת':374 'סביבך':309 'סיבה':229 'סכום':119 'סתמיים':302 'עבודה':153 'עבודתם':214 'עודכן':62 'על':328,336,447 'עלית':368 'עם':89,236,373 'עצמם':320 'עשו':102 'פחות':28C,129,237 'פיזי':136 'פלוס':211 'פעם':276 'צמוד':356 'צמחה':99 'צרות':114 'קצבאות':90 'קצבת':219 'ראינו':52,69,139 'רואה':428,439 'ריבונית':258 'רק':21C 'שאיננה':174 'שהוא':232 'שהופרש':141 'שהכסף':140 'שהממשלות':101 'שחקניך':269 'שידורים':301 'שיכלו':444 'שימוש':103 'שיקבל':27C 'שיש':228,436 'שכיר':26C 'שכירים':145 'שכר':12A,15C,18C,54,74,78,124,182,196,215,234,353,362,381,383,392,414 'של':80,137,281,332 'שלא':24C 'שלהם':46C,317 'שלך':261 'שנה':65,345 'שניתן':85,166 'שעבר':192 'שרי':111 'ששכר':59 'שתופעה':97 'שתצמח':177 'שתקפיד':327 'תגיע':370 'תמיד':123",,,,73,2024-07-14 16:21:02.08312,f
51,82,,0,,3,2,,0,300,2024-07-14 16:31:07.267977,,https://www.youtube.com/watch?v=NsqcPvoZlqE,"'000':305 '1':170,254 '12':158 '19':93 '2':189,298 '2023':311 '24/7':297 '2א':312 '2ב':316 '2ג':320 '2ד':330 '2ה':337 '3':200,203,342 '4':221 '5':240 '50':323 'א':100,368 'אדם':102 'או':121,178,187,192,217,227 'אחד':376 'אחרים':65 'אי':122 'אך':28C 'אם':131,234 'אמצעי':275 'אנשים':17A 'אסתיה':1B 'ארוך':179 'ארנונה':315 'אשר':117,247 'את':49C,141,274,406 'באופן':176 'באחוזי':124 'באשמת':24C 'בגלל':209 'בהגברת':218 'בהם':194 'בהמשך':54,77 'בחודש':109 'ביטוח':14A,85,129,270,285 'בישיבה':198 'בכל':33C 'במשק':115 'בנוגע':59 'בנוסף':255,350,395 'בנכות':21A,107 'בנקאית':150,163 'בסדיר':412 'בעיות':214,268 'בעקבות':89,185 'בקשה':19A,36C,104 'בריאות':63 'ברשימות':84 'בתחבורה':340 'בתחומים':80 'גזע':3B 'גם':79,233,358 'גמלאי':366 'גמלאים':263,344 'גמלה':111 'גמלת':281 'דחפי':229 'דיפרנציאלית':168 'האחרות':397 'הבית':294 'הגפים':174 'ההגנות':127 'ההזרקות':90 'ההטבות':73,407 'ההכרה':120,123 'הוא':96 'הורים':402 'הזכאות':260 'הזכאים':165 'החדשות':88 'החולים':237 'הטבות':252 'היותם':356 'הינו':71 'הישירה':401 'הישרדות':99 'הכספים':142 'הכרה':106,136 'הכתוב':53,66 'הכתובות':76 'הם':169,398 'המגיעים':346 'המגישים':18A 'המדינה':6B 'המחירים':146 'המידי':97 'המינימום':114,257,363,380 'המענקים':50C 'המקבלים':280 'המשפחה':400 'הנדרשים':277 'הנזק':219 'הנחה':322 'הניתנות':353 'הנכות':301 'הנכים':44C 'הנמשכים':41C 'העוקב':110 'העזר':276 'העזרה':331 'הפגיעה':193 'הפנסיה':348 'הצעות':7B 'הקיימות':83 'הקיימים':57 'הראשון':95 'הריגה':232 'הרפואי':220 'הרפואית':332 'השלב':94 'התנהלות':13A 'התנועה':295 'התשלום':152 'ואינם':283 'ואלו':87 'ובילוי':409 'ובינתיים':43C 'ובני':399 'ובנק':11B 'ובקבע':413 'וההתיחסויות':74 'והקניות':296 'והתרופות':333 'ויש':266 'ולזכויות':352 'ולחסוך':48C 'וניסיונות':231 'ונפשיות':216 'ועם':148 'ופעולות':385 'וקריטריונים':64 'וריבית':162 'ז':367 'זה':26C 'זוג':371,403 'זכאי':134 'זכאים':349 'זמן':180 'זמניית':242 'ח':307 'חוטר':2B 'חינם':319,336,339 'חלק':69 'חצי':378 'חשמל':318 'טרור':386 'ידי':389 'יהיה':138,153 'יטופלו':387 'יכולים':244 'ילדים':404 'ימצא':248 'יסופקו':334 'יסעו':338 'יספק':272,287 'יסתיים':118 'יקבל':108,374 'יקבלו':317,321,405 'יש':39C 'ישלמו':314 'ישראל':12B 'כולל':182 'כולן':75 'כיום':58 'כל':101,171,292,375 'כלליות':8B 'כמסתמן':29C,32C 'כנכה':137 'כנכים':265 'כתוספת':381 'ל':384,391 'לא':22C,181,313 'לאומי':15A,52C,86,130,271,286 'לביטוח':51C 'לבעיות':238 'לגיל':347 'לגמלה':351 'לגמלת':166,256,261 'להחזיר':140 'להכרה':20A 'להלוואות':151 'להלן':67 'להם':249,267,273,288,335,354 'להתעצם':208 'לוודא':98 'לזכויות':396 'לחודש':308 'לחוקה':9B 'לחיילים':411 'לי':394 'לינואר':310 'לכל':364 'למות':46C 'למעשה':30C 'לנכויות':60 'לנכים':253 'לעבוד':197,245 'לצרכן':147 'לקביעת':259 'לקבל':105,135 'לקבלת':37C 'לקריטריונים':56 'לרכש':408 'לתוספת':359 'לתעבורה':278 'מ':326,327 'מ20':304 'מבנה':4B 'מבתי':236 'מדד':145,161 'מה':126 'מהם':70,196,377 'מול':16A 'מונעת':195 'מחצית':361 'מטבע':10B 'מי':25C,34C,172,183 'מים':325 'מינימום':167,282 'מכוח':355 'מעל':199 'מרעב':47C 'משכר':362,379 'משנה':23C 'משפטים':40C 'מתחים':213 'מתעללים':31C 'מתקציב':392 'נוסף':55 'ניידים':284 'ניתוח':188 'נכה':365 'נכויות':82 'נכון':309 'נכות':38C,125,262 'נכי':382 'נכים':164,190,204,222,241,279,299,343,345,357,373 'נמצא':132 'נפש':224 'נפשיות':239 'סוג':210 'עבודה':211 'עד':116,157,246,258 'עזרה':289 'על':68,155,291,324,388 'עלולה':207 'עלולים':45C 'עליו':139 'עם':228 'פגועי':223 'פיתרון':250 'פני':156 'פסיכופתים':226 'פרוס':154 'פשיעה':230 'צה':383,390,393 'ציבורית':341 'צמודי':144,160 'צרכי':293 'ק':328 'קבוע':177 'קוביד':92 'קטן':303 'קרה':27C 'ראיה':61 'ראשון':329 'רגשיות':215 'ריבית':149 'רפואי':251 'רצופות':202 'רשויות':5B 'ש':306 'שאינם':225,243 'שאיננו':133 'שביטוח':300 'שברים':186 'שגובסו':184 'שגורם':212 'שהגיש':103 'שהוכרו':264 'שהיא':112 'שהלקות':205 'שוחררו':235 'שיש':410 'שכר':113 'של':81,91,128,360,370 'שלהם':175,206,302 'שמגיש':35C 'שמחלתם':191 'שמקרה':369 'שנים':42C 'שנפגעו':173 'שעות':201 'שקיבל':143 'ששניהם':372 'שתענה':290 'תהליך':119 'תוספת':72 'תופסות':78 'תחבורה':269 'תנועה':62 'תשלומים':159",,,,74,2024-07-14 16:31:09.918605,f
52,82,,0,,1,0,,0,100,2024-07-14 16:52:45.638749,,https://www.youtube.com/watch?v=lsyMrERh20k,"'-14':663 '-50':265 '000':307,499 '1':513,591 '100':318,595,635 '12':289 '15':259 '1500':631 '2':348,529,594 '20':306 '2000':376 '2022':641 '24/7':107,336,354,383 '25':270,275 '3':598 '30':242 '35':280 '36':498 '38':223 '4':601 '40':277 '41':264 '5':610 '50':602,656 '500':395 '51':252 '6':618 '60':31C,62,114,254,617 '61':399 '65':34C,65 'א':444 'או':470,521 'אותם':411 'אזרחי':198,473 'אחוזים':187 'אחרות':496 'איכות':373 'אך':357 'אם':337 'אסתיה':1B 'אצל':530,540 'ארה':378,397 'את':175,219,405,415,419,458,477,560,568,584 'ב':294,379,398,460 'באיש':106 'בארנונה':597 'בבית':37C,68,84,96,382 'בגובה':375 'בגילאי':251,263,274 'בהכנסות':149 'בהשלמת':562 'בחוק':221,524 'ביותר':167 'ביטוח':247,488 'בילדים':103 'בין':345 'בינואר':640 'בישול':100 'בית':39C,70,212,214,250,262,273 'בכך':144 'בכנסת':241,407 'בלי':408,508 'במוסד':332,343,355 'במועדו':296 'במשך':642,664 'במשק':22C,53,210 'בנוסף':90 'בני':420 'בסיס':25C,56,184,431,442 'בסיסית':553 'בסכום':392 'בעבר':171 'בעלות':552 'בשכירות':627 'בשנה':494 'בשעות':352 'בתחבורה':613,686 'ג':490,512,528 'גברים':134 'גזע':3B 'גם':93,105,193,418,684 'גמלאים':19A,491,582,619 'גמלה':312 'גמלת':24C,55,229,430,441,585 'ד':581 'דולר':377,396 'דומה':555 'דורות':423 'די':554 'דיפרנציאלית':26C,57,313,432,443 'דירה':330,621,624 'דלק':669 'ה':662 'האזרחית':425 'האחוז':522 'הבסיס':205,230,449,510 'הגבוה':525 'הגבוהה':469 'הגבלת':86 'הגיוני':651,673 'הגמלה':27C,58,146 'הדיפרנציאלית':147,206 'ההכנסה':678 'ההכנסות':537 'ההפרש':459 'ההפרשות':176 'הזה':533 'הזכויות':14B 'החד':426 'החדש':483 'החודשי':43C,74 'החוק':240,507 'החוקים':406 'החיים':301,622 'החלק':282 'החשמל':675 'הטבות':579 'היא':434 'היו':170 'היחיד':549 'היממה':353 'הכנסה':303,445,563 'הכסף':326,344,461 'הם':140,551 'המדינה':6B,9B,18B 'המהווה':283 'המון':188 'המוני':160 'המוסד':361 'המחוייבויות':126 'המחירים':320,504,637 'המטפלים':335 'המים':606 'המינימום':21C,42C,50C,52,73,81,209,220,456,520,587,680 'המינימלית':573 'המקבלים':583 'המשמעות':428,439 'המשפחה':421 'המתחלפות':351 'הן':117 'הנחה':596,603,654 'הנסיעות':685 'הסכום':532 'הסף':363 'העבודה':97 'העברת':239,362 'העלות':478 'העקרונות':234 'הפנסיה':468 'הפנסיונרים':156 'הצורך':561 'הצעות':10B 'הקבוע':523 'הראשון':609,660 'הרבה':179 'השאר':346 'השואה':340,365,369 'השווה':393 'השינוי':480 'השלמת':236,677 'השניים':527 'השנים':129,539 'ואלו':157 'ואת':333 'והזוג':550 'והפנסיה':165 'והצרכים':547 'והשאר':291 'וחלקן':89 'וחשמל':670 'וטיפול':102 'וכולם':566 'וכך':225,683 'וכל':450 'וכרטיס':387 'ולא':661 'ולגברים':32C,63 'ולגייס':417 'ולעזה':647 'ולעיתים':104 'ומגיע':202 'ומעבידיהם':142 'ותהיינה':46C,77 'זאת':545 'זה':466,557 'זוג':531 'זכאיות':47C,78,227 'זכאים':589 'ח':309,501,633 'חוב':237,284 'חודש':293,295,391 'חודשי':629 'חוטר':2B 'חוק':7B,15B,465,556 'חייהם':325,374 'חייהן':232 'חינם':593,600,612,649,671,682 'חסרי':125 'חקיקת':506 'חשוב':413 'חשמל':599 'יהיה':23C,54,403,485,681 'יהיו':588 'יוודאו':401 'יוכל':327 'יוכלו':135,492 'יום':243 'יחיד':541 'יכולות':215 'ימי':324 'יממן':347,475 'יסוד':5B,8B,16B 'יפילו':410 'יקבל':457 'יקבלו':311,567,578,625 'ירד':515 'יש':366 'ישולם':292 'ישלמו':255,266,278 'ישראל':199,474 'יתפרס':287 'כ':536 'כבר':112 'כהכנסה':572 'כוללת':98,435 'כולם':416 'כי':674 'כך':481 'ככתוב':151 'כל':115,128,138,315,323,390,544 'כלליות':11B 'כספים':370 'כספית':386 'כעזרה':626 'כעקרות':38C,69 'ל':288,394,590 'לא':484 'לאומי':45C,76,218,248,257,268,286,489,518 'לאחר':127 'לביטוח':44C,75,217,256,267,285,517 'לבית':95 'לבעלי':467 'לגמלאים':564,657 'לגמלת':48C,79 'להגיע':244 'להטבת':372 'להיות':226 'להישאר':136,342 'להישרדות':574 'להלן':152,235,314,437 'להם':191 'להסדר':245 'להעביר':367,404 'להפריש':216 'להפרשה':222 'להרבה':168 'להרוויח':493 'להתאחדות':424 'לו':453 'לחודש':310,316 'לחוקה':12B 'לחיות':201 'לחקיקת':464 'ליהנות':110,121 'ליחיד':543,575 'לירדן':646 'ליתרת':231 'לכולם':203 'לכולנו':155 'לכך':91 'לכן':412,650,672 'ללא':85,132,384,620 'למדד':319,503,636 'למי':194 'למלוא':228 'לממן':328 'למעשה':476,558 'למקבלי':676 'למשך':322 'לנשים':29C,60,109 'לסה':535 'לעבוד':137 'לעזה':668 'לעשירים':471 'לפי':233,519 'לפנסיה':177 'לצאת':120 'לצעירים':124 'לצרכן':321,638 'לשורדי':364,368 'לשכר':679 'לשתף':414 'לתת':653 'מ':305 'מאחר':546,565 'מבטל':559 'מבין':197,472,526 'מגיל':30C,33C,61,64,113,616 'מגילת':13B 'מגיע':108,154,200 'מגמלת':448 'מה':433,438,569 'מהגמלאים':577 'מההכנסות':514 'מהחופש':122 'מהמ':607,658 'מהעובדות':359 'מופחתת':447 'מזון':388 'מחוייבויות':131 'מחופש':111 'מחוץ':94 'מחיר':605 'מטפלות':349 'מי':451,576 'מיוחדות':580 'מיוחדים':371 'מיום':505 'מים':648 'מנדטים':400 'מסוגלות':119 'מעבודות':495 'מעבידים':172 'מעוניינים':143 'מענק':628 'מפנסיה':446 'מרגע':238 'משכורות':163 'משכורת':183 'משכר':455,623 'משק':17B 'נגרם':190 'נותנים':645,667 'נטל':486 'ניקיון':99 'נמוכה':166,185 'נמצא':436 'נסיעות':611 'נשים':35C,66,82,615 'סכום':41C,72 'עבדו':181,196 'עבודה':88 'עבור':258,269,279 'עבורם':178 'עד':253,276,463,497 'עדיין':118 'עובדות':36C,67,83,92 'עוד':116,139 'עוול':189 'עזרה':380 'על':487,604 'עלות':334,385 'עם':182,246,302 'עצמו':356 'עקרונות':4B 'עקרות':211,213,249,261,272 'עשרות':643,665 'פחות':304,454 'פלוס':186 'פנסיונרים':159,161,169,180 'פעמית':427 'פרטיות':350 'צדק':153 'ציבורית':614,687 'צמוד':502 'צמודה':317,381 'צמודים':634 'ק':608,659 'קבלו':162 'קבלת':145 'קניות':101 'קץ':133 'רואה':571 'רוצה':341 'רוצים':141 'רלוונטי':534,542 'רעב':164 'ש':308,500,632 'שאיננן':358 'שאפשר':402 'שגמלת':204,509 'שהחוק':482 'שהיה':639 'שהמפלגות':409 'שהמשק':570 'שואה':298,300 'שורד':338 'שורדי':297,299 'שידעו':652 'שיהיו':158 'שיש':123,452 'שיתמלא':389 'שכר':20C,49C,51,80,208,329,586 'של':130,360,429,440,479,538,548,630,655 'שלא':173,195,331 'שלהם':150 'שלושה':422 'שלמו':174 'שנים':224,260,271,281,644,666 'שנמסר':462 'שעות':87 'ת':339 'תהיה':207 'תופחת':511 'תינתן':28C,59 'תכלס':192 'תלויה':148 'תרופות':592 'תשלום':516 'תשלומים':290 'תשלמנה':40C,71",,,,75,2024-07-14 16:52:49.803844,f
53,82,,0,,2,0,,0,200,2024-07-14 17:04:44.006014,,https://www.youtube.com/watch?v=HR6KzOdb_9Q,"'2022':244 '70':210,221 '80':233 'א':205 'אבל':276 'או':54C,86,120,125,128,177,197,217 'אותו':172,299 'אין':169 'אינם':93 'אישית':48C,80 'אך':267 'אכן':274 'אם':104,155,162 'אסתיה':1B 'אפילו':311 'את':152,199,254,261 'ב':211 'באותם':285 'באנשים':281 'בהכרח':94 'בהם':53C,85 'בית':32C,64,224 'במאגר':237 'במגזר':28C,60 'במדויק':271 'בממשלה':283 'במקום':314 'בתפקידו':173 'ג':222 'גזע':3B 'גיל':209,220,232 'ד':234 'האלה':257 'האנשים':96 'הבא':106 'הדבר':270 'הוא':176 'הזכויות':8B 'החדש':122 'החודשית':318 'החנינה':230 'החקיקה':11B 'היא':178 'הלחץ':149 'הם':41C,73,185 'המבצעת':295 'המדינה':16B 'המוכשרים':97 'המינוי':134,300 'המינויים':39C,71,91,256 'הממונה':105 'הממשלה':265 'הממשלתית':292 'המערכת':308 'המשפט':33C,65,225 'הנבחרים':238 'הנובעות':202 'הנמצאים':235 'הסוציאליות':201 'העליון':34C,66,226 'העסקה':182 'העצומה':319 'הפוליטי':135 'הפוליטיים':40C,72,92 'הפרוטקציונרים':262 'הצ':272 'הציבורי':29C,61 'הצעות':4B 'הקואליציה':130 'הרחקת':133 'הרלוונטיות':289 'הרשות':294 'השר':121 'השתחררות':100 'התומכים':282 'התחייבות':47C,79 'ואולי':310 'וביטול':22A 'ובלי':112 'ובנק':18B 'וחבורתו':266 'וימנעו':116 'ולאחריות':291 'ולוודא':306 'ולכאורה':258 'ולכך':191 'ולכן':99 'ומינויים':37C,69 'ומשאלי':12B 'ומשכורתם':204 'ומתקדם':108 'ועדות':287 'ועמדות':288 'ופר':273 'זאת':296 'זכויותיהם':200 'חדש':183 'חוזה':181 'חוטר':2B 'חוק':9B 'חקירה':240 'טריז':115 'יבחרו':213 'יהיו':146 'יוכלו':227,246 'יותר':109,147,313 'יחתמו':179 'יכולים':206 'ינואר':243 'יסוד':10B,15B 'יעילה':309 'יפעלו':157 'ירצו':123 'יש':279 'ישימו':114 'ישראל':19B,190 'כאילו':250 'כאשר':298 'כדי':142 'כהנחייתו':144 'כך':161,269 'כל':174,255 'כלליות':5B 'כלשהו':164 'כמו':131 'כמובן':297 'כן':132 'כרצונו':158 'לא':145,156,212,245,251,268 'לאזרחי':189 'לאחר':219 'להביא':124 'להיבחר':247 'להימנע':150 'להעמיק':305 'להשאיר':171 'להתמנות':228 'לוועדות':239 'לועדת':229 'לוקח':301 'לחוקה':6B 'לטובה':118 'ליהנות':316 'לייעל':312 'לכהן':207 'לכך':278 'לכן':159 'למי':51C,83 'למלא':214 'למנוע':110 'לעשיה':290 'לתפקודם':103 'לתפקיד':98 'מגילת':7B 'מדיניות':126 'מהטיות':195 'מהם':101 'מהמשכורת':317 'מטבע':17B 'מינוי':163 'מינויים':23A,26C,42C,58,74 'מלאבד':151 'ממשית':168 'ממשלתי':216 'ממשלתית':127 'מניעה':170 'מעבר':277 'מפלגתית':56C,88 'מצ':259 'מצהירים':186 'מצליחה':167 'מקום':153 'מקצועי':107 'משוחררת':194 'משים':113 'משמעו':136 'מתפקידם':203 'נאמנות':50C,55C,82,87 'נאמנותם':188 'נבחרו':90 'נבחרי':35C,67 'נראה':249 'עבודה':166 'עבודתם':154 'עד':208,231,242 'עדיף':160 'עוד':175 'עושה':165 'עין':141 'על':43C,75,180,187,302 'עליהם':140 'עם':13B 'עסקים':286 'עצמה':304 'עצמו':303 'עקרונות':14B 'פוליטיות':196 'פוליטיים':24A,27C,38C,59,70 'פי':44C,76 'פרים':260 'פרישת':20A,25C,30C,57,62 'צודק':252 'צורך':280 'ציבור':36C,68 'ציבורי':218 'ציבוריות':241 'קיים':275 'ראש':264 'רוב':45C,77 'רק':315 'שאנשים':137 'שבגינה':89 'שבו':184 'שבחר':52C,84 'שבטעות':111 'שהוא':138 'שהיו':236 'שהממשלה':119 'שוב':248 'שופטי':31C,63,223 'שופטים':21A 'שיאבדו':198 'שינויים':117 'שיפעלו':143 'שישבו':284 'של':46C,49C,78,81,95,129,263,293 'שם':139 'שממנים':253 'שעבודת':307 'שעבודתם':192 'תהיה':193 'תועיל':102 'תחת':148 'תפקיד':215",,,,76,2024-07-14 17:04:47.660989,f
54,82,,0,,0,0,,0,1,2024-07-14 17:19:39.149533,,https://www.youtube.com/watch?v=Fp0YmeYLeSA,"'-3':376 '000':215 '16':516 '18':214 '2':375 '2020':285 '30':442 'א':273 'אבל':300 'אדירה':309 'אדם':387 'או':90,116 'אוחז':143 'אוטומטית':416,452 'אולי':408 'אומר':294 'אזרחי':345 'אחרון':200 'אחרות':272 'אחרת':295 'אחת':373 'איך':239 'אין':302 'אלא':391 'אלו':174 'אם':436 'אמון':494 'אמונים':395 'אנשים':517 'אסתיה':1B 'אצלנו':253 'אשר':148,207 'את':195,202,241,274,290,382,458,474 'ב':358 'בארץ':85,91,111,117 'בארצות':35C,66,107,133 'בבית':335 'בגלל':236 'בגמלאות':371 'בה':87,93,113,119 'בהטבות':173 'בזמן':343 'בחוק':298 'בחרו':263 'בטווח':441 'בידו':144 'בידיו':417 'ביום':283 'ביותר':462 'ביטול':17A,21C,52 'בימת':511 'בישראל':20A,47C,78,136,227 'בית':185,364,368 'ביתו':203 'בלי':341,356 'במליאה':509 'במשך':399 'בניו':42C,73 'בסיום':426 'בעיה':288 'בעל':491 'בעמידה':518 'בעצמאות':232 'בשביל':479,519 'בשגרירויות':433 'בשום':354 'בשנה':211 'בתצלומים':330 'ג':412 'גבוהות':398 'גודל':27C,58 'גזע':3B 'דוכן':512 'דין':365 'דירה':189,206 'האוכלוסיה':28C,59 'האחרים':347 'האם':472 'האמונים':254 'הארץ':24C,55 'הברית':36C,67,108,134 'הגבלת':191 'הגיוני':380 'הדוגמאות':268 'ההפרשות':161 'ההשבעה':520 'הוא':44C,75,137,141,296 'הזה':159 'הזמן':260 'החודשית':210 'החוקה':16B 'החיילים':435 'החלטה':486 'החליטו':258 'החנינה':384 'הטקסים':275 'היא':29C,49C,60,80,98,124,213 'היה':352 'היכולה':514 'היתה':234 'הכי':423 'הכנסת':508,513 'הכרזת':445 'הלאה':319 'הלפני':199 'הלשכות':317 'המדינה':12B,198 'המוסד':158 'המורכב':366 'המיליארדים':475 'המיסים':181,221 'הממשל':231 'הממשלה':278,414,450 'המסודר':244 'המערך':242 'המפלגה':421,455 'המשכן':311 'המשמעות':247 'המשפט':369 'הן':323 'הנושא':496 'הנשיא':4B,291,326 'הנשיאות':19A,23C,54 'הסוברני':245 'הסופי':448 'הסוציאלים':316 'הסיבה':222 'העיר':32C,41C,51C,63,72,82 'העלויות':320 'העלות':156 'העליון':370 'העניינים':14B 'העצמאות':284,484 'הערה':279 'הפוליטי':243 'הפרטי':204 'הצליח':438 'הקודם':327 'הקולות':429,447,460 'הקלפיות':432 'הראה':281,328 'הראשונה':212 'הרבה':94,120,378,424 'הרבים':461 'הרגשה':176 'הרכבת':413,449 'השבעת':498 'השימוש':172 'השכירות':209 'השכר':314 'השפיטה':7B 'השקלים':477 'התאמות':38C,69 'התנאים':315 'ואסור':351 'ואפילו':339 'ובנק':9B 'ובשביל':497 'והוצאה':307 'והכנסת':48C,79 'וידעו':402 'וינתנו':361 'וכך':463 'וכן':318 'וכנראה':251 'וכפי':166 'ולא':336 'ולנשיא':183 'ומבנה':15B 'ומה':246 'וקלפיות':434 'ושכר':205 'ותחזוקתו':312 'זאת':155 'ח':217 'חברי':507 'חגיגות':482 'חדשה':500 'חוטר':2B 'חוק':5B 'חנינה':488 'חנינות':359 'חשבון':219 'טקס':480 'יבדקו':360 'ידי':363,490 'ידע':389 'ידעו':238 'יו':419 'יום':443,483 'יורק':34C,43C,65,74 'יותר':379,503 'יחידות':101,127 'ייצוגי':140 'ייצוגית':306 'יכלו':349 'ימלא':276 'יסוד':6B 'יסתדרו':261 'יעשה':505 'ישראל':10B,233,346 'כאשר':501 'כולל':430 'כי':97,123 'כיבוי':256 'כיצד':403 'כל':145,249,267,428 'כלום':338 'כמו':31C,62,106,132 'כמעט':30C,61 'כנראה':235 'כנשיא':333 'כספי':179 'כספית':308 'כרגיל':252 'כרצונו':299 'כשהחליטו':228 'כשמחפשים':37C,68 'ל':374 'לא':142,149,348,385,437,468 'לאחר':444 'לאחרונה':171 'לאכלס':515 'לארח':340,350 'לדמות':305 'להחליף':289 'להטיל':381 'להיות':353 'להם':270 'להעבירו':151 'להקים':240 'להרכיב':439 'להתייחס':404 'להתמהמה':471 'לו':287 'לטובת':162 'ליו':453 'ליצור':264 'לכך':223 'לכן':262 'ללא':184,190,388,409 'למידע':405 'לממסד':152 'למעשה':301,325 'למרות':292 'לנו':282,329 'לעומת':154 'לעשות':337 'לפני':193 'לפניהם':407 'לשבת':334 'לשעבר':164 'מאחר':182 'מבחינת':26C,57 'מבקר':11B 'מגיע':186 'מדינות':105,131 'מדמוקרטיות':271 'מהנשיא':169 'מהרבה':100,126 'מול':506 'מוסד':18A,22C,53 'מוסדות':230 'מועצת':50C,81 'מורכבת':99,125 'מושלי':104,130 'מטבע':8B 'מי':393 'מיוחד':147 'מימון':187 'מכר':201 'ממונה':84,110 'ממשל':265 'ממשלה':46C,77,89,96,115,122,440,467,499 'מנדטים':425 'מסכה':342,357 'מספר':459 'מעל':510 'מקום':355 'מקצועי':390 'משוא':410 'משופטי':367 'משלמי':180,220 'נוספות':39C,70 'נושא':383 'נותן':175 'ניו':33C,64 'ניצול':178 'ניתן':150 'נשיא':83,109,135,197,226 'נשיאים':163,322 'נתניהו':280 'סוברניות':102,128 'סיבה':304,470 'סיכום':446 'ספירת':427 'עד':465 'על':218,229,255,310,313,362,386,392,396,487,489,495 'עלויות':192 'עלות':208 'עם':103,129,266 'עצומה':160 'עצומות':165,324 'ערך':146 'ערכאות':397 'עשה':297 'פנים':411 'פתיחת':481 'קבלת':485 'קיים':153 'קלטתם':473 'ר':420,454 'ראוי':502 'ראש':40C,45C,71,76,88,114,277 'ראשי':95,121 'רבות':401 'רואים':168 'רק':138 'ש':216 'שאין':86,112,286 'שאיננו':493 'שאנחנו':167 'שאפשר':332 'שבוזבזו':478 'שבחרו':224 'שבמשך':259 'שהחוק':293 'שהיו':269,394 'שהמעשה':504 'שום':303 'שיהיה':225 'שיוצג':406 'שיפעל':372 'שיש':92,118 'שכל':344 'שכר':188 'של':157,177,248,321,418,431,476 'שלא':237 'שלנו':25C,56 'שניה':457 'שנים':377,400 'שסיים':194 'שפרש':170 'שצולמו':331 'שקבלה':422,456 'שרפות':257 'שתורכב':466 'תהיה':415,469 'תואר':139 'תוכן':13B 'תעבור':451,464 'תפקיד':250,492 'תפקידו':196",,,,77,2024-07-14 17:20:07.882132,f
55,82,,0,,2,0,,0,200,2024-07-16 13:29:53.971086,,https://youtu.be/CRCxsk8tt9g,"'או':142 'אזרח':40C 'אזרחי':50,127,190 'אין':192 'איננו':182 'אישיות':141 'איתם':21C 'אלא':139 'אמיתי':112 'אסתיה':1B 'את':33C,36C,116 'בגלל':102,108,199 'בדומה':161 'בדמוקרטיה':155 'בהפרדת':163 'בו':91,123 'בחוק':29C,57 'ביטול':4A,41,147 'בינלאומיות':145 'במקום':107 'בן':171 'ברור':69 'בשימוש':13C 'בשעות':46 'בשעת':78 'בתירוץ':24C 'בתנאים':14C 'גוריון':172 'גזע':3B 'דוד':170 'דיקטטורה':158 'הדיקטטורי':180 'הדמוקרטיה':34C,62,152,188 'ההסדרים':6A,10C,30C,43,58,149,160 'הזה':181 'החוק':179 'החליטו':96 'היה':12C,101,135 'היתה':63 'הכי':15C,47 'הכיפורים':54 'המחוקקת':121 'המינוי':117 'הממשלה':75,114,203 'המשתמשים':154 'העבר':174 'הפחדים':168 'הראשון':204 'הרסני':197 'הרשויות':164 'הרשות':120 'השימוש':89 'השתמשו':56,122 'ואחרות':146 'ואינטרסים':105 'והוא':185 'והיה':68 'וכנסת':95 'ולבטל':38C 'ולהצר':35C 'ונגד':189 'ועם':129 'וערכית':65 'זאת':23C 'זה':84 'זכויות':39C 'זרות':144 'חברי':93 'חוטר':2B 'חוק':5A,9C,42,83,148,159,195 'חירום':8A,45,60,79,111 'חשד':130 'חשובה':64 'יגן':150 'יום':53,133 'ייענו':72 'ישראל':19C,51,71,128,138,191,206 'כאשר':92 'כדי':31C,156 'כה':196 'כי':61,88,178 'כמסתמן':25C,124,166 'כפי':80 'כראוי':77 'לא':11C,55 'לגולדה':66 'לדמוקרטיה':184 'להיעלם':86 'להעניקו':97 'להשאיר':194 'להתמודד':20C 'לזמן':7A 'לחוקק':118 'לחסל':32C 'לטובת':98,126,136 'ליצור':157 'למטרות':140 'לנו':177 'לסדר':132 'לעומת':22C 'לעיוות':162 'לפני':119 'לפעול':76 'לקריאה':73 'לשעת':44,59 'מאיר':67 'מדינת':137 'מהשטח':87 'מטרות':143 'מלחמת':52 'ממשלה':94,100 'מנוצל':186 'מניפולטיבי':26C 'מסתמן':131 'מפני':153 'מצב':110 'מצביע':165 'מקום':193 'מראה':176 'מתאים':183 'נגד':187 'ניסיון':173 'נעשה':27C 'על':18C,151,167 'עסקנות':103 'פוליטית':104 'פחדיו':200 'צעדיהם':37C 'צריך':85 'קואליציונים':106 'קריטיות':48 'קשים':16C 'ראש':202 'ראשי':99,113 'רק':198 'שאזרחי':70 'שהיה':17C,109 'שימוש':28C 'של':49,74,169,201,205 'שלא':125,134 'שלנו':175 'שנהגו':81 'שנעשה':90 'שקבלו':115 'תמיד':82",,,,78,2024-07-16 13:29:57.847111,f
56,82,,0,,0,0,,0,1,2024-07-16 13:58:16.454757,,https://youtu.be/VZJz_HWC9sQ,"'או':45C,108,121,123,149 'אזרחיה':134 'אנשי':80 'אנשים':56 'אסתיה':1B 'ארגון':36C 'את':73,105 'באנשי':22A 'בארגונים':65 'בבחירתם':76 'בגלל':115 'בדרך':98 'בהכרח':79 'בלי':24A 'במוסדות':66 'בעלי':126 'בשלושת':33C 'בתחומי':61 'בתפקוד':96 'גזע':3B 'דם':151 'האינטרסים':49,109 'האפשר':94 'ההחלטות':64 'החלטות':100 'החלפת':19A 'היא':54 'המדינה':6B,9B,15B 'המינויים':31C 'המקבלת':39C 'הן':58,95 'הנאה':146 'הפוליטיים':32C,110 'הפעילות':62,128 'הצעות':10B 'הרשויות':34C,48C,69 'השפיטה':18B 'התפקידים':106 'ואגודה':38C 'ובזרועות':67 'ובכל':35C 'ובתוכן':101 'והן':70,97 'וטייקונים':53 'ויעילה':92 'וכלל':133 'ולא':144 'ומקצועיות':117 'ופיטורי':29C 'וקבלת':63 'חוטר':2B 'חוק':13B,16B 'טייקונים':125 'יהיו':139 'יוצא':141 'יותר':46C,90 'יסוד':8B,14B,17B 'יש':135 'ישראל':132 'כדי':71,82,86 'כטובת':145 'כי':137 'כישרון':116 'ככל':93 'כל':30C 'כלליות':11B 'כלשהו':41C 'להיות':113,130 'לוודא':136 'לונטיני':85 'לחוקה':12B 'לטובת':131 'למקם':55 'למרות':77 'לנתק':104 'לקדם':87 'לתגמל':72 'מאחת':44C 'מבחינת':59 'מבנה':4B 'מגופים':42C 'מהנטיה':107 'מומחיות':143 'מוסרית':89 'מחוייבת':129 'מחליפים':28C 'מי':74 'מימון':40C 'מינויים':20A,111,138 'מממשל':84 'ממשלתיים':43C 'מנותק':118 'מערכת':88 'מציאת':27C 'מקצוע':23A,81 'מקצועית':91 'מקשרים':119 'משלושת':47C 'משפחתיים':122 'נאמנויות':25A 'נטו':114 'עלינו':103 'עם':124 'עמותה':37C 'עניין':127 'עסקנות':51 'עקרונות':7B 'פוליטיות':26A 'פוליטיים':21A,120 'פוליטית':52 'פועל':140 'צרכים':112 'קבלת':99 'קשרי':150 'רשויות':5B 'שאינם':78 'של':50,142 'שלהם':57 'שלהן':102 'שלושת':68 'שליטה':60 'שנמנע':83 'שתמכו':75 'תגמול':147 'תמיכה':148",,,,79,2024-07-16 13:58:20.061038,f
57,82,,0,,3,1,,0,300,2024-07-16 14:04:55.528563,,"","'או':24A 'אותה':104 'אותן':103 'אחד':101 'אם':105 'אסתיה':1B 'אשמ':108 'את':39C,69,114 'בגין':121 'בהבאת':45C,75 'בפלילים':31A,35C,65 'גזע':3B 'ד':119,127 'דין':100 'ה':107,109,134 'הגיוני':54C,84 'ההוכחות':46C,76 'החשוד':133 'החשודים':30A 'הכנסת':9B 'הכספים':116 'המדינה':12B,15B 'המייצג':120 'הנחשד':94 'הניתנת':33C,63 'הנקיה':41C,71 'העבודה':40C,70 'העומד':135 'הפרטי':131 'הפרקליטות':19A 'הצעות':16B 'השאלות':48C,78 'השפיטה':6B 'השפעות':43C,73 'התמיכה':32C,62 'ואנושי':55C,85 'ולהקשיב':58C,88 'ולייעץ':60C,90 'ומהלכי':49C,79 'ונשיא':29A 'זה':53C,83 'זרות':44C,74 'חהחה':110 'חוטר':2B 'חוק':4B,7B,13B 'יוכל':96 'יסוד':5B,8B,11B,14B 'כ':23A 'כולל':26A 'כל':115,123 'כלליות':17B 'כן':93 'כשעליהם':56C,86 'לבחור':98 'להם':61C,91 'להתמודד':57C,87 'לח':22A 'לחוקה':18B 'לחשודים':34C,64 'לייצג':102 'לממן':113 'למעשה':36C,66 'למשפט':137 'לנאשמים':59C,89 'לעו':118 'מההתחלה':129 'מהכיס':130 'מהפרקליטות':38C,68 'מונעת':37C,67 'מכל':42C,72 'מלייעץ':21A 'ממשלה':25A,28A 'מפניות':52C,82 'משפט':50C,80 'נמצא':106 'נקיים':51C,81 'עבודתי':122 'עו':126 'עורך':99 'על':92 'עליה':112 'עליו':111 'עקרונות':10B 'ראש':27A 'שאלת':47C,77 'של':125,132 'ששולמו':117 'ת':95,136 'תהיה':128 'תוכל':97 'תוספת':124 'תמנע':20A",,,,80,2024-07-16 14:04:59.405355,f
58,82,,0,,1,0,,0,100,2024-07-16 14:18:49.406447,,"","'4':21A,32C,65 'או':95,100 'אחרי':63 'אין':125 'אמון':40C 'אנשי':71,96 'אנשים':127 'אסתיה':1B 'ארגונים':54C 'את':39C,68,79,84 'באישור':17A 'בגלל':119 'בזרועות':35C 'בטחון':85 'ביון':94 'ביטחון':80 'בישראל':104 'בכל':24A 'במועדונים':53C 'בצבא':105 'בקריטריונים':43C 'גורם':132 'גזע':3B 'האזרחים':41C 'הבחירה':42C 'הבטחון':7B 'הביטחון':26A,36C,62 'הדרגות':66 'החוקה':18A 'החלפת':20A,31C 'המדינה':10B,13B 'המונעת':112 'המקצוע':72 'המתאימים':46C 'הנחיות':91 'הנמצאים':103 'הנקיים':49C 'הספציפי':48C 'הפועלים':128 'הצעות':14B 'הקודים':69 'וזהותם':77 'וחברויות':52C 'וכוחות':6B 'ומיקום':70 'זר':133 'זרועות':25A 'חוטר':2B 'חוק':8B,19A 'חייהם':76 'חלק':60 'יסוד':9B,12B 'יצירת':28A,110 'יש':57,106 'ישראל':86 'ישראלים':56C 'כאלה':102 'כדי':73 'כוח':97 'כי':108,124 'כישורים':45C 'כלליות':15B 'ל':5B,99 'לא':55C 'להגיע':115 'להגן':74 'להחזיר':38C 'להקים':58 'לוודא':78,87,107,123 'לחוקה':16B 'לעמדת':116 'לפי':90,129 'לקיים':83 'לשנות':67 'לתפקיד':47C 'מאנשים':113 'מדיניות':130 'מוכשרים':114 'מזרועות':61 'מחדש':59 'מחו':98 'מטה':118 'מי':81 'מניעת':27A 'מפעילים':101 'מקצועיים':44C 'מקשרים':50C 'על':75 'עקרונות':11B 'ערכית':121 'פוליטיים':51C 'פועלים':89 'פיטורי':64 'פיקוד':23A,30A,34C 'צה':4B 'קליקה':111 'קליקת':29A 'קצונת':117 'רמות':22A,33C 'שאינם':88 'שאמורים':82 'שונה':122 'שירותי':93 'של':92,131 'שם':126 'תאפשר':37C 'תימנע':109 'תפיסה':120",,,,81,2024-07-16 14:18:52.817742,f
59,82,,1,,2,1,,0,200,2024-07-16 14:31:47.996992,,"","'או':119 'אזרחיה':105 'אזרחים':53C,82 'אישים':36C,65 'אנשי':25A,57C,86,93,109 'אסתיה':1B 'אקדמי':60C,89 'בה':30A 'בועדות':23A 'בחירת':21A 'בעל':42C,71 'בפנסיה':121 'ברשימה':28A 'בתחום':111 'גזע':3B 'דין':118 'דת':7B 'האתניות':97 'הוא':99 'הכנסת':11B 'המדד':98 'המדינה':14B,20B 'הנבדק':112 'הפרטי':114 'הצעות':4B 'הקבוצות':96 'הרגלים':47C,76 'הרשימות':91 'השפיטה':17B 'ובלי':46C,75 'והעמקה':41C,70 'וכלל':104 'ומהמשפט':116 'ומשפטי':61C,90 'ונאמנויות':49C,78 'ונאמנות':101 'ועדה':107 'חוטר':2B 'חוק':9B,12B,15B 'חקירה':24A,39C,68 'חשיבה':43C,72 'יכללו':92 'יסוד':10B,13B,16B,19B 'יעילות':40C,69 'כה':32A 'כל':106 'כלליות':5B 'כמו':51C,80 'לבחירת':54C,83 'להימנע':33C,62 'לועדות':38C,67 'לחוקה':6B 'לישראל':102 'לקופסה':45C,74 'מבין':56C,85 'מדינה':8B 'מהאקדמיה':115 'מהמגזר':113 'מהפרטי':59C,88 'מהרשימה':34C,63 'מושבע':55C,84 'מחויבויות':48C,77 'מחוץ':44C,73 'מכל':95 'מקצוע':26A,58C,87,94,110 'מקצועיות':100 'משתתפים':22A 'עברית':103 'עד':31A 'עורכי':117 'עקרונות':18B 'פוליטיות':50C,79 'רשימות':52C,81 'שאינם':27A 'שבוחרים':37C,66 'שהשתמשו':29A 'שופטים':120 'של':35C,64 'תכלול':108",,,,82,2024-07-16 14:32:24.217102,f
60,82,,0,,4,0,,0,400,2024-07-16 14:56:55.072956,,"","'1':157 '2':176 '20':188 '2018':56 '2020':217 '3':204 '4':184 'א':146,156,175,203 'אדם':123 'או':141,349 'אוכל':348,380,428 'אוכלים':379 'אותה':366 'אותו':432 'אותם':81,106 'אזרחי':117 'אחד':189 'אחריות':138,370 'איומה':90 'איכות':312 'אך':169,264,388 'אליהם':409 'אמיתי':394 'אנחנו':116 'אספקת':300 'אסתיה':1B 'ארוחה':406 'אשר':416 'את':84,128,161,195,384 'ב':218 'באוכל':395 'בבסיסים':445 'בגלל':346,350 'בהתאם':235 'בו':307 'בודדים':159 'בוקר':439 'ביבוא':94 'בישראל':75 'בכל':305,342 'בלילה':442,460 'במהלך':262 'במעמדם':130 'במשך':400 'במשק':271 'בני':122,277 'בסדיר':22A,44C,54,149,178,291 'בפיקוח':337 'בפעולה':421 'בצבא':21A,174 'בצה':289 'בצרכי':112 'בקבע':150,209 'בריאות':77 'בשירות':213 'בשכר':167 'בשמירה':399 'בשנים':55 'בשעה':435 'בשעת':424 'בשפע':429 'בשרי':36C 'ג':224 'גודלו':70 'גזע':3B 'גיבור':259 'גם':404 'ד':247 'דירה':168 'ה':293 'האוכל':113,385,425 'האוצר':155 'האחרון':255 'האחרים':35C 'האסורים':74 'הבטחון':7B 'הביטחון':223 'הבסיסיים':375 'הגדלים':96 'ההנחות':285 'ההפרשות':205 'הוא':314 'החטיבה':362 'החיילים':25C,85,115,120,173,208,374 'החקלאית':31C 'הטיפולים':238 'היה':67 'היו':58,79 'הישירה':279 'היתה':89 'הכוללות':403 'הם':121,308 'המדד':50C 'המדינה':13B 'המזון':23C,34C,52,140 'המחירים':47C 'המינימום':163,197,234,270 'המסחר':339 'המקור':65 'המשפחה':202,278 'המשרתים':20A,191 'המתקיימות':180 'הן':30C 'הנדרש':240 'הנהוגות':212 'הנופלים':251,281 'הנפגעים':242 'הסחף':129 'הסכמים':324 'העגבניות':88 'הצבא':297 'הצורה':86 'הציבורי':214 'הצעות':8B 'הקצונה':135,371 'השירות':263 'השכר':254 'התעשיה':340 'התרופות':237 'וביחידות':446 'ובמילואים':151 'ובנוסף':92 'ובנק':15B 'ובקבע':292 'וההטבות':286 'והחקלאות':341 'והלאה':57 'והם':357 'והן':32C 'והנכים':282 'וטוסטר':451 'ויערוך':433 'וירקות':382 'וכוחות':6B 'וכל':239 'וכן':452 'ולא':321 'ולהן':183 'ומהווים':101 'ומי':430 'ונכדים':125 'ועזרה':166 'ועלולים':78 'וערב':441 'וצמחוני':38C 'ושוקולד':449 'ושכר':18A 'זאת':143 'זהות':210 'זו':193,369 'זלזול':111 'חודשי':249 'חודשית':165 'חוזרים':355,437 'חוטר':2B 'חומוס':448 'חוסר':393 'חייבים':126 'חייבת':298 'חיילי':132,329 'חיילים':148,158,177,377,397 'חלבי':37C 'חמה':455 'חקלאים':327 'חקלאית':335 'טבעוני':39C 'יבוא':322 'יביאו':408 'ידי':154 'יהיה':26C,252,315 'יחזרו':417 'יחידה':367 'ילדים':124,185 'יממנו':383 'יסוד':12B 'יעמדו':283 'יפחת':266 'יקבל':194 'יקבלו':160,332 'יקטן':230 'יקרה':390 'ירקות':95 'יש':40C,443 'ישולם':152,272 'ישולמו':221,243 'ישירים':325 'ישמר':426 'ישנים':459 'ישראל':16B,118,260 'ישראלים':328 'ישראלית':29C,318,336 'כאשר':49C,396 'כדי':82,199,310,412 'כולו':316 'כחול':319 'כל':284 'כלליות':9B 'כמו':107 'כמסתמן':97 'כמשכורת':164,198 'כן':108 'כענישה':144 'כריכים':410 'כתשלום':253 'ל':5B,64,134,228,246,275,290,304,331 'לא':170,229,265,389 'לאוכלים':105 'לאומי':182 'לאספקת':139 'לבן':320 'לבסיס':418,423 'לגיל':187 'להם':427 'להפחית':413 'להפרשות':211 'להרעיל':80,83 'להשאיר':444 'לוודא':41C,299,311,372 'לזכות':276 'לחוקה':10B 'לחיילי':62,302,365 'לחיילים':53,295 'לחם':447 'ליצור':323 'למדד':46C,257 'למריחה':450 'למשפחות':179,250 'למשרתים':288 'לנכי':226 'לעזור':200 'לעיניי':91 'לעצור':127 'לפגיעה':236 'לפני':353 'לפנסיה':206 'לפרנסת':201 'לצרכן':48C 'לקחת':137 'לרווחת':241 'לרעוב':359 'מבושל':381 'מביטוח':181 'מדובר':93 'מהחיילים':190 'מזון':17A,294,301,313 'מחבל':68 'מחוץ':422 'מטבע':14B 'מטעמי':76 'מי':72,99,419,457 'מיחם':453 'מינואר':216 'מכיסם':387 'מכפולה':231,267 'ממשימתם':438 'ממשכורתם':145 'ממשמרת':356 'ממשפחה':192 'מסופקים':376 'מסעדה':364 'מענקי':219 'מצב':391 'מקובלות':407 'מקום':306 'מקרה':343 'מקרים':59 'משביעים':411 'משכורת':360 'משכר':172 'משרד':338 'מתחת':186 'מתקציב':222,244,273 'נגמר':352 'נמצאים':309,398 'נראה':109 'נשארים':358 'סוגי':33C 'עבור':456 'עד':415 'עולה':51C 'עזה':69 'על':71,98,153 'עלית':42C 'עם':326 'עקרונות':11B 'פוטנציאל':102 'פחות':171 'צה':4B,63,133,227,245,274,303,330 'צהרים':440 'צמוד':256 'צמודה':45C 'צריכה':136 'קצונת':296 'קצין':361 'קשה':104 'רבות':402 'רטרואקטיבית':215 'רעב':345,414 'רק':27C,333 'שאין':347 'שאינם':378,458 'שבשבילנו':119 'שהאוכל':351 'שהיו':420 'שהם':436 'שהעגבניות':60 'שולחנות':434 'שופכין':73 'שחיילים':354 'שחרור':220 'שיחמם':431 'שיממנו':142 'שיש':110,287,392 'שכר':43C,147,162,196,233,269 'של':19A,87,114,131,207,232,258,268,280,344 'שלהם':66,386 'שמקבלים':24C 'שמת':261 'שסופקו':61 'שעות':401,405 'שפכים':100 'שצרכי':373 'שרעבו':368 'שתיה':454 'תברואתי':103 'תוצרת':28C,317,334 'תממן':363 'תשלום':225,248",,,,83,2024-07-16 14:57:03.797088,f
61,82,,0,,1,0,,0,100,2024-07-16 15:10:36.568098,,"","'8':142 '8.10':145 'או':190,195 'אותן':188 'אזרחים':19C,55 'אחרים':95 'איסור':176 'אסתיה':1B 'אפודי':153 'את':108,120 'ב':144 'בבורסה':30C,66 'בו':35C,71 'בטחון':111 'בלוחמים':166 'במזון':159 'במלואן':191 'בניו':31C,67 'בעולם':45C,81,96 'בעזה':137 'בעלי':82 'בצבא':48C 'בצו':141 'גורמים':36C,72 'גזע':3B 'גם':170 'האווירית':174 'האינטרסים':109 'הביאה':127 'ההפרטה':113 'הוא':17C,53 'הוביל':157 'הזה':156 'החזרת':4A 'היה':133,147 'הכניסה':119 'הכספים':121 'המילואים':139 'המצב':155 'המקורי':9A 'הנשק':130 'הסטטוס':180 'העסקי':126 'הפיכתו':20C,56 'הפרטתן':14A 'הצבא':5A,98,115 'הצבאיות':172 'הצבאית':7A 'הרווחים':125 'התעשיות':171 'ואזרחים':150 'ואיסור':13A,185 'והתעשיה':6A,173 'וחימוש':42C,78 'ולאחר':23C,59 'ולהעבירו':93 'ולכך':160 'ולקיים':49C 'ונשק':92 'ושתיה':169 'זר':196 'זרה':105 'זרים':37C,73,85,102 'חברה':183 'חברות':11A 'חוטר':2B 'חלקית':189 'חסר':50C 'חשבון':100 'יהיה':175 'יורק':32C,68 'יכולים':38C,74,86 'יצרה':33C,69 'ישראל':112 'כולל':167 'כל':163 'כלשהו':193 'ל':16C,46C,52 'לא':132,146 'לגורם':192 'לגורמים':101 'להחליט':39C,75,87 'להעביר':40C,76 'לחברה':21C,26C,57,62,116 'לחזית':143 'לחילי':138 'לכך':128 'לכל':43C,79 'למחזור':124 'למחסור':158 'למכור':187 'למלחמה':136 'למקומות':94 'לנגוד':107 'לסטטוס':8A 'לעשות':89 'לתת':99 'מגן':149,154 'מדיניות':104 'מה':88 'מהאוצר':123 'מהמקורי':182 'מוחלט':177,186 'מזון':168 'מיושנים':131 'מכירת':114 'מכירתו':25C,61 'מכן':24C,60 'ממנו':151 'ממשלתית':22C,58 'מניות':83 'מספיק':134 'מצב':34C,70 'מקום':44C,80 'מקומי':194 'נמצאה':162 'נסחרות':29C,65 'על':97,178 'עם':90,103 'פגוע':47C 'פרטית':27C,63,117 'צבא':18C,54 'צה':15C,51 'ציבוריות':12A 'ציבורית':184 'ציוד':41C,77,91,148 'רכש':152 'שינוי':179 'שכלי':129 'שכמסתמן':118 'של':10A,110 'שלא':161 'שלהן':181 'שליטה':84 'שמניותיה':28C,64 'שנקראו':140 'שעלולה':106 'שקבלה':122 'שרשרת':164 'תחמושת':135 'תמיכה':165",,,,84,2024-07-16 15:10:38.863192,f
62,82,,0,,0,0,,0,1,2024-07-16 15:22:21.976809,,"","'או':45C,81 'אזרחי':18C,54 'אחיהן':161 'אחרים':14A 'אלפים':34C,70 'אסתיה':1B 'אפילו':114 'ארצות':144 'את':116,160 'בגלל':136 'בהסכם':110 'בו':95 'בחלקה':109 'בישראל':131 'בעוד':47C,83 'בתנאי':124 'בתשלום':6A 'גזע':3B 'דלק':11A,46C,82 'החוץ':112 'החשמל':43C,79 'היה':94 'היכולות':147 'המוסלמים':162 'המועברים':25C,61 'המוצרים':24C,60 'המים':44C,80,118 'המקומיים':133 'המרת':97 'המתנגדים':49C,85 'הניתנת':119 'הסכם':90,125 'העברה':4A 'העלה':115 'העלויות':22C,58 'השלום':91,126 'התפלת':150 'והם':134 'והרשות':17A 'ולהעביר':155 'ומוצרים':13A 'ומי':37C,73 'ומקבלת':103 'ושר':111 'זאת':52C,88 'זרות':28C,64 'זרים':48C,84 'חוטר':2B 'חינם':26C,53C,62,89,140 'חשמל':10A,154 'ייצור':153 'ירדן':93,99,106 'יש':32C,68,142 'ישראל':19C,55 'יתכן':30C,66,128 'כדי':158 'כסף':40C,76 'לא':29C,65,107,127 'לאויבנו':141 'להם':39C,75 'להקים':148 'לידיים':27C,63 'לירדן':15A,120 'ללחם':36C,72 'לממן':159 'למרות':121 'לערבה':102 'לפיד':113 'לצרכנים':132 'לקיומנו':50C,86 'לשלם':41C,77 'מאות':33C,69 'מהדלק':156 'מהכינרת':105 'מוסלמיות':146 'מוקדם':7A 'מזון':12A 'מים':9A,98,101,104,151 'מכסת':117 'מספיק':143 'מעבירה':100 'מעמד':96 'מקבלים':51C,87 'משלמים':20C,56 'מתקני':152 'נובעים':135 'עבור':21C,42C,57,78 'עולים':130 'עומדים':123 'עזה':16A 'עם':92 'עמדה':108 'ענק':138 'עשירות':145 'קמויות':137 'רעבים':35C,71 'רק':5A 'שאין':38C,74 'שבישראל':31C,67 'שהמחירים':129 'של':8A,23C,59 'שלא':122 'שלהן':157 'שמעבירים':139 'תחנות':149",,,,85,2024-07-16 15:22:25.162327,f
63,35,,0,,7,5,,0,700,2024-07-16 17:13:06.338222,,"","'amos':1B 'cohen':2B 'אזרחי':83 'איך':78 'אליטות':69 'אקראי':23C,54 'ארגון':15C,46 'את':37,140 'באופן':22C,53 'באיזה':98 'בהגרלה':123,129 'בהכנת':88 'בהם':127 'בחירת':32 'בין':110 'בכל':115,130 'בעלי':18C,49,153,156 'בשיטת':10A,41 'גבוהה':155 'גברים':151 'דתיים':150 'האוכלוסייה':142 'האזרחים':111 'הגרלה':109 'הוגנת':62 'הזוכים':122 'החוקה':40,89 'החלטות':74 'החקיקה':101 'היא':13C,44,61 'הישראלית':146 'הכולל':93 'הכינון':9A,35 'הכנסה':154,157 'הם':102 'המדינה':84 'המקומות':126 'הסורטיציה':11A 'הסוריטציה':42 'העיקריות':143 'הצעה':6A,30 'הצעות':38 'הרשימה':134 'השיטה':60,80 'ובעלי':70 'וחסרת':76 'וכו':161 'וכלכליים':96 'וכן':97 'וממשל':16C,47 'ומעודדת':72 'חברה':145 'חברי':33 'חברתיים':95 'חוק':3B 'חוקה':5B 'חילוניים':149 'חלק':87,105,114 'יהודים':147 'יצאו':128 'יצוג':66 'יתר':67 'כינון':4B 'כך':138 'לבחירת':7A 'למלא':91 'לקחת':86,104,113 'לשיטת':31 'מאגר':25C,56 'מאפיינים':94 'מוכנת':119 'מחודש':137 'מעוניינים':103 'מקטינה':63 'מרכז':159 'מתבקשים':90 'מתוך':24C,55 'נבחרים':21C,27C,52,58 'נמוכה':158 'נערכת':108 'נשים':152 'סדר':125 'סורטיציה':12C,29,43 'סידור':136 'עוברת':135 'עניין':71 'עניינית':75 'ערבים':148 'פוטנציאליים':28C,59 'פועלת':79 'פי':124 'פניות':77 'פריפריה':160 'פרקי':39 'צוותי':8A,34 'ציבוריים':20C,51 'קבוצות':141 'קבלת':73 'ראשון':82 'רביעי':133 'רשימה':120 'שאלון':92 'שביקשו':112 'שבמסגרתה':17C,48 'שחיתות':64 'שיטת':14C,45 'שיכינו':36 'של':26C,57,68,100,121,144 'שלב':81,106,117,132 'שלטונית':65 'שלישי':118 'שמעוניינים':85 'שני':107 'שתייצג':139 'תחום':99,116,131 'תפקידים':19C,50",,,,86,2024-07-16 17:13:39.677258,f
64,100,,0,,0,0,,0,1,2024-07-19 11:31:44.680103,,"","'אבל':128 'אך':172 'את':21C,69,109,118,122,131 'באה':116 'בבית':158 'בזמן':199 'בחינה':48 'בכל':112 'בכלי':61,72,88,125,135,173 'במספר':77 'במקום':95 'במקרים':139 'בניגוד':100 'בעל':175 'גדול':78 'גדולה':153 'גם':144 'דרגת':22C,31C,93 'האפשרות':70,86,110,123,190 'הגבלת':5A 'ההגבלה':119 'ההצעה':18C,59,115 'הוא':46,55,143,187 'החדש':166 'החוק':165,186 'החיים':58 'היחיד':37 'המשפט':159 'הנהג':11A 'הנהיגה':24C,106,133,142 'הקיים':102 'הרשיון':54,98,145,161,169 'השארת':85 'התנאי':36 'ולשלול':120 'ומסוכנים':16C,45 'ומציעה':67 'ח':2B 'חופש':132 'יאפשר':167 'יותר':15C,34C,179,198 'יטען':157 'ישנם':12C 'כבדה':150 'כבדים':44,195 'כבעלי':64 'כיום':35 'כלי':42,113 'כמו':180 'כמות':152 'לאפשר':129 'לבעל':168 'לדוגמה':147 'להגביל':20C 'להמשיך':170 'להתפרנס':164 'לו':130 'לכל':57 'לכלי':28C 'למי':75 'למסוכנים':197 'למצב':101 'למתן':117 'לנהוג':71,87,111,124,171,191 'לעבוד':146 'לקבלת':38 'לשלול':68 'מהנהג':108,121 'מיומנות':50 'מכירה':60 'ממי':201 'ממנו':163 'מסוכנות':10A,32C,65,177 'מסוכנים':14C,27C,74,83,91,127,137 'מעבר':47 'מציעה':19C 'מרגע':52 'משאית':149,181 'נהג':148 'נהגים':26C,82 'נהיגה':4B,7A,40,51,81 'נוסף':184 'נמוכה':33C,178 'סידרתי':205 'עבירות':80,155 'עבריין':203 'על':8A,41,192 'עם':30C 'עצמו':99 'פחות':17C,90,138 'פי':9A 'פרטיים':194 'צד':183 'קבלת':53 'רבים':140 'רגילה':182 'רישוי':3B 'רכב':29C,43,62,73,89,114,126,136,174 'רכבים':13C,193 'רמת':176 'רק':134 'רשיון':6A,23C,39,94,105,141 'שבו':103 'שהוא':202 'שהופכים':196 'שהורשעו':76 'שוללת':107 'שונה':66 'שונים':63 'שי':1B 'של':25C,49,79,97,154,185,189 'שלילה':96,188 'שלילת':92,104 'שצבר':151 'ששלילת':160 'תאונה':200 'תוך':84 'תמנע':162 'תנועה':156,204 'תקף':56",,,,87,2024-07-19 12:10:34.810008,f
65,100,,0,,2,1,,0,200,2024-07-19 11:52:49.91013,,"","'אבל':89 'אזורי':33C 'אל':79 'אפשרות':23C 'ארצית':158 'את':29C,40C,92,112,140 'באה':27C 'בטווח':146 'בין':13A,47C 'במדינת':52 'במקביל':99 'במרכז':82 'בפיתוח':98 'בפריפריה':59,78,150 'בצורך':85 'ברמה':163 'בתוכנית':156 'גורם':67 'דיור':12A,46C 'הבניה':93 'ההצעה':26C,83 'הוא':54 'היחס':41C 'הכלכלה':143 'המגורים':57,76,109,117,122,132,138 'המדינתית':164 'המוניציפאלית':6B 'המצב':66 'המקומית':144 'הן':19C 'העובדים':135 'הערים':149 'הפריפריה':48C 'הקהילה':141 'הקניות':113 'הרחוק':147 'הרשות':5B 'השארת':134 'השוואת':7A 'התכנון':4B,31C 'התעסוקה':51,81 'ואת':142 'ובאופן':124 'ויותר':69,73 'ויכול':159 'ולפתח':35C 'ולקהילתיות':129 'ועדות':30C 'ותכנון':167 'ותתרום':145 'זמן':74 'ח':2B 'חדשים':97 'חוק':3B 'חייב':153 'יותר':72 'יחס':8A 'ישראל':53 'כדי':38C 'כזה':55,152 'כלכלית':25C 'כללי':125 'כסף':119 'לבנות':32C,86 'להיות':154,160 'להשוות':39C 'להתנות':91 'להתפתח':24C 'להתפתחות':148 'לחייב':28C 'לטווח':169 'ליותר':68 'ליחידות':11A,45C 'לכלכלה':128 'ללא':17C,22C,60 'למגורים':104 'למקום':137 'למרכז':15A,49C 'לנסוע':71 'מבנה':50 'מבקשת':90 'מגובה':155 'מגורים':88,96 'מהלך':151 'מוציאים':118 'מכירה':84 'ממקום':75,108,116,121 'ממשלתי':168 'מקביל':62 'מקודם':161 'מקום':131 'מקומות':9A,36C,43C,64,80,87,95,101 'מתוך':165 'מתפתחים':58 'עבודה':10A 'עובדים':70,105 'עושים':111 'עניות':21C 'ערים':16C,20C 'פחות':127 'פיתוח':61,157 'פריפריה':14A 'קרוב':136 'קרובים':103 'ראייה':166 'רחוק':107,115,120,170 'רק':162 'שי':1B 'של':42C,63,94,100,130 'שלהם':77,110,114,123,133 'שמקומות':56 'שעובדים':106 'תורמים':126 'תחזק':139 'תעסוקה':18C,37C,44C,65,102 'תעשיה':34C",,,,88,2024-07-19 12:10:05.962573,f
66,55,,0,,5,1,,0,500,2024-07-21 12:46:57.56222,,"","'1':81 '100':169 '2':106 '3':133 '4':156 'אדם':2B,39 'אזרחיים':92 'אחר':142 'אקטיבי':125 'את':86,113,122 'באופן':124 'באמצעות':97 'בגרמניה':107 'בהולנד':157 'בזמן':154 'בטכנולוגיה':102 'ביפן':82 'בכל':28C,51,61 'במהירות':118 'במסלול':164 'בנוסף':148 'בסינגפור':134 'בעולם':80 'ברורים':151 'בתוך':26C,54,93 'בתי':58,114 'דחיות':73 'האזרחי':111 'האלקטרונית':138 'האמצעים':62 'האפשרית':119 'הגבלת':14C,72 'הגשת':76 'הדיונים':105 'הדין':110 'הדרושים':63 'הזירוז':88 'הזכות':11A,35 'החלטה':167 'החקיקה':5B 'הליך':23C,49 'הליכי':75 'הליכים':16C,147 'המדינה':45 'המהיר':160 'המשפט':59,84,115 'הערכאות':29C,52 'הפורמליים':176 'הצדק':159 'השופטים':120 'השפיטה':10B 'התיקים':123,137,144 'התקדמות':143 'והגבלת':103 'וטיעונים':78 'וייעול':74 'ויתור':172 'ומהיר':44 'ומסייעת':145 'ומעודדים':130 'ומשאלי':6B 'וצדק':32C 'זאת':96 'זה':19C 'זו':66 'זכאי':40 'זכות':65 'זמנים':70,128 'חודשים':95 'חוק':3B,8B,108 'חוקה':34 'חלק':174 'יישום':79 'ימים':170 'ינקטו':60 'יסוד':4B,9B 'יסתיים':25C,53 'יעדים':150 'יעיל':43,100,141 'יעילות':31C 'כי':21C,47 'כל':22C,38,48 'לבחור':163 'להבטחת':64 'להליך':41 'לוחות':69,127 'לזרז':146 'למען':30C 'למשפט':12A,36 'לסיום':152 'לסיים':90,116 'לצדדים':162 'לרבות':67 'מאפשרת':139,161 'מההליכים':175 'מהיר':13A,37 'מוקדמות':132 'מזורז':165 'מחייב':112 'מחייבים':71 'מיום':56 'מיישמת':85 'מנהלים':121 'מספר':104 'מעקב':140 'מערכת':83,135 'משך':15C 'משפטי':24C,42,50 'משפטיים':17C 'נוקשים':129 'ניהול':98,136 'סדר':109 'סעיף':18C,33 'על':173 'עם':7B,166 'פרי':1B 'פשרות':131 'פתיחתו':57 'קביעת':68 'קובע':20C 'קובעים':126 'קיימים':149 'קצוב':155 'ראיות':77 'שימוש':101 'שישה':94 'שמטרתה':89 'שנה':27C,55 'תבטיח':46 'תוך':168,171 'תוכנית':87,158 'תיקים':91,99,117,153",,,,89,2024-07-26 07:07:40.407657,f
67,24,,0,,1,8,,0,100,2024-07-23 15:44:41.036941,,"","'guy':4B 'jana':5B 'אגו':74 'אחד':43C,90,154,265,282,328,357 'אימוץ':465 'אך':202 'אמון':396,404,477 'אנה':3B 'אנו':462 'אפשר':87 'ארוכי':338 'את':193,287,305,333,346,369,389,476 'באדם':327 'באמת':39C,67 'בגישות':419 'בה':234 'בהתייעצות':206 'בו':96 'בחוק':127 'בחירת':133,161,212 'ביותר':78 'בין':76,114,240 'בכלי':222 'במהלך':184 'בממשל':479 'בממשלה':186 'במערכת':406 'במקום':89 'בעוכרינו':36C,65 'בצורה':172,278 'בשווייץ':248,445 'בשנה':366 'בתהליכי':297 'בתורנות':171,274 'בתחום':453,457 'בתים':259 'בתיקון':140 'בתפקיד':384,414 'ג':2B 'גיא':1B 'גיוון':410 'דיון':138 'האינסופי':27C,56 'האם':38C,66 'האספה':255 'הבחירה':217,276,399 'הדבר':292 'הדובר':196 'ההזדמנות':180,288,306 'ההחלטות':299 'ההצעה':122,313 'הוא':46C,93,126 'הזאת':123 'הזדמנות':374,380 'החברים':267 'החוק':142 'החלטות':203 'הטובים':77 'היא':85 'הידע':390 'הינו':35C,64 'היציבות':454 'היקף':429 'הכנסת':14B 'הלאומים':261 'המדינה':8B,82,236,243,246,270,285,291,311,438,474 'המודל':23A,47C,94,228 'המודלים':44C,91 'המוצע':229 'המורכבת':257 'הממשלה':17B,34C,63,98,116,129,134,151,156,160,163,165,170,190,198,204,208,214,320,348,365,386,395,416 'המנהיגותי':461 'המנהיגותיות':421 'המעניינים':45C,92 'המערכת':107 'הן':452 'הנבחר':191 'הנבחרים':252,409 'הניגוח':25C,54 'הנשאלת':84 'הסיכוי':334 'הסמכות':194 'העולם':371 'הפדרלית':244,247,256 'הפוליטי':26C,55 'הפוליטית':108,407,455,471 'הפעולה':459 'הציבור':397,405,478 'הצעה':51C,145,343,431 'הצעות':9B 'הקנטונים':263 'הקרובה':367 'השווייצרי':95 'השווייצרית':233 'השוויצרי':24A,48C 'השיטה':232 'השלכות':131 'השקוף':400 'התבססות':440 'התחלפות':317 'התפקיד':373 'התקשורת':223 'ואופן':226 'ובדעות':420 'ובהחלטת':207 'ובמנהיגים':408 'והגיוון':460 'והחברתית':472 'והמתקדם':401 'והן':456 'והניסיון':391 'והשאלה':83 'והשיקולים':215 'והתגבשותה':135 'וחוץ':201 'ויחזק':475 'ויעצור':368 'ויפורסמו':221 'ויצטרך':136 'ולהבטיח':117 'ולהתאים':351 'ולהתפתח':383 'ומאורגנת':174 'ומבטיח':300 'ומועצת':262 'וממומחיותו':309 'ומקטין':332 'ורחבת':428 'ושונה':436 'ושלטון':75 'ושקיפות':296 'זאת':52C 'זה':103,353,447,467 'זו':344,432 'זמן':121,330 'חבר':177,302,377 'חברי':115,169,241,347,394 'חברים':251 'חדשני':435 'חוק':12B,15B 'חלוקת':187 'טווח':339 'טיוטת':144 'ידי':168,254 'יהיו':218 'יותר':113 'ייבחר':166 'יידע':359 'ימונה':157 'יסוד':13B,16B,128 'יציבות':118,314 'יקבל':192,304,379 'יש':130 'יתקבלו':205 'יתרום':468 'יתרונות':312 'כאשר':280 'כהונה':148 'כהונתו':185 'כי':464 'כך':175 'כל':141,152,264,281,356,376 'כלל':393 'כלליות':10B 'כלפי':199 'כמו':444 'כראש':269 'כשתגובש':124 'לאורך':120,329 'לאיוש':31C,60 'לגיוון':418 'להביא':449 'להגברת':403 'להוביל':381 'להובלה':375 'להיווצרות':335 'להיות':137,181,195,289,361,363 'להלן':143 'להנהגת':310 'להתפתחות':470 'להתקדמות':81 'לו':30C,59 'לזה':354 'לחוקה':11B 'לטעמי':37C 'לייצוב':106 'ליצירת':425 'ללמוד':382 'לניהול':437 'לעודד':109 'לעשות':88 'לציבור':220 'לקוחה':50C 'לשיתוף':294 'לשתף':349 'לתועלות':450 'לתפקיד':158 'לתקופה':271 'לתרום':105,307,424 'מאמינים':463 'מבוא':53 'מבטיח':323 'מבנה':6B 'מגוונת':427 'מדי':21A,100,238,321 'מדיניות':426 'מה':71,86,387,422 'מהם':358 'מודל':434,442,466 'מועצה':303 'מועצת':242,245,260,284 'מוצלח':443 'מורכבת':249 'מחברי':155,283 'מכהן':268 'מלחמות':73,370 'ממשלה':19A,42C,70,178,183,378 'ממשלתי':342 'מנגנון':316 'מנהיגותי':411 'מניסיונו':308 'מסודרת':173,279 'מעודדת':345 'מציעה':433 'מקבל':286 'מקומה':125 'מקיף':139 'משבעה':250 'משבעת':266 'משברים':336 'משני':258 'מתבסס':230 'מתבצע':277 'מתחלף':20A,99,237 'סיכום':430 'סמכויות':188 'עדים':29C,58 'על':132,167,231,253,372,441 'עליו':362 'עצמם':352 'עשוי':104,448 'פוליטיים':337 'פוליטית':119,315 'פנים':200 'פעולה':111,295,341,350 'פעולתו':227 'פרלמנט':224 'ציבורית':210 'צריך':40C,68 'קבלת':298 'ראש':18A,33C,41C,62,69,97,150,159,162,164,182,189,213,235,290,319,364,385,415 'ראשונית':146 'רב':331 'רבות':451,469 'רחב':112 'רשויות':7B 'שאנו':28C,57 'שווייץ':225 'שיוצר':72 'שיכול':360,423 'שינוי':102,446 'שיתוף':110,340,458 'שכל':301 'שכן':355 'של':149,197,272,392,473 'שלא':79,324 'שלכל':176 'שמאחורי':216 'שמגביר':388 'שממנו':49C 'שנה':22A,101,153,239,273,322 'שקופים':219 'שקיפות':209 'תביא':417 'תהיה':179 'תהליך':211,275,398 'תוך':439 'תורם':293,402 'תורמות':80 'תחלופה':412 'תיווצר':325 'תכופה':413 'תלות':326 'תפקיד':32C,61,318 'תקופת':147",,,,90,2024-07-23 15:51:06.265595,f
68,82,,0,,0,0,,0,1,2024-07-25 07:48:23.683289,,"","'12':26C,284,291 '3':92,211 '7':149,152 'אגו':109 'או':190,195,257,261 'אותה':184,282 'אותו':76 'אזרחי':311 'אחד':101,115,289 'אחרים':224 'אחת':81,147 'אין':53C 'איננו':253,277 'איתה':132 'איתו':133 'אלא':63 'אמיתית':271 'אנשי':23C,39C,285 'אנשים':239 'אסתיה':1B 'אשר':176 'את':32C,88,105,298 'באמצעות':118 'בגלל':303,313 'בדרך':272 'בוועדה':100 'בחירת':15A 'בינ':51C 'ביצור':125 'בכל':288 'במועדונים':49C 'במקום':274,326 'בסדר':278 'בעלי':64 'בראש':69 'ברור':248 'ברשות':259 'בשיתוף':95 'בתחום':127 'בתחומו':123 'בתחומי':25C 'בתחומם':46C,220,241 'גדולה':228 'גזע':3B 'גם':204,319 'דמוקרטיה':270 'האחרים':99,128 'האם':181 'הבאה':179 'הבאים':94,213 'הדרך':264 'הוא':215 'הועדה':57,89,143,177,207 'הזה':41C 'הזכויות':11B 'החודשי':212 'החודשים':93 'החומש':169 'היא':165,214 'הכי':266 'הכישורים':119 'הם':78 'המבוססת':107,231 'המבצעת':19A,58,144,208,295 'המדינה':14B 'המוכחת':74 'המומחיות':73 'המומחים':98,240 'המחוקקת':260 'הממשלה':9B,28C 'המקוריים':29C 'המקצוע':40C 'המשכת':203 'המשרד':70,136 'המשרדים':292 'הנבחרים':252 'הנבחרת':146,178,209 'הניתוחים':34C 'העליונה':145 'הערכת':166 'הפוליטיים':35C 'הפיצולים':300 'הפעילות':250 'הצלחה':189 'הצעות':4B 'הקימו':42C 'הראש':141 'הרשות':294 'השופטת':262 'השישית':164 'השם':245 'השנה':163 'השראה':219 'התחרות':106 'ואינם':47C 'וארגונים':50C 'וגרמו':322 'ודריכה':325 'והיכולת':120 'והעלאת':157 'והקטיעות':301 'ויאפשר':113 'ויעילה':229,268 'ויצרו':43C 'וישראל':90 'וכך':185 'וכמסתמן':308 'ולכן':317 'ולעזור':124 'ונאמנים':242 'ועדה':16A 'ותוכנית':161 'ותחילת':174 'ותיקונים':170 'ותכנון':159 'זאת':263 'זה':86 'חבריה':67 'חברים':48C 'חדשה':173,199 'חודשים':83 'חוטר':2B 'חומש':162,172,198 'חוק':7B 'חיובית':273 'חשובה':200 'טוב':111 'טובת':310 'יהיה':85,140 'יהיו':68,216 'יוצר':246 'יותר':37C,112,230 'יישומה':175 'יסוד':8B,13B 'יעילה':316,321 'יעשו':79 'יש':280 'ישחרר':104 'ישראל':312 'ישתפו':131 'כאשר':137 'כדאי':193 'כדי':129,221 'כל':33C,299 'כלליות':5B 'כשמתחלפים':205 'ל':52C,148,210,283 'ל3':82 'לא':138 'לאחר':30C,296 'לבזבוז':323 'לדעתי':265,279 'להגביל':281 'להחליט':191 'להם':54C,255 'להמשיך':182 'להשתתף':258 'להתעלות':117 'להתערב':256 'לחוקה':6B 'לחפש':275 'לטובת':135 'ליישם':183 'ליצור':121,186,196,225,269 'ליצירת':306 'לישראל':243 'לכל':114 'למרחב':249 'למשך':91 'לנסות':116 'לקדם':222 'לרשות':18A 'לשנות':194 'לתוכנית':171 'לתכנון':156 'מ':290 'מאד':201 'מאפשר':254 'מגילת':10B 'מדוע':151 'מה':192,276 'מוכח':66 'מומחים':287 'מונעים':318 'מי':84,110,217 'ממשלה':22A,59 'מנהלת':17A 'מפלגתית':62,305 'מקצוע':24C,65,286 'משאבים':324 'משרדי':27C 'משרדים':38C 'נבחר':77 'נגד':309 'נקיה':267 'עבר':55C 'עובד':45C 'על':108,232 'עם':97 'עסק':44C 'עסקנות':61,304 'עקרונות':12B 'עשיה':202 'פאזל':227 'פלילי':56C 'פעולה':96,134,234 'פעילות':320 'צכל':102 'קואליציות':307 'קודם':21A 'ראש':206 'ראשונה':155 'רב':236 'רב-תחומי':235 'רוטציה':80 'רעיונות':158 'רצף':187 'שאיננה':60 'שגשוג':122,126 'שהינו':71 'שינהל':87 'שינוי':244 'שיצרו':36C 'שיתוף':233 'שיתנו':218 'שכולם':130 'של':75,142,188,238,251,293 'שם':20A 'שמאחדים':31C 'שמנעו':314 'שמתקנים':297 'שנה':154 'שנוצרו':302 'שנים':150,153 'תהיה':139 'תוכנית':168,197 'תוצאות':167 'תחום':72,103 'תחומי':237 'תחומים':223 'תחליט':180 'תיחום':247 'תמונת':226 'תקציב':160 'תקשורת':315",,,,91,2024-07-25 07:48:28.098504,f
69,82,,0,,0,0,,0,1,2024-07-25 08:19:57.630879,,"","'..':94 '20':329 '2017':496 'או':358,492 'אותם':506 'אותן':302,320 'אותנו':111 'אזור':163 'אזרחי':17A,48 'אין':174 'אינקובטורים':210 'איסור':178 'אישור':152 'אלא':443 'אלו':142,187 'אם':243,361 'אמיתי':59 'אנחנו':55,76,87 'אנטישמי':20C 'אסתיה':1B 'אפשרויות':234 'אפשרות':201 'אצל':535 'ארצות':90 'אשר':277 'את':24C,118,134,189,310,380,401,426,435,464,484,518 'באמצעות':389,404 'בארצנו':226 'בברכות':259 'בגלל':437,507 'בדיקת':154 'בהם':173,490 'בהשארת':351 'בהשקעה':284 'בהתאם':159,215 'בהתחשב':350 'בו':128 'בחדשות':79 'בייצור':35C 'בין':31C 'ביצצים':423 'בישובים':489 'בכל':85,126 'בכלל':498 'בכמות':206 'בלי':430 'במאגרים':223 'במחלה':439 'במי':180 'במים':141,238 'במצב':57 'במשך':116 'במשרד':275 'בסיס':15A 'בעבר':131 'בעולם':19C 'בעצמם':323 'בעקבות':60,151 'בקר':374 'בקשר':447 'ברעב':102 'ברפתות':267 'בשיתוף':197,229 'בשמירה':386 'בשנתיים':186 'בת':524,544 'בתחלופת':252 'בתשלומים':309 'גורפות':433 'גזע':3B 'גידול':257,260 'גם':325 'דגים':227,228 'דיפרנציאלית':520 'האדמות':155 'האוסר':176 'האחרונות':299 'האפשר':54 'האפשרית':208 'הארצות':86 'הביצים':415 'הבקר':316 'הבריאות':473 'הבשר':68 'הגדלת':202 'הגידול':236 'הדגים':232,258 'הדרך':21C,108 'ההחלטה':458 'ההלוואות':381 'ההתישבות':12A,264 'הוטרינרים':462 'החב':344 'החברה':337,405 'החלב':71,262,356,402 'החלטה':460 'החקלאות':65,114,276,294,397,445,479,481 'החקלאים':43,153,165,184,465,500,516 'הטבעית':354 'היא':30C,112,459 'היו':129 'היחידה':22C,109 'היחסית':342 'היישום':147 'הימצאות':164 'הינם':416 'הירקנים':536 'הישראלי':39C,69,72,75 'הישראלית':66 'היתה':363 'הכלי':377 'הלוואה':327 'הלולים':485 'הלקוח':550 'הם':398 'המדינה':10B 'המוכר':511,526 'המועבר':357 'המותפלים':137 'המזון':38C,514,560 'המחיר':548 'המייצגים':463 'המים':136 'המיסים':190 'המירבית':161 'המכור':332 'המכירה':532 'המסתמן':61 'המעוניינת':266 'המקסימלית':207 'המשרד':286,324 'הנדרשים':120 'הנדרשת':45 'הסופי':512,527,534,551,568 'הסנקציות':26C 'העבודה':391 'העגלים':367 'העדרים':388 'העובדת':13A,265 'העולם':80 'העוף':74,194,196,204,414 'העופות':429,442,494 'העלות':311 'הפחדה':438 'הפרות':369 'הציבור':145 'הציבורית':338,406 'הצעות':4B 'הצרכן':567 'הקדמה':41 'הקיים':222 'הקיימת':375 'הקמת':279 'הרווחים':334,557 'הרפתנים':322 'השאר':32C 'השמנת':353 'השנים':298 'השקייה':241 'השתילים':119 'התהליך':296 'התכולה':487 'התפוקה':341 'התרנגולות':436 'התרעות':449 'ואוכף':177 'ואינם':474 'ואספקת':37C 'ואת':486 'וביצירת':287 'ובשר':270 'ובתשלום':392 'וגידול':224 'וגם':132 'והבשר':263 'והובלת':315 'והחקלאים':450 'והירקנים':561 'והמוצרים':403 'והמתווכים':515 'וטרינרים':453 'ויהיו':376 'ויקבלו':407 'וירקנים':539 'וכדי':419 'ולקדם':209 'ומאשימים':505 'ועד':318,497 'ועיבוי':122 'וענף':73 'ופירות':158,171 'ופרדסים':125 'וקוראים':78 'ושימוש':237 'ושתילת':156 'חברה':288 'חברות':523 'חברת':543 'חוטר':2B 'חוסלו':493 'חוק':7B,175 'חיוני':418 'חירום':58 'חלב':269,283 'חלביים':349 'חקלאות':106 'חקלאי':183,225 'חקלאים':11A,504 'חקלאית':242,564 'י':395 'יאסר':139,168 'יבדקו':233 'יבוא':99 'יביאו':452 'יגודלו':370 'ידי':477 'יהיה':148,446 'יהיו':271,422,466 'יוכלו':399 'יותר':247,255,503 'יחדש':483 'יחולקו':339 'ייצאו':92 'יממן':115 'ימסור':303 'יסבסד':133 'יסוד':8B 'יפן':105 'יקבלו':384,517 'יקימו':321 'ירכוש':300 'ירקות':157,170 'יש':424 'ישלמו':185,528,545 'ישקל':552 'ישראל':18A,49,104 'ישראלית':565 'יתברר':244 'יתן':326 'כאלה':467 'כדי':211,455 'כהלוואה':304 'כחיסול':62 'כי':421,457 'ככל':53 'כל':25C,410,470 'כלליות':5B 'כמו':166,440 'כמעט':84,149 'כן':167 'כנגד':409 'לא':91,362,501 'לאור':295 'לאזרחים':40C 'לאכילה':214 'לאפשר':431 'לבדוק':448 'לביצים':205 'לבריכות':143 'לגדל':212 'לגידול':182 'לדוגמה':103 'להגבלת':555 'להגדלת':235 'להחזיר':308,379 'להחלטות':432 'להטיל':28C 'להישרדות':16A 'להם':469 'להציל':110 'להצלת':47 'להשתמש':140 'לוודא':33C,420,425,456 'לולנים':199 'לחוק':42 'לחוקה':6B 'לחידוש':121 'לחסל':434 'לחקלאות':138 'לחקלאים':529,546 'לחרושת':346 'לטובת':256,566 'לייבא':169 'לייצור':268,281 'ליכולת':216 'ליעילות':160 'ליצור':251 'ליצירת':347 'לכן':95 'ללא':540 'ללקוח':533 'למות':101 'למחלבות':333 'למכירה':292 'למשך':328 'למשרד':313,472 'לספק':218 'לעופות':220 'לעשר':306 'לפי':340 'לפעול':51 'לצורך':371 'לצורכי':240 'לרפתות':319 'לשווק':400 'לשחיה':146 'לשימוש':144 'לשרוד':23C 'מאזורים':172 'מאכל':417 'מאשר':248 'מבינים':88 'מגדלי':231 'מהברכות':239 'מהמוכרים':317 'מהצומח':107 'מוצרי':282,373 'מוצרים':348 'מוקדם':52 'מותפלים':250 'מזה':360 'מזון':93,219,538 'מזינים':246 'מחיר':135 'מחלקה':273 'מחצית':547 'מטעים':124 'מי':96 'מידית':46,150 'מיוחדת':274 'מים':249,253 'מכירה':411 'ממומנים':475 'ממחיר':531 'ממשלתי':554 'מנצלים':502 'מפעל':280 'מצידם':451 'מקום':127 'מקומי':36C 'מרעב':50 'משנת':495 'משק':9B,67,70,193,195,203,261,413 'משרד':293,390,396,444,478,480 'מתווך':541 'מתווכים':521 'מתוך':221 'מתח':508,556 'מתקציבו':482 'נטו':335 'ניתנת':291 'נמצאים':56 'נקיים':254 'נשרפו':491 'סכנת':82 'ע':394 'עומדת':305 'עופות':213 'עזרה':385 'על':81,98,191,331,387,476,562 'עלולים':100 'עלינו':29C 'עם':198,230,355 'עצמאות':34C 'עצמאיים':454 'עקרונות':14A 'פחות':359 'פיקוח':553 'פעולה':44 'פרות':301 'צאן':383 'צודקת':461 'ציבורית':289 'קיומן':427 'קיימים':130 'קניה':412 'קצף':366 'קשר':471 'רווחיהם':192 'רווחים':509 'רועי':382 'רכישה':314 'רעב':83 'רק':188 'רשתות':513,537,559 'שאותם':89 'שאין':468 'שאינם':522 'שאיננה':290 'שאיננו':542 'שדות':123 'שהועבר':345 'שהמים':245 'שומעים':77 'שופכין':181 'שחי':97 'שיאפשר':378 'שיטתי':63 'שיכולים':27C 'שימוש':179 'שימליטו':368 'שכבת':352,364 'שכר':408,499 'שכרם':393,519 'של':64,162,285,297,336,343,428,510,525,558 'שלהם':488 'שליש':530 'שלנו':217 'שמנת':365 'שמשלם':549 'שמשרד':113 'שנים':307,330 'שנתיים':117 'שעלתה':312 'שפעת':441 'תוודא':278 'תוצרת':563 'תחת':272 'תיבדק':200 'תעשיית':372",,,,92,2024-07-25 08:20:28.786589,f
70,82,,0,,0,0,,0,1,2024-07-25 09:10:17.55807,,"","'-21':223 'א':158 'אהוד':90 'או':65,146,167,170,295 'אודות':122 'אחרות':242 'אחריות':108 'אחת':270 'אין':23C,244 'איש':140 'אישור':192 'אך':47C 'אלו':277 'אליהן':183 'אנחנו':94 'אנשים':315 'אסתיה':1B 'את':86,131,211,310 'ב':185 'בביטחון':206 'בגין':198 'בגללה':286 'בדרגים':111,147 'בה':165 'בזרועות':150,219 'בחוסר':35C 'ביטחונית':236 'בישראל':26C 'בכוחות':290 'בכל':44C,127 'במאה':221 'במהלך':208 'במידת':253 'במיוחד':48C 'במשק':214 'בניגוד':240 'בסרטונים':31C 'בעקבות':232 'בקצונת':49C 'בראש':145 'ברור':60 'בריגול':25C 'בריחה':104 'ברק':91 'ג':215 'גזע':3B 'גם':97 'ד':225 'ה':222 'האחריות':37C 'האישית':38C 'האם':204 'האמינות':254 'האנשים':81 'האפשר':114,304 'הבטחון':7B 'הביטחון':22A,46C,75,151,160,190,220,291,317 'הגבוהה':51C 'הגבוהים':148 'הגבול':298 'הגדרותיהם':229 'הדרך':247 'הזה':116 'החיים':267 'החליטו':288 'החלפת':233 'החקירה':209 'היא':252 'היה':59 'היחידה':248 'הכל':134 'הם':287 'המדינה':16B,19B,207 'המטה':50C 'המידע':261 'המינוי':144 'המינויים':217 'המינימום':213 'המפרסמים':186 'המתגייסים':125 'הנמוכים':112 'הנפלאים':124 'הסודיות':79 'הסוכנים':227 'הסוציאליות':197 'הסיבה':285 'העברת':174 'הפוליטיקה':311 'הפיקודים':110 'הצבאית':121 'הצנזור':193 'הצעות':11B 'הקודים':228 'הקשורים':188 'הרבה':245 'השומרת':257 'השינוי':87 'השפיטה':10B 'התהליך':115,132 'התמנה':56 'התפקיד':199 'ואחד':271 'ודוחו':176 'והבינוניים':149 'והחלפת':156 'והטלת':107 'וזרועות':21A 'וחשיפה':312 'וכוחות':6B 'וכסיבה':101 'ולהיות':139 'ולהכניס':133 'ולהרחיק':309 'ולזרועות':74 'ולראות':34C 'ומקומם':230 'ומשמר':297 'ועל':80 'וציבורי':68 'ושמירת':255 'ותיפתח':201 'זאת':266 'זכויותיהם':196 'זרוע':235 'זרועות':45C,159 'חוטר':2B 'חוק':8B,17B 'חיי':259 'חייבים':76 'חיים':280 'חלק':119 'חקירה':202 'חשובים':273 'חשיפה':63,308 'יבוטלו':200 'יוחלף':231 'יוחלפו':224 'יימנעו':161 'יסוד':9B,15B,18B 'יפוטרו':194 'יקבלו':210 'יש':129,181,299 'ישיר':169 'כאמור':85 'כדי':52C 'כחלק':98 'ככל':113,303 'כל':83,216,269,306 'כלינו':274 'כלליות':12B 'כמסתמן':42C,95 'כרמטכ':92 'כתם':43C 'ל':5B,58,73,93,239,294 'לא':117,262,283 'לאלתר':195 'לאנשים':123 'לארצות':241 'לבדוק':203 'להגן':77 'להם':279 'להעביר':182 'להקשיב':28C 'להתפרסם':138 'לוודא':300 'לזרועות':189 'לחוקה':13B 'לחשוב':275 'לי':191 'לים':70 'לישראל':243 'לכולם':61 'למנוע':307 'למעט':173,237 'לעצור':130 'לפוליטיקה':172 'לפני':54 'לפרופורציות':135 'לצבא':126 'לצפות':30C 'לקבל':249 'לקיחת':36C 'לקצונת':71 'לרמטכ':57,69 'לרשויות':178 'לשמוע':32C 'לשנות':53C 'לשרת':289 'לתהליך':102 'לתקשורת':29C 'מאחריות':105 'מאיתנו':272 'מבחוץ':251 'מהאיכות':120 'מהוזלת':99 'מוגנים':302 'מזרועות':316 'מחשיפה':82 'מי':136 'מידע':175,184 'מינויים':157 'מכל':162 'ממון':264 'מספיק':27C 'מספקי':260 'מעשה':40C 'מפוליטיקה':153 'משטרה':296 'משנה':284 'מתקופת':89 'ניחוח':166 'סוד':155,256 'סמכותן':180 'עושה':265 'עזרה':250 'על':39C,78,109,143,258,276 'עניינים':187 'עצמית':106 'עקיף':171 'עקרונות':14B 'ערכם':100 'פגעו':205 'פוליטי':67 'פוליטיקאים':33C 'פוליטיקה':20A 'פוליטית':64 'פעולה':163 'פרטיים':281 'צה':4B,72,238,293 'צורך':24C 'ציבור':141 'קידום':66 'קלקל':118 'קשר':168 'ראש':234 'ראשית':305 'רגילים':282 'ריחוק':152 'רק':263 'שאין':62,278 'שאינם':292 'שאפשר':84 'שברק':55 'שהם':301 'שחל':88 'שיוותר':142 'שיש':164 'שכר':212 'של':103,268,314 'שמונו':218 'שמות':226 'שמטיל':41C 'שמירת':154 'שמכוח':179 'שנה':128 'שרוצה':137 'ת':177 'תומכים':246 'תופסים':96 'תקשורתית':313",,,,93,2024-07-25 09:10:24.374398,f
71,82,,0,,0,1,,0,1,2024-07-25 10:11:47.084603,,"","'..':127,158 '10':172 '12':131 '2024':217 'א':179,310 'או':42C,278,366 'אותה':326 'אזרחי':26C,107 'אחריו':330 'אין':13C 'איננה':72 'אישור':88 'אך':168,352 'אלא':290 'אלול':311 'אם':58 'אסתיה':1B 'אפילו':29C 'את':113,253 'ב':216 'באות':285 'באותה':281 'בגלל':20C,69 'בהעברת':293,344 'בו':86 'בחודשיים':188 'בחירות':60,288 'בטובתם':24C 'ביטחון':105 'ביכולתם':111 'ביתי':155 'בכמות':137 'בלוח':39C 'בלי':83 'במלואו':100 'בממשלה':280 'במקרה':117 'במשרדי':166 'בסיומה':61 'בקדנציות':284 'ברכוש':153,228 'ברשות':358 'ברשימת':331 'בשנה':206 'בשנים':339 'בתאריך':309 'בתקציב':120,146 'גזע':3B 'גם':110 'ד':182 'ה':323,329 'האזרחים':357 'האחרונים':189 'האמיתי':142 'האפשרות':361 'הארץ':271 'הבא':328 'הבאה':68,296 'הביטחון':104,126 'הדופן':93 'ההפקדה':159 'ההפרש':122 'הוא':95,109,199 'הוכיח':266 'החדשה':215 'החולפת':81 'היחיד':94 'היתרה':183 'הכישלון':314 'הכסף':186 'המבצעת':359 'המגיעים':255 'המועמדים':332 'המחוקקת':349 'המחליפ':322 'המיועדת':224 'המכריח':36C 'הממשלה':9B,44C,167,305,308 'המס':214 'המפלגה':327 'המשרד':212 'המשרדים':138 'הן':154 'הנדרש':143 'הנדרשות':115 'הנותר':163 'הנכשל':291 'הפיצויים':254 'הפרישה':315 'הצליחה':261 'הצעות':4B 'השנה':80,300 'השנתי':11A,165 'התוספות':84 'התוספת':124 'התקציב':10A,78,89,128,139,141,294 'התרופות':97,114 'התשפ':181 'ואולי':28C 'וגם':185,283 'וההפרש':101 'והוצאות':196 'והן':156 'והעברת':18C 'ויופרש':208 'ולאחריה':220 'ולכן':272 'וממשרד':306 'ותימנע':90 'זאת':242 'זמנים':40C 'חבר':350,363 'חדשות':289 'חובה':33C 'חודש':51,320 'חודשיות':197 'חוטר':2B 'חוסר':119 'חוק':7B,35C 'חוקי':41C 'חיי':106 'חייבים':45 'חילופי':338 'חפיפה':318 'חריגה':91,136 'טרור':152,227 'טרוריסטים':233 'יהיה':140 'יוכל':274,346 'יוני':52,298 'יועבר':203 'יוצא':92 'יחולק':129 'יכוסה':99 'יסוד':8B 'יפעלו':30C 'יפרוש':302 'יצירת':37C 'ירד':102,121 'יש':59,144 'ישוחררו':236 'ישראל':27C,108 'יתפוס':82 'כאילו':245 'כדי':240,250 'כוונה':247 'כולל':229 'כחסר':268 'כישורים':269 'כל':54 'כלליות':5B 'כמסתמן':237,249 'כנבחר':356 'כנסת':351 'כסף':201 'כספים':19C 'ל':130 'לא':134,169,234,260,273,286,334,353 'לאותו':204,211 'לאחר':87,317 'לבזבוז':16C 'להיבחר':347 'להיות':275,362 'להימנע':251 'להעביר':262 'להפוך':241 'לוודא':46 'לחוקה':6B 'לטובתם':32C 'ליצור':34C,145,218 'לכנסת':333 'ללא':64,246 'לממשלה':76 'למעט':193 'לנהול':270 'לניזוקי':226 'לניזוקים':256 'לפי':162 'לקבוע':74 'לקרן':160,221 'לרכוש':112 'לרשות':348 'לשנה':56,67,175,264,295 'לשנת':213 'לשריפה':243 'לשרת':355 'לתשלום':149,225 'מ':171 'מאפשר':15C 'מבית':303 'מדד':177 'מהצתה':231 'מהתקציב':164,184,209 'מי':342 'מיוחדת':148 'מיליארד':173 'מכן':341 'מלשלם':252 'ממשלה':12A,133,258,277,337,365,368 'מס':192 'מעבר':71 'מציתי':238 'מקרית':244 'משאבים':17C 'משכורות':195 'משרד':205 'משרדי':132 'מתאריך':178 'מתקציב':103,125 'נבחרת':77 'נזקי':151 'נציג':324 'סיבות':21C 'סכום':200 'סל':96 'עבור':150 'עד':50,297 'עוד':235,354 'עם':321,335 'עסקי':157 'עצמו':267 'פחות':170 'פיזור':43C 'צמודי':176 'קבועות':198 'קדנציה':282 'קרן':147,219,223 'ראש':257,276,307,336,367 'ראשי':304 'רק':116 'רשאית':73 'שאינן':22C 'שבצעו':232 'שהכניסו':85 'של':25C,53,62,79,118,123,190,299,312,319 'שלא':31C,202 'שלאחר':340 'שלאחריה':57,207,265 'שלפניה':301 'שמוציאים':187 'שממשלה':47 'שממשלת':70 'שממשלתו':259 'שנה':55,63 'שנוצרה':222 'שנכשל':343 'שנקבע':65,210 'שנת':191,313 'שקלים':174 'שר':279 'שריפה':230 'שרפות':239 'שתמיד':98 'ת':292,325,364 'תהיה':135 'תחילה':248 'תלויות':23C 'תמנע':360 'תעביר':48 'תערכנה':287 'תקציב':14C,38C,49,66,75,263,345 'תשלומי':194 'תשרי':180 'תתבצע':161,316",,,,94,2024-07-25 10:11:50.030169,f
72,82,,0,,1,1,,0,100,2024-07-25 10:48:32.045383,,"","'..':147 '1':130 '2':215 '3':269 '4':291 '5':374 '6':405 'א':355 'או':113,118,150,195,220,253,297,304,329,358,360,365,459 'אוטומטית':141,383 'אותה':389 'אזרחי':136,207 'אזרחים':148 'אחת':259 'אישיים':214 'אישית':24A 'אכן':418 'אלימות':298,361 'אם':318 'אנחנו':127 'אנשים':51C 'אסתיה':1B 'אשם':419 'אשר':338,470 'את':78,135,156,327,411,430,450,474 'בבוקר':223 'בבית':227,300,362,425 'בגין':251,260,349 'בגלל':42C,121,265 'בדירוג':487 'בהיררכיה':287 'בהתאם':247 'בזמן':138 'בחוק':415 'ביותר':386 'בין':187 'ביעילות':311 'בישראל':72 'בית':445 'בכל':285,495 'בלי':176,181,315 'במקרה':216 'בן':66 'בעצמם':199 'בעתיד':484 'בפלילים':408 'בפני':467 'בפריבילגיה':46C 'בצעו':390 'בראש':97 'בשלושת':83 'בתי':488 'בתיקים':213 'גוריון':67 'גורמת':40C 'גזע':3B 'דוגמה':23A,104 'דומה':205 'דין':464,477 'האזרח':231 'האזרחיםת':128 'האישי':116 'האלימות':254 'האם':108,472 'האנשים':95 'האשמה':356 'האשמות':202 'האתיקה':55C 'הבאגים':80 'הגדול':385 'הגיע':85,89 'ההעונש':412 'הוביל':60C 'הוכחה':159,193,240 'הזמן':86,90 'החוק':173,201,404 'החוקית':56C 'החוקר':326 'החסינות':30C 'הטרדה':266 'היו':125 'היום':115 'הכי':81 'הכנסת':9B,189,337,378 'הם':478 'המגבילות':134 'המדינה':12B,21B 'המיירבי':452 'המלא':353 'הממשלה':15B,379 'המעצר':252 'המפלגתי':119 'המקסימלי':413 'המשטרה':276,307 'המשפט':228,446,489 'הנקנסים':149 'הסוציאליים':432 'העבודה':441 'העברה':325,328 'העונש':384,451 'העמדה':185 'הפוליטי':117 'הפלילית':373 'הפעולה':372 'הציבור':392 'הצעות':4B 'הקואליציה':70 'הקיים':414 'הראשון':442 'הראשונה':71 'הראשי':331 'הרצון':73 'הרשויות':84,99 'הרשות':289 'השהייה':342 'השופטים':420 'השופטת':290 'השלום':447 'השפיטה':18B 'התבצעה':324 'התנאים':431 'התקנה':157 'וqאו':161 'ואתם':400 'ובאמת':323 'והותק':492 'והמעמד':31C 'והמשפטם':179 'והפרקליטות':308 'והשופטים':380 'וזכויות':490 'וחברי':38C 'ויאבדו':429 'ויצטרכו':465 'ולא':211,409 'ולקבל':233 'ומהירות':312 'ומציגים':158 'ועד':351 'ועדת':468 'ושאר':68 'ושופטים':146,169,393 'ושחרור':222 'ותקנות':132 'ז':354 'זאת':88 'זה':59C,109,264,438 'זכותו':229 'זמנית':343 'ח':143,166,279,301 'חבר':345 'חברי':26A,34C,69,188,377,457 'חובת':22A 'חודשית':258 'חוטר':2B 'חוק':7B,10B,13B,16B 'חוקים':131 'חירום':139 'חלות':140 'חסינות':25A 'חקירה':272,350 'חשד':294 'חשיפת':371 'טובה':105 'טייקונים':456 'יבוטל':180 'ידווח':339 'ידי':50C 'יהיה':439 'יודיעו':332 'יוכלו':480 'יום':440 'יותר':428 'יחול':381 'יחזרו':461 'יכולה':277 'ימחקו':493 'ינזקו':399 'יסוד':8B,11B,14B,17B,20B 'יעברו':423 'יציג':239 'יצר':77 'יקבל':410 'יקלטו':93 'ירדו':486 'יש':164,192,319 'ישראל':92,137,208,397 'ישתחררו':174 'יתחילו':436 'כ':144,167,280,302 'כאילו':437 'כאלה':126,170 'כאשר':270,292 'כדי':224 'כולל':299 'כחוק':268 'כי':94,153,163,197 'כך':334,498 'ככל':313 'כל':237,261 'כלוונטיניות':62C 'כלליות':5B 'כלשהן':321 'כמסתמן':48C 'כן':435 'כנ':242 'כנסת':27A,39C,346,458 'כספי':246 'כשיוכח':416 'כשכירי':391 'כתובה':160,196 'ל':243 'לא':106,123,154,398,401,479 'לאופי':111 'לאלתר':494 'לבטל':473 'לבית':364 'לבן':455 'לדבר':367 'לדין':186 'להגן':74 'להיות':103,462 'להימנע':225 'להשאיר':182 'להשתמש':45C 'לו':250 'לוודא':395 'לזיכוי':352 'לזמן':278 'לחוקה':6B 'לחקור':309 'לחקירה':283 'ליו':335 'ללא':235 'למורשעי':453 'למליאה':340 'למסתמן':61C 'למשפט':152 'לנזק':248 'לנקות':87 'לסדר':114 'לעבירה':295 'לעברה':388 'לעומק':310 'לעיתים':41C 'לעל':333 'לעמוד':466 'לעריכת':476 'לפני':434 'לקבל':244,481 'לשלם':177 'לשפוט':424 'לתבוע':232 'מבין':165 'מהייצבות':226 'מחוייבים':100 'מחוץ':363 'מיד':175,210 'מיוחדות':133 'מיידית':234 'מינימום':256 'מלאו':155 'ממשלה':28A,35C,37C,145,168,190,281,303,347,460 'מניעת':370 'מסוג':263 'מעצם':101,369 'מעצר':218,221,262 'מעשיהם':58C 'מצולמת':162,194,241 'מרבית':79 'משכורת':257 'משמעותית':82 'משמעת':469 'משנה':107 'משפט':236,426 'משרת':482 'מתנהלת':271 'נגדו':255 'נוגד':110 'נותנים':449 'נמוך':427 'נראה':63 'נתקן':129 'סוציאליות':491 'סיבות':43C 'סמכו':53C 'עבירה':274 'עברה':368 'עברו':198 'עברות':375 'עוד':238 'עולה':293 'עומדים':151 'עורכי':463 'על':49C,54C,75,142,172,184,200,203,273,306,341,403 'עליהם':382 'עליו':422 'עליכם':394 'עמדה':286 'עצמם':76 'עקרונות':19B 'פדופיליות':359 'פיצוי':245 'פלילית':275,296,357 'פעולה':204 'פעם':496 'פרקליט':330 'צווארון':454 'קנס':178 'ר':336 'ראיות':317,320 'ראש':36C 'רשיונם':475 'שאזרחי':91,396 'שאינם':448 'שאפשר':314,322 'שהוא':417 'שהם':122 'שהקלו':421 'שהרצון':64 'שוא':219 'שונות':44C 'שופט':305,348,406 'שופטי':444 'שופטים':29A,33C,191,282,284,485 'שותף':366 'שיואשם':407 'שיועלמו':316 'שיפעלו':497 'של':32C,57C,65,206,217,230,288,344 'שלא':52C,267 'שלהם':112,120,443 'שלושת':98 'שנגרם':249 'שנוצרה':47C 'שניתן':387 'שעברו':171 'שעומדים':96 'שפיטה':483 'שצברו':433 'תחליט':471 'תימחק':209 'תיעוד':183 'תירשם':212 'תמיד':124 'תנועה':376 'תעברו':402 'תפקידם':102",,,,95,2024-07-25 10:48:55.517726,f
73,82,,0,,1,1,,0,100,2024-07-25 11:48:03.259698,,"","'1':123 '2':130 '20':184,258 '3':152 'א':254 'או':76 'אויברסיטה':35C 'אחוזים':103 'אחר':78 'אחרים':200 'אחת':41C,212 'אסתיה':1B 'אצל':220 'אקדמאי':132,248 'אקדמאים':125 'ארגון':77 'אשר':210,242 'את':18C,57,83,187 'בבית':263 'בהם':114 'בהתאם':214 'בחודשי':191 'בית':29C,32C 'בכיתה':227 'בכל':40C 'בלי':64,112 'בפועל':226 'בקלות':111 'ברור':121 'ברשת':203 'בתחום':217 'גזע':3B 'גן':28C 'די':81 'האחרות':233 'האחרים':235 'האלה':43C 'האקדמאים':95,107,165 'הדבר':19C 'ההוראה':158 'ההסתדרות':16C,80 'ההשקעה':188 'הוראה':198,225 'הוראת':170 'הורים':265 'הותק':38C 'הזכויות':58 'החופשה':181 'הייעודי':230 'הלימודים':175 'הם':96 'המדינה':9B 'המהווה':127 'המוניציפאלית':5B 'המורים':74,93,190 'המחיר':159,176,228,236 'המחירים':216 'המינימלי':25C 'המלמדים':252 'המסתגרת':27C 'המערך':157 'המקובלות':209,268 'המשכורת':222 'הנמוך':178 'הסופית':63 'הסוציאליות':59 'הסתדרות':73,106 'העניינים':84 'הפשוט':20C 'הצעות':10B 'הקיימות':208 'הקיץ':192 'הקשורים':85 'הרלוונטי':218 'הרשות':4B 'השהות':232 'השכירים':51 'השכר':23C 'השעות':185 'השעתי':24C,160,177,229,237 'השקעתם':262 'התוספות':207 'ואקדמאים':15A 'ובמפגשי':264 'והאקדמאים':75 'והתואר':39C 'והתוספות':267 'ויעודד':193 'וכמובן':204 'וכן':36C 'ולהוסיף':55 'ומעלה':255 'וצוות':266 'ושיטות':197 'זהה':161 'חודשיות':260 'חוטר':2B 'חוק':6B 'חישובי':102 'ידי':72 'ידע':195 'יוכלו':50,109 'יותר':116,179 'ייעודי':239 'יכסה':186 'יסוד':7B 'יצרו':98 'יראה':66 'ישארו':205 'ישולם':243 'יתעדכנו':211 'כדי':104 'כחלק':173 'כיצד':90 'כיתות':253 'כך':22C,48 'כל':21C,206 'כלליות':11B 'כמו':67 'כממי':31C 'כמסתמן':79,97 'לא':108 'לאתר':88 'לדוגמה':219 'לדעת':52 'להגיע':61 'להיות':46 'להיעזר':113 'להם':246 'להעלאת':215 'לזה':162 'לחודשי':180 'לחוקה':12B 'לחסרי':155 'לכך':56 'לכל':122,251 'ללא':182 'למורים':164,244 'למצוא':202 'לעצמאי':138,144,150 'לעצמאים':126 'לפי':26C,37C 'לפתור':110 'לראות':89 'לשכיר':139,145,151 'לשכירים':133 'לשכר':86 'לשנה':213 'לשעות':224 'לשפר':194 'לתואר':136,142,148 'לתוצאה':62 'לתפקידים':234 'מה':53,115 'מהמסגרות':42C 'מורים':14A,221 'מורכב':47,91 'מחיר':119,134,140,146,153,240 'מינימום':129 'מכרה':68 'מלתת':118 'ממחקרי':199 'מסבכת':17C 'מסובך':100 'מערך':99 'מפוצל':120 'מקצועי':196 'משק':8B 'מתכנית':174 'נכנסת':87 'סבכת':82 'ספר':30C,33C 'על':71,166 'עם':249 'פחם':69 'פעילות':168 'צריך':45 'קבוצת':171 'קל':117 'ראשון':137 'שאין':245 'שאיננה':169 'שאיננו':238 'שבקלות':49 'שזה':65 'שחברי':105 'שישולם':163 'שכר':13A,44,92,94,124,128,131 'שכרם':54 'של':101,189,257,261 'שלהם':60 'שלישי':149 'שני':143 'שניתן':201 'שנשמר':70 'שעות':167,231,259 'שעתי':135,141,147,154,241 'תואר':156,247 'תוספת':183,250,256 'תיכון':34C 'תלמידים':172 'תתחלק':223",,,,96,2024-07-25 11:48:20.698813,f
74,82,,0,,2,1,,0,200,2024-07-25 12:04:50.425225,,"","'2020':97 'אותו':181 'אזרחי':139,148 'אחרות':164 'אינן':116 'אמורה':135 'אסתיה':1B 'אשר':109 'את':37C,71,106,124,151,172 'באלפי':39C,73 'בביטוח':183 'בגלל':120 'ביצועית':131 'בכל':42C,76,202 'במשק':201 'ברור':112 'בשנת':96 'גזע':3B 'גם':56C,90 'דרישה':144 'האזרחים':54C,88 'הגבוהה':170 'הדוגמה':92 'ההחזרים':107 'ההכנסות':195 'הוא':143 'הועברו':99 'הוצאותיהם':159 'החודשיות':196 'החוק':141 'החזרי':16A 'הטבות':52C,86 'היה':111 'היכולת':193 'היתה':134 'הכי':93 'הכנסה':190 'הכנסת':9B,33C,67 'הכסף':173 'המגיע':174 'המדד':32C,66 'המדינה':6B,15B 'המינימום':200 'הממשלה':13B,21A,47C,49C,81,83,129,155,157 'המשק':24C,58 'הן':115 'הנוכחי':142 'הנשיא':10B 'הסמכויות':126 'העלו':35C,69 'הערה':186 'הצמדה':178 'השכר':38C,72 'והוצאות':18A,163 'והממשלה':34C,68 'והמסמכים':98 'וח':22A 'וחברי':48C,82 'וכמסתמן':55C,89 'ולא':168 'ולבדוק':150 'ולדרוש':171 'ולהעביר':180 'ולהשלמות':189 'ולפי':30C,64 'ומתאפשרות':118 'וראשי':156 'וריבית':179 'ותוספות':161 'ח':41C,75,153 'חודש':203 'חוטר':2B 'חוק':7B,11B,125 'חוקיות':117 'חריגה':94 'חריגות':19A 'יכולת':130 'יסוד':5B,8B,12B 'ישראל':140,149,176 'כ':23A,154 'כדי':102 'כולל':177 'כי':114 'כל':152 'כמסתמן':101,110 'כן':123 'כרצון':45C,79 'לאומי':184 'לאזרחי':175 'לגמלאים':191 'לגניזה':100 'לדרוש':105 'להיות':136 'להם':113 'להשקעה':182 'לו':51C,85 'לטובת':185 'לנדרשים':187 'לעזרה':188 'לעיתים':28C,62 'לעצמם':36C,57C,70,91 'לעשות':145 'לפני':122 'לראש':128 'מבקר':14B 'מההוצאות':108 'מכספי':53C,87,166 'ממשכורתם':169 'מנוצלת':137 'מעוטי':192 'מקבל':25C,59 'משכורותיהם':160 'משכר':199 'נגד':138 'נדירות':29C,63 'נוכל':104 'נלווא':162 'נתנו':50C,84 'על':158 'עליונה':132 'עליית':31C,65 'עם':147 'עקרונות':4B 'פחות':198 'פעם':43C,77 'צדק':146 'ציבור':167 'קרתה':95 'ראש':46C,80 'רק':119 'ש':40C,74 'שאישרו':20A,121 'שכלל':194 'שכר':17A,27C,61 'שלא':103,133 'שלהן':197 'שנתן':127 'ששולמו':165 'תוספות':26C,60 'תקופתית':44C,78",,,,97,2024-07-25 12:05:29.879165,f
75,82,,0,,1,0,,0,100,2024-07-25 12:20:23.992606,,"","'-21':80 '11':93 '20':32C '2000':81,247 '2020':28C '650':59C 'x':304 'או':22A,72,84,86,106,114,144,150,209,263,334 'אוצר':196 'אורנג':309 'אותה':390 'אותו':272 'אותם':118 'אזרחי':225 'אחרה':154 'איכות':231 'אין':112 'אינם':25A 'איננה':139 'איננו':252 'אישית':173 'אלא':47C 'אם':24A,101,155 'אני':299 'אנשי':314 'אסתיה':1B 'אפסית':258 'אפשרית':238 'את':168,221,230,241,286,308,353,371,379 'בדיבידנדים':331 'בחוק':92 'בחזרה':167 'בחלק':335 'בכלל':249 'בלי':384 'במהלך':189 'במלואן':208 'במרכזי':319 'בנק':161 'בנקאית':129 'בספים':68 'בע':137 'בעלי':294 'בעקבות':323 'בערים':321 'בשלב':375 'גורמים':41C 'גזע':3B 'גם':100,254 'גמחצית':27C 'דוגמה':298 'דיבידנדים':327 'דמרקר':38C 'ה':79 'האדם':175 'האוצר':66,76,99,122 'האזרחים':54C 'האחריות':170 'האלה':279 'הבנק':180 'הבריאות':56C 'הגיע':273 'הגנוזים':40C 'ההגדרה':136 'ההטבה':135 'ההלוואה':133 'ההלוואות':217 'ההשקעה':255 'הוא':215,325,350,377,381 'הוחזרו':95 'הזוג':183 'הזכויות':5B 'הזמן':274 'החברה':355,380 'החזירו':220 'החזר':338 'החזרת':17A,63,67,186 'הטבה':85 'הטבות':73,213 'הטוב':235 'הטלפוני':360 'היא':257 'היה':44C,364 'היו':58C 'הכנסת':107 'הכסף':21A,119,169,251,287 'הלוואה':83,143 'הלקוחות':374 'המאה':78 'המדינה':13B 'המוגדרים':91 'המחירים':125 'המיסים':49C,202,285 'המלא':188 'הממשלה':8B,105 'המניות':330 'המסמכים':39C 'המענה':359 'המענק':134 'המשותף':214 'הן':316 'הסדר':234 'הסכום':187 'העיקר':369 'העסקים':320 'הפה':372 'הפך':357 'הציבור':111 'הצמדה':244 'הצעות':9B 'הרוויח':382 'הרכישה':324 'השונה':89 'השירות':356,392 'השנים':190 'השקיע':386 'השקעות':159 'התחיל':351 'ו':71 'ואת':391 'ובחו':163 'ובטוח':266 'ובנק':15B 'וגם':177 'וההטבות':218 'והילדים':184 'והם':109,260 'והן':318 'והנכסים':181 'והשאר':344 'וחשבונות':160 'ויחזירו':283 'ולא':96 'ולבעלי':329 'ולהתנקות':236 'ומי':276 'ועד':248 'וריבית':245 'ושרי':195 'זה':282 'זוכרת':300 'זכות':116,290 'זמן':346 'זמני':297 'ח':35C,53C,62C 'חברת':311 'חובות':18A 'חוטר':2B 'חוק':6B 'חייהם':232 'חיים':26A 'חילק':326 'חלק':203,211,340 'חלקן':210 'חסויים':162 'חסרי':366 'חשבון':200 'חשבונות':179 'חשיפה':36C 'טייקון':30C 'טלפונית':317 'יבדקו':158 'ידי':104,293 'ידע':367 'יהיה':156 'יוחזר':120 'יורשיהם':23A 'יכולים':261 'יסוד':7B 'ירוויחו':267 'ישלמו':280 'ישראל':16B,226 'כאשר':250,303 'כדי':165,388 'כהלוואה':70 'כהלוואות':206 'כוח':295 'כולל':243 'כל':82 'כלליות':10B 'כלשהו':31C 'כמה':301 'כסף':64,227 'כספי':88,110 'כעסתי':302 'ל':164 'לא':57C,219,264 'לאחר':348 'לגיטימית':291 'להחזיר':147,240 'להחזרתם':171 'להפוך':50C 'להפסיד':265 'להרוויח':262 'לחוקה':11B 'לחלק':117 'ליום':131 'לכנסת':115 'לכסף':42C 'ללא':289 'ללקוחות':394 'למדד':124 'למי':141 'לממשלה':46C,113 'למען':233 'למשלמי':48C,284 'למתנה':51C 'לסתום':370 'לעצמו':328,333 'לפטר':352 'לפני':270 'לצרכן':126 'לקבל':166 'לקדם':389 'לקופת':65,98,121 'לרכוש':307 'לשפר':229 'מ':138 'מאחר':108,259 'מבקר':12B 'מגילת':4B 'מהאוצר':149,343 'מההטבות':278 'מההלוואה':341 'מהכספים':204 'מהם':336 'מהמיסים':223 'מהמענקים':90 'מהעסק':269 'מוטלת':172 'מטבע':14B 'מיד':322 'מיליארד':33C 'מיליון':60C 'מימן':337 'מכל':151 'מכן':349 'מכר':378 'מלבנטיניות':237 'ממנה':383 'ממקבלי':20A 'ממשלה':194 'ממשלתי':153 'מסויים':376 'מסתמן':191 'מענק':87,145,306 'מקופת':75 'מקצוע':315 'מקצועי':368 'משהו':268,387 'משלמי':201 'משנת':246 'משרד':152 'מתחילת':77 'נדיבים':198 'נכון':130 'נמחק':345 'נמחקו':102,207 'סלולר':312 'ע':52C 'עבור':281 'עד':185 'עובדי':354 'על':103,174,178,199,292,361 'עלוב':358 'עליהם':239 'עם':127,313 'פוליטי':296 'פי':362 'צורך':157 'צמוד':123 'קבלו':212 'קבלת':132 'קיבל':29C,305 'קצר':347 'ראשי':193 'רוב':363 'ריבית':128 'ש':34C,61C 'שבאמת':385 'שהיו':192,197 'שהיתה':310 'שהם':275 'שהציעה':393 'שולמו':97 'שחילק':332 'שיחסלו':271 'שייך':45C 'שיש':146 'של':37C,182,339,365,373 'שלא':43C,94 'שלהם':253,256 'שלסל':55C 'שמקבלי':216 'שנהנה':277 'שנועד':228 'שניתן':288 'שנמחקו':19A 'שנתנו':69,74,205 'שקבלו':142,148,222,242 'שקיבל':176,342 'ששלמו':224 'תקפ':140",,,,98,2024-07-25 12:20:39.925549,f
76,82,,0,,1,1,,0,100,2024-07-25 12:37:44.724118,,"","'..':129 '1':130 '120':137 '2':60C,147 '27':66C '71':29A,54C,121,139 'אבטלה':142 'אזרחית':175 'אחרים':112 'איכות':180 'אין':44C 'אלא':48C,168,188 'אנשים':36C 'אסתיה':1B 'ארץ':33C 'את':179 'בבחירת':197 'בהצלחה':123 'בחירות':164 'ביטול':22A,69 'בישראל':128 'בית':23A,26A,70 'במועצה':46C 'במניעת':158 'במשכורות':102 'בעסקאות':162 'ברירה':185 'ברשות':49C,145 'בתנאים':103 'גזע':3B 'גם':124 'די':37C,156 'דרך':173 'האחרות':108 'האיכות':169 'הבחירה':85 'הבטחת':159 'היא':32C,89,113 'הכמות':166 'הכנסת':9B,101,136 'הלוואי':170 'המדינה':6B,15B,21B 'המופחת':149 'המחוקקת':126,146,153 'הממשלה':12B 'המספר':132,148 'המצטברת':98 'המרכיבים':87 'הנבחרים':24A,71 'הנוכחי':133 'הנוספות':106 'הנציגים':181 'הסנהדרין':117 'העלות':97 'העקרונות':93 'הפחתת':131 'הצליחו':118 'הצעות':16B 'הקיימות':187 'הראויים':94 'הרשות':125,152 'התאגדות':174 'ואיננו':73 'ובפנסיות':105 'וגם':84 'והוא':75 'וכך':182 'וכךתסתדר':122 'ולא':92,115 'ונגיע':171 'ח':63C 'חברי':100,135,151 'חוטר':2B 'חוק':7B,10B,13B 'חוקית':51C,81 'חיסכון':57C 'יאפשר':140 'יהיה':154 'יורק':43C 'יסוד':5B,8B,11B,14B 'יעיל':157 'יצירת':25A,56C 'ישראל':31C 'כ':65C 'כבדה':114 'כבית':77 'כלליות':17B 'כמסתמן':192 'ל':138 'לא':39C,143,165,183 'לדרך':193 'להם':110 'להסתדר':119 'להתאים':52C 'להתנקות':189 'לחודש':64C 'לחוקה':18B 'לכך':83 'לכנסת':200 'למנוע':141 'למערכות':186 'למרות':79 'לסנהדרין':53C 'לרשות':95 'לרשימה':199 'לשינוי':172 'לשנה':68C 'מאחר':72 'מבנה':19B 'מהבאגים':190 'מהעיר':41C 'מוצדקת':116 'מחוקקים':27A,78 'מחוקקת':50C,96 'מיליון':61C,67C 'ממקורות':111 'מספר':35C 'מעל':59C 'מעצור':155 'מפלגות':196 'מפלגתית':91 'מצומצם':38C 'מקומות':160 'משמש':76 'נחוץ':74 'ניו':42C 'נלווים':104 'נס':178 'נציגים':30A,55C,198 'סמויה':144 'עירונית':47C 'על':107,177 'עם':28A,34C,120 'עסקנות':90 'עקרונות':4B 'פעולתן':194 'צורך':45C 'קובעת':167 'רחוק':40C 'רשאי':82 'רשויות':20B 'ש':62C 'שאיננו':80 'שהפכו':191 'שיש':109 'של':58C,86,99,134,150,195 'שלו':88 'שמורים':161 'שתוקם':127 'שתעלה':176 'תהיה':184 'תרום':163",,,,99,2024-07-25 12:38:13.480456,f
77,82,,0,,3,1,,0,300,2024-07-25 12:56:01.918311,,"","'-2022':356 '..':95,357 '10':165 '100':352 '2011':355 '99.8':332 'א':330 'או':39C,46C,114,125,204,370,396 'אזרחי':25A,83,142,291,327 'אזרחים':62 'אחר':207 'אין':144 'אינם':162,188,299 'אינן':57 'איננה':69 'איננו':31C,155,360 'אך':68 'אלא':59,73,373 'אלו':229 'אם':313,392 'אנשים':410 'אסור':123 'אסתיה':1B 'אף':337 'אפשרויות':248 'אפשרות':198 'אצלך':308 'אשר':208 'את':132,160,274,278 'בארץ':270 'בביטוח':99 'בבעיה':394 'בהתאם':259 'בזכויות':211 'בחוק':89 'ביחד':121 'ביטוח':21A,29C,33C,50,54,80,240,269,358,362,374,402 'בכספים':288 'בלי':197 'בלתי':178,217 'במצבים':216 'במצוקה':253 'בעדן':348 'בעיות':412 'בעלי':108 'בעתידנו':294 'בצרכים':407 'בקואליציה':350 'בשום':202 'בשימוש':163 'בשנים':354 'בתוכניות':266 'גג':378 'גזע':3B 'גמלאות':35C,106,244,364 'דבר':145 'דיפרנציאליות':245 'דרך':203,295,320 'האוצר':43C,285,369 'האזרחים':98,175,212 'האישיים':289 'האישית':304 'האלה':344 'הביטוח':186 'הגנה':172 'ההגדלה':275 'ההקצאה':75 'הוא':52,309,376,404 'הזכויות':8B 'החוקים':343 'היה':137 'הכותרת':239 'הכנסה':109,116,224,226 'הכנסותיה':56 'הכספיים':408 'הכספים':96,161,180,236 'הלאומי':187 'הלוואות':41C 'המבצעת':195,234 'המדינה':10B,13B,19B 'המוסד':296 'המושקעים':293 'המחוקקת':194 'המחלקת':34C,363 'המטפל':406 'המילה':150 'המימון':280 'המיסים':219,230 'הממשלה':287 'המקבל':379 'המקסימלית':276 'המשפחתית':305 'הנגבים':220,237,263 'הנקיה':321 'הנקרא':49 'הצביעו':347 'הצדק':302 'הצמיחה':133 'הצעות':14B 'הקצאה':60 'הרשות':233 'השימושים':282 'השירות':48 'התחלה':256 'התמיכה':318 'ואינם':190 'ואיננה':90 'ואיננו':158 'ואלו':351 'ובחברות':268 'ובכך':130 'ובנק':5B 'ובעולם':271 'ובעלי':386 'וגם':36C,277,365 'וההפרשות':23A 'וההצלה':303 'והריבונית':306 'והשופטת':196 'וטובת':171 'וכולם':120 'ולא':104 'ולתת':254 'ומכוונת':324 'ומע':227 'ומשפחות':252 'ועצמאים':385 'ופרוטקציונרים':336 'וראשי':286 'ותשלום':85 'ז':329 'זאת':319 'זה':201 'זמינים':169 'זמנית':395 'חברת':32C,53,361 'חודשית':110 'חוטר':2B 'חוק':17B 'חוקית':182 'חיסכון':93 'חקיקה':206 'טייקונים':335 'י':315 'ידי':65,222 'יהיו':393 'יולדות':416 'יותר':115 'יסוד':12B,18B 'יפגע':210 'יצא':310 'ישראל':6B,26A,84,143,184,292,328 'כדור':301 'כדי':272,388 'כזה':146 'כל':235 'כלי':92 'כלליות':15B 'כמתחייב':88 'כסף':127,135 'כספי':185 'כספית':399 'כפי':345 'כפתור':317 'כראוי':157 'כשהיו':349 'כשלעצמו':119 'ל':331 'לא':37C,340,366 'לאומי':22A,28A,30C,51,77,100,129,149,154,241,298,359,375,403 'לאומית':55 'לאור':311 'לאזרחי':183 'לאזרחים':74 'לבטח':273 'לביטוח':27A,76,148,297 'לגמלאים':107 'להבטחת':140 'להגנה':213 'להיות':138 'להם':391 'להפחית':131 'להשקעה':265 'לזכאים':86 'לחוק':260 'לחוקה':16B 'לטובת':326,342 'ללוות':126 'למוסד':71 'לממן':243,247 'לממשלה':122 'למעשה':209 'למפוטרים':251 'למקרה':170 'לנכים':250 'לנשים':257 'לנתינת':105 'לעזור':390 'לעזרה':87 'לפנסיה':94 'לפנסיונרים':246 'לצורך':79 'לקחת':124 'לרשוה':192 'לרשויות':193 'לשימוש':42C,232,368 'לשנות':199 'לתשלומים':103 'מ':228 'מביטוח':128 'מבקר':9B 'מגבלויות':413 'מגילת':7B 'מהווה':91 'מהות':20A 'מהכנסתם':382 'מהכספים':262 'מהמפלגות':353 'מהקיימות':339 'מוסד':377,405 'מושקע':139 'מזיקה':322 'מחוסרי':414 'מחייה':249 'מחצית':261 'מטבע':4B 'מיועדים':101,242,264 'מיליארד':166 'מינימום':113 'מיסים':58 'מכל':117 'ממשלה':45C,372 'ממשלתי':67,72 'מס':38C,223,225,367 'מסויים':381 'מפלגה':338 'מפלגתית':323 'מצב':200 'מקור':40C,118 'מקורות':279 'מראה':152 'משקיע':159 'משרד':66 'נוספים':168 'נועדה':78 'נמצא':307 'נסלחים':300 'סולידיות':267 'סכום':380 'עבודה':415 'עודפים':147,151 'עומדים':191 'על':64,173,214,221,316 'עליה':401 'עם':411 'עסק':387 'עסקנים':334 'עצמם':215 'עקרונות':11B 'ערכות':255 'עתיד':141,174 'עתידי':81 'פועל':156 'פלוס':164 'פריבילגים':47C 'צפוי':179 'צפויים':218 'קבועה':397 'ראש':44C,371 'רק':102,312,325 'שאינם':333 'שאמור':136 'שביטוח':153 'שידרשו':281 'שיוכל':389 'שייכים':181,189 'שייכת':70 'שילדו':258 'שכירים':384 'שכר':112 'של':24A,61,82,111,134,290,383,409 'שלא':346 'שמאורגנת':63 'שמיועדים':231 'שמשקיעים':97 'שעושים':283 'שקלים':167 'שרי':284 'שתמיכה':398 'תדרוש':176 'תהליך':205 'תחת':238 'תלחצ':314 'תצביע':341 'תקל':400 'תשלום':177",,,,100,2024-07-25 12:56:30.410029,f
78,82,,0,,1,1,,0,100,2024-07-26 04:55:28.926466,,"","'7.10.23':306 'או':60C,112,190,239,540 'אויבים':390 'אותה':414 'אותן':96,111,156,274,287,542 'אזרחי':65C,76,161,195,350,465,489,545,550 'אחת':205,219 'אינטרס':69C,199 'אינטרסים':235,242 'איננה':227 'אישור':494,544 'אישיים':234 'אלא':89,381 'אלו':245,477,505 'אם':90,345 'אסתיה':1B 'אפילו':404 'אפשר':472 'אצל':446 'ארץ':49C,179 'את':144,149,266,290,336,372,384,394,401,419,444,453,476,482,493,522,538 'ב':305 'באחריות':137 'באינטרסים':485 'באמצעות':91,256,284,547 'באנגלית':362 'בגלל':455 'בה':59C,189 'בהם':62C,192 'בהן':114 'בהתאם':317 'בהתנהלות':304 'בו':263 'בחוסר':341 'בחוק':531 'בחזרה':521 'בין':292 'בישראל':248 'בכס':503 'בלי':252,543 'במהלך':30A 'במילואים':338 'בני':511 'בנק':118,125,427,451 'בנקים':432 'בעליל':131 'בשינוי':507 'בתשובות':307 'גזלו':155 'גזע':3B 'גם':382 'גרוע':439 'גרמה':377 'דבר':405 'דרך':55C,185 'האוצר':139,429 'האחד':358 'האיסלמיסטים':360 'האפודים':334 'הביטחון':348 'הבנק':445 'הבעלים':152,157 'הגבוהה':303 'הדברים':45C,175 'הדואר':408,437,454 'ההבדל':291 'הוא':215,264,461 'החברות':25A,37C,71,100,145,150,167,524 'החיוניים':46C,58C,176,188 'החקיקה':6B 'החשמל':403 'הטרוריסטים':359 'היה':123,462 'היו':487 'היכולה':324 'היתה':127 'הכניס':265 'הלאומי':214 'הלוחמים':337 'הלידה':224 'הם':159,516 'המאה':31A 'המדינה':17B,20B,24B 'המהות':373 'המחירים':440 'המים':396 'הממשלה':107,141 'הממשלות':260 'המקורות':514 'המקוריים':153,158 'המקרקעין':14B 'המשולמים':471 'הן':33A,73 'הנולדים':210 'הנזק':483 'הנכסים':74 'הסנקציות':343 'העברת':328,395 'העולם':320,357 'העם':299 'העשרים':32A 'העתידי':355 'הפוטנציאל':385 'הפיכת':99 'הפך':249,438 'הפכו':413 'הפסדים':456,469 'הפעולה':370 'הצבא':280,301,331,354 'הצבאית':282 'הציבוריות':26A,38C,72,101,168,525 'הציבןר':495 'הצעות':9B 'הקיצונעיים':364 'הקצונה':302 'השייכת':203 'השירות':435 'השכבות':553 'השמדתנו':387 'התחומים':57C,187 'התנגד':430 'ואחד':206,220 'ואינטרסים':233 'ובכסף':63C,193 'ובלי':491 'ובלתי':52C,182 'והאיומים':344 'והפסיד':460 'והפריטו':417 'והתעשיה':281 'וזכאי':467 'וחלקן':283 'ולא':133 'ולהעמיד':335 'ולוודא':530 'ולזרים':529 'ולקלוט':481 'ומוכרים':452 'ומי':142 'ומידע':412 'ומכר':273 'ומשאלי':7B 'ועכשיו':442 'ושל':510 'ותפיסת':319 'זה':366 'זהה':497 'זר':70C,200 'זרים':243 'חברה':225,296,375,458,463,474,475 'חברות':34A,165 'חדשה':270 'חוב':81 'חוטר':2B 'חוק':4B,12B,15B,21B 'חוקי':255 'חוקית':130 'חלקן':277 'ידי':104,230,389 'יהיה':536 'יכול':122 'יסוד':5B,13B,16B,19B,22B 'יפול':86 'יצר':134 'יש':501 'ישירות':278 'ישראל':66C,77,162,196,208,222,351,466,490,546 'כאשר':428 'כדי':41C,67C,79,108,171,197,422,519 'כולה':420 'כולל':209 'כולן':267 'כחברה':201 'כחברות':28A,479 'כי':43C,120,173,369,532 'כישות':322 'כך':83 'ככאלה':40C,170 'כל':44C,160,174,218,365,523,552 'כלליות':10B 'כלשהו':425 'כמו':116,212,279,333,406 'כמסתמן':240,289,314,421 'כמעט':418 'כן':98 'כספים':508,518 'כרצונו':115 'כשהיה':295,457 'כשהם':311 'כשנוח':315 'כתפיהן':88 'ל':294 'לא':85,121,129,378,534 'לאומי':82 'לאוקראינה':332 'לאפשר':423 'לבחירות':498 'לבין':300 'לברות':244 'לבתים':397 'להחזיר':148 'להיסוי':468 'להם':316 'להעברת':410 'להשתמש':502 'להתנגד':325 'לו':450 'לוודא':42C,172 'לחברה':250,268,415 'לחברות':275,527 'לחוקה':11B 'לחיסול':54C,184 'לטובת':347,488 'לטייקון':119,424 'לטרוריסטים':363 'לידי':151 'לידיים':146 'ליצור':117 'לכאורה':312 'לכל':204 'לכן':500 'ללמדיניות':318 'למכור':78,95,110,541 'לממן':68C,80,198 'לממשלה':499 'לממשלתיות':102 'לנו':368 'לסכנת':339 'לעבור':473 'לעד':36A 'לעולם':533 'לעיתים':241 'לעצמכם':392,399 'לעשות':113 'לפני':97 'לפתוח':124,426 'לפתיחת':431 'לקבל':492 'לקיומה':47C,177 'לראש':309,326 'לרכוש':520 'לשנות':537 'מאזרחי':207,221 'מאחר':132 'מדוע':163 'מהמיסים':470 'מהן':154 'מחזיקים':517 'מי':447 'מיגון':342 'מיד':434 'מכל':513 'מלהשתמש':262 'ממחסני':330 'ממש':211 'ממשלה':232,247,310,327 'ממשלתית':269,416 'מסך':272 'מסכימים':94 'מסרים':411 'מעמדן':539 'מראה':367 'מרגע':223 'משאירים':443 'משאל':92,257,548 'משארל':135 'משבר':380 'משפחתפם':512 'משק':23B 'מתנהלים':313 'נוסף':126 'נוספים':433 'נוצרו':39C,164,169 'ניתן':535 'ניתנת':53C,183 'נמנעו':261 'נפעל':346 'נציג':285 'נשלטת':228 'על':87,103,216,229,352,388 'עלו':441 'עם':8B,93,136,258,549 'עססקנות':237 'עצמאיות':276 'עצמאית':50C,180,323 'עקרונות':18B 'פוליטית':238 'פני':353 'פעולה':128 'פרטיות':147,528 'צבא':298 'צה':293 'ציבוריות':29A,35A,166,480 'ציבורית':202,226,251,297,376,459 'ציוד':329 'קדמה':383 'רא':105 'ראינו':288 'ראש':140,217,231,246 'ריבונית':51C,181 'רק':379 'רשות':407 'ש':106 'שאיננו':496 'שבהם':515 'שהחוב':213 'שהנטל':84 'שיהיה':449 'שיוכל':109 'שימוש':61C,191 'שימכר':286 'שיסגרו':400 'שיפסיקו':393 'שיצר':271 'שיתוק':56C,186 'שכל':259 'של':48C,75,178,236,349,356,374,386,436,464,504,551 'שלא':486 'שלהם':321,509 'שלטר':402 'שמד':340 'שמכר':143 'שמשלמים':64C,194 'שנגדה':371 'שנוסדו':478 'שנועדה':409 'שנוצרו':27A 'שנמכרו':526 'שנעשה':484 'שנתנו':308 'שקיבל':253 'שר':138 'שרצו':448 'שתמכו':506 'תארו':391,398 'תואר':361 'תוקף':254",,,,101,2024-07-26 04:55:53.058232,f
79,82,,0,,0,0,,0,1,2024-07-26 05:04:33.14231,,"","'1.1.2000':23C,55 '3':90 'אבות':93 'או':81 'אותן':34C,66 'אכלו':94 'אנושיות':109 'אסתיה':1B 'את':42C,74,114 'ב':22C,54 'בהן':11A 'ביטוח':5A,18C,50 'בלי':14A 'במאסר':83 'בנים':97 'בנקים':6A 'בסק':95 'גזע':3B 'גם':29C,61,99 'דורות':91 'הגברים':103 'ההדדית':116 'הושקעו':10A 'הכספים':44C,76 'המורחבת':36C,68 'המחוייבות':115 'הנשים':100 'הצמדה':47C,79 'השקעה':31C,63 'וחברות':7A 'ולהחזיר':111 'וריבית':48C,80 'ושבטית':107 'ושיני':96 'זרות':27C,59 'חברות':4A,17C,30C,49,62 'חוזרים':104 'חוטר':2B 'חייבים':38C,70 'טובה':110 'יהיו':37C,69 'ימיהם':89 'ימכרו':13A 'ישראל':41C,73 'ישראליות':19C,21C,51,53 'ישראלים':9A 'כולל':46C,78 'כך':28C 'כל':43C,75 'כנאמר':92 'לא':12A,24C,56,101 'לאזרחי':40C,72 'להיות':82 'לוודא':108 'לטובה':117 'לידיים':26C,58 'ליושנה':113 'למחוייבות':105 'לשלם':39C,71 'מי':32C,64 'משאל':15A 'משפחתו':35C,67 'משפחתית':106 'ןכך':60 'סוף':88 'עבודת':85 'עד':87 'עטרה':112 'עם':16A,84 'פרך':86 'רק':102 'שהיו':20C,52 'שהשקיעו':45C,77 'שכספי':8A 'שמכר':33C,65 'תימכרנה':25C,57 'תכהנה':98",,,,102,2024-07-26 05:05:06.371693,f
80,82,,0,,2,0,,0,200,2024-07-26 05:28:07.797851,,"","'..':351 '3':87 'א':55,338 'או':245 'אוטובוס':105 'אומרת':215 'אותה':140 'אחד':106 'אין':159 'אלא':112,131,267 'אם':113,132,146,256 'אנשי':177 'אסתיה':1B 'ארצי':11A 'את':31C,82,231,242,300 'ב':98 'ב80':130 'באופן':102 'באותו':314 'באזורים':125 'בבתי':208 'בהם':241 'בו':20A,158,324,334 'בחברות':261,275 'בחופש':348 'בחרה':313 'ביום':17A,67,71,75,169,172,225,321,328,337,345,349 'בימים':303 'בכמות':137 'בכפרים':205 'בלי':25C,39C,47,183 'במדויק':246 'במהלכם':309 'במוסכים':119 'במיעוטים':258 'במשרדי':37C 'במתכונת':211 'בני':196 'בנסיעות':109 'בעברית':43C 'בעולם':255 'בערים':192 'בראשון':280 'ברק':197 'בשבת':9A,24C,46,99,150,249,269,282 'בשבתות':92 'בשישי':266 'בשכר':270,283 'בתחבורה':60 'בתי':297 'ג':141 'גזע':3B 'גם':91,108 'דת':16A,36C 'האחרים':259 'הדבר':252 'הדרוזים':77 'הדתות':167 'החברות':56 'החופש':53,164 'החרדיות':186 'היום':83,287 'היחיד':289 'הימים':88 'הכי':253 'הכיפורים':157 'הלאומי':288 'המוסלמים':66,260,326,344 'המועדף':84 'המורים':232,243,310 'הממשלה':38C 'המנוחה':33C 'המשפחה':204 'הנוצרים':74,244,274,335 'הנותנות':57 'הספר':209 'העברים':70 'העברית':29C,51 'העובדים':325 'הערה':198 'הצ':78 'הציבורית':263,277 'הצעות':4B 'הרוב':213,217 'הרוצים':327,336 'הרלוונטי':34C 'השבועי':54 'השבת':13A,28C,42C,50,340 'השבתון':170 'השונות':168 'השיעורים':238,301 'התחבורה':89,100,128 'התעבורה':262,276 'וביום':235 'ובישובים':206 'ודרוזים':182 'והבהאים':80 'והעובדים':93 'וטכנים':179 'ויהיו':347 'ויעבדו':281 'ויקבלו':151 'ולא':190 'ומוסלמים':136 'וצוות':117 'וראשון':305 'זאת':214 'חוטר':2B 'חול':273,286 'חופש':64,331 'חוץ':126 'חרדיות':194 'טכני':118 'יבחרו':81 'יהיה':222 'יהיו':133,227 'יוכלו':148 'יום':32C,52,63,156,219,223,272,285,295,315,323 'יועסקו':174 'יותר':124 'יחד':202 'יישום':10A 'יכולה':250 'ילמדו':308 'ימי':163 'ינתנו':165 'יעבדו':265,268,279,333,342 'יעבורו':191 'יעיל':123 'יפעלו':210,320 'יקבלו':94 'ירצו':147 'יש':114 'ישאר':294 'ישראל':144,234 'יתאמו':299 'יתנו':62 'יתקיימו':237 'כאשר':216 'כדי':120,199 'כיום':316,330,339 'כיפור':296 'כך':306 'כל':15A,203 'כלל':162,293 'כלליות':5B 'כמו':187,195,343 'לא':264,278,332 'לאפשר':200 'לבעלי':166 'להיות':201,251 'להיכנס':184 'לחוקה':6B 'לייעל':139 'לימודים':221 'לכל':35C 'ללא':220,290 'למעט':155 'לספק':121 'לעבוד':149 'לעבור':26C,40C,48 'לעובדיהם':65 'לעובדים':69,73 'לפי':212 'לקיים':21C,30C 'לשבות':19A 'לשכונות':185 'לשעה':107 'מאה':188 'מבין':86 'מבית':143,233 'מוסלמי':218 'מוסלמים':180 'ממשלה':319 'מספיק':115 'מספקת':138 'מצומצם':103 'משרד':178 'משרדי':318 'נהגים':116,134,142,176 'נוצרים':135,181 'נסיעה':59 'נתחשב':257 'ספר':298 'עירוניות':111 'עירוניים':127 'על':27C,41C,49 'עליהם':85 'עם':104 'ערבים':207 'פנים':110 'ציבורית':8A,23C,45,61,161,248,292 'צרכים':230,240 'קל':254 'ראשון':76,236,350 'רגיל':97,154 'רק':145,175 'רקסים':79 'שבחרו':18A 'שבת':72,173,226,346 'שבתון':317 'שהדת':311 'שהן':193 'שיעורים':228 'שירות':122 'שירותי':58 'שישי':68,224,304,322,329 'שכר':95,152 'של':12A,14A,271,284 'שלא':229,239,307 'שלהם':171,312,341 'שמלמדים':302 'שערים':189 'שעתי':96,153 'תחבורה':7A,22C,44,160,247,291 'תפחת':129 'תפעל':90,101",,,,103,2024-07-26 05:28:37.351244,f
81,82,,0,,1,0,,0,100,2024-07-26 05:40:26.33414,,"","'-5':126 '10':176 '100':170,307 '11':180,312 '12':184,315 '13':188,318 '14':192 '150':160,177,181,203 '200':164,185,211,297 '300':189,313 '4':130 '400':193,316 '5':119 '500':319 '8':124 '9':117,150 'א':147 'אבטלה':258 'או':122,288 'אומרת':174,310 'אותה':227 'אחר':145 'אינן':69 'אמורות':70 'אנחנו':228 'אנשים':278 'אסתיה':1B 'אפשר':74 'ארץ':220 'את':82,91,241,262 'ב':275 'בבוקר':216 'בו':256 'ביום':132,152 'ביעילות':265 'במגזר':54,99,108 'במגזרים':23A 'במשוב':280 'במשמרת':198 'בנוגע':44C 'בעבודה':115 'בעלי':102,231 'בערב':207 'בצורה':244 'בשבוע':121,128,146 'בשבת':137 'גדול':77 'גזע':3B 'גלובליות':85 'גלובלית':104 'גם':80,97 'דבר':72 'האחריות':92 'הביטחון':255,287 'ההבטלה':83 'הוא':143 'הוגנת':245 'הזה':60 'הזכויות':5B 'החוק':49,59 'החסרים':90 'היא':219 'היחסי':114 'הלאה':196,321 'הלילה':201 'הם':61 'המגזר':251 'המגזרים':32C 'המדינה':8B,12B 'המועסקים':43C 'המנהלים':295 'המקבלים':94 'הנוספות':156 'העבודה':243,264 'העובדים':148,197 'העצמאי':100 'הערה':217 'העשירית':300 'הפרטי':24A,55 'הציבורי':109,252 'הצעות':13B 'הראשונות':157 'הרוצים':233 'הרעיונות':57 'השבועי':140 'השבתון':139 'השכירים':107 'השלישית':163 'השעה':162 'השעתי':113 'השעתיים':155 'ו':129,133,210 'ואינם':285 'ובנק':17B 'וברור':41C 'והם':284 'והפיצוי':93 'והציבורי':25A,56 'וימנעו':226 'וכך':79 'וכל':165,302 'וכן':195,320 'ולא':271 'ולכן':66 'ולמנוע':33C 'ולתת':246 'ועד':208 'ושעות':200 'זאת':173,309 'זה':36C 'זמן':248 'זרועות':254 'חוטר':2B 'חוק':9B 'חיים':64 'חצות':209 'חשוב':37C 'יום':144 'יותר':78,237,267 'ימים':120,127 'יסוד':7B,10B 'יעבדו':270 'יקבלו':105,153,202,296 'יש':26C,257 'ישכרו':236 'ישראל':18B,218 'יתווספו':305 'יתחיל':260 'כגון':291 'כדי':239 'כך':268 'כל':31C 'כלליות':14B 'כמו':106 'כשיום':138 'לא':88 'לאנשים':63 'לבעיות':282 'להיות':71 'להפחית':81 'לוקחים':142 'לחוקה':15B 'לחיות':250 'לחלק':240,261 'ליצור':38C 'לכלל':42C 'לכן':96 'למנהלים':87 'למעט':134,253,294 'לעבודתם':301 'לעובדיהם':247 'לעובדים':51,89 'לעשות':27C 'לצורך':35C 'לשכור':75 'לשכרם':112 'לשלם':234 'לשעה':171,178,182,186,190,194,204,212,298,308 'לתשלום':45C,306 'מאחרי':58 'מגילת':4B 'מגיע':62 'מהי':225 'מהשעה':299 'מובנה':40C 'מזרועות':286 'מטבע':16B 'מי':135,222 'מיועד':50 'מיידי':281 'מנהלים':53,95 'מעל':116,123,149 'מערך':39C 'משכורות':84 'משכורת':103 'משמעותי':111 'משעה':205 'משק':11B 'מתאימות':86 'נגד':229 'נוספות':22A,48C,68,274 'נוספת':167,304 'נטל':263 'ניצול':34C 'סמוייה':259 'עבדות':224,230 'עבור':20A,46C 'עד':213 'עובדי':30C 'עובדים':238,276 'עומס':242 'על':154,161 'עם':29C 'עסק':232 'עקרונות':6B 'ערב':199 'פחות':235 'פיצוי':110 'פרטי':249 'פרטיים':65 'צבא':289 'צדק':28C 'צוות':76 'צוותי':292 'קבע':290 'קריטיות':283 'רבה':266 'רפואה':293 'שאינם':52 'שגרתי':73 'שהכירו':223 'שהם':101,141 'שחיי':277 'שכולם':269 'שכירים':98 'שכר':158 'של':159,169,221 'שלפניה':172 'שמונה':215 'שעה':166,175,179,183,187,191,214,303,311,314,317 'שעובדים':136 'שעות':21A,47C,67,118,125,131,151,273 'תהינה':272 'תוספת':168 'תלויים':279 'תשלום':19A 'תשע':206",,,,104,2024-07-26 05:40:56.734949,f
82,82,,0,,1,1,,0,100,2024-07-26 05:51:35.901967,,"","'-12':83 '1':90,170 '10':111 '100':103,137 '11':115 '12':119 '13':123 '14':127 '15':131 '2':167 '200':98,112 '30':195 '300':116 '400':120 '5':192 '500':124 '600':128 '700':132 '8':82 '9':79 'א':58,89,166,169,203 'או':42C 'אומרת':109 'אח':21A,142 'אחרים':68 'אלא':160 'אלו':176 'אם':91 'אנשים':59,67 'אסתיה':1B 'ארוכה':77 'אשר':154 'את':54C 'ב':179 'בגינם':207 'בהם':70 'בהסדר':164 'בחוק':171 'ביותר':30C,34C 'בלקוחות':152,182 'בלקוחותיהם':64 'במאושפזים':198 'במשמרת':76 'בעלי':24A,145 'בפרקטיקות':177 'בצוותי':60 'בקביעות':71 'ברצונם':92 'בשבוע':197 'בתקנים':140 'גזע':3B 'גם':151,173 'האדם':37C 'הבאה':88 'הגדולים':33C 'החיוני':38C 'הלאה':135 'הם':96 'המדינה':10B 'המטפלים':150,181 'המשכורת':211 'הסדרת':14A 'העסקת':174 'הפרטיים':65,201 'הצעות':4B 'הקיים':165 'הראשונהותוספת':101 'הרפואה':28C 'השכר':55C 'ובנק':12B 'והוא':31C 'וחיי':66 'וכן':134 'ולהגביר':47C 'ומקבלים':184 'וקופות':188 'ז':202 'זאת':108 'זה':156 'חוטר':2B 'חולים':187,189 'חוק':7B,73,155 'חיוני':29C 'יוחל':158 'ימשיכו':161 'יסוד':8B 'יעבדו':75 'יקבלו':97 'יש':52C 'ישראל':13B 'כבר':99 'כוח':36C 'כולל':172 'כל':105 'כלליות':5B 'כסף':208 'לא':74,157 'להגדלת':49C 'להסדיר':53C 'לו':40C 'לחוקה':6B 'לטובת':45C 'לטפל':191 'ליום':194 'למעט':148 'למשמרת':87 'לעבוד':93 'לפי':72 'לקבל':162 'לקוחות':43C,204 'לקוחותיהם':200 'לשעה':113,117,121,125,129,133,138 'מ':78 'מבתי':186 'מדובר':139 'מהנצלנים':32C 'מהשעה':100 'מחוייבים':190 'מטבע':11B 'מטופלים':46C 'מטפלים':63 'מנוחה':85 'מקבלים':206 'משכורת':185 'משכורתם':163 'משק':9B 'נוסף':209 'נוספות':95 'נוספת':107 'נכונות':48C 'סטז':22A,143 'סעיף':168 'עד':86 'עובדי':16A,56 'עובדים':51C,175 'על':104,210 'עליהם':159 'עם':81 'פרטיות':178 'פרטיים':44C,153,183 'צוות':50C 'קביעות':41C 'ר':23A,144 'רופא':26A,147 'רופאים':149,180 'רפואה':17A,57,61 'שאין':39C 'שאינם':62,199 'שכירים':18A 'שכר':15A 'של':20A,35C,102,141 'שלא':205 'שעה':106,110,114,118,122,126,130 'שעות':80,84,94,193,196 'תואר':25A,146 'תוספת':136 'תחום':27C 'תלויים':69 'תקנים':19A",,,,105,2024-07-26 05:52:05.129051,f
83,82,,0,,1,0,,0,100,2024-07-26 06:08:21.601491,,"","'-21':95,571 '00':252,257,414 '1':529 '11':256 '2':532 '20':251,413 '21':511 '3':523,535,585 '30':375,512 '61':592 '9':374 'א':476,490 'אבל':150 'או':160,498 'אובדנם':197 'אומר':108 'אושיות':599 'אותה':72 'אותו':125 'אזרחי':274,282,332,341 'אחרת':43C 'אייר':128,181,242,446 'איננה':44C 'אך':258 'אלא':117,265,435 'אלו':555 'אליו':297,541,582 'אסתיה':1B 'אפשרות':303 'אפשרי':205 'ארוך':480 'ארץ':42C 'ארצות':74 'אשר':57,545 'את':28C,38C,47C,53C,59,64,84,185,196,199,506,604 'ב':126,250,255,584 'בבתי':263 'בדרך':206 'בהצהרת':527 'בו':46C,269 'בזמן':384,520 'ביו':115 'ביום':80,121,129,171,244,314,367,475,489,566 'בישראל':92 'בכל':340 'בכנסת':587 'בלי':425,431,433 'במאה':93 'במהלך':568 'במועדם':364 'במוצאי':350,396,407,452,456,499,513 'בנושא':336 'בסמלי':598 'בעבר':147 'בעל':139 'בערב':253,403,496 'בערבי':428 'בעשרות':549 'בפתיחת':467 'בצורה':156 'בצפירה':286 'בשאר':73 'בשבת':159 'בשעה':373,412,510 'ג':241 'גזע':3B 'גם':243 'ד':127,180,361 'דגל':218,530 'דום':285 'דיגיטלי':329 'דם':135 'דרך':213,222,562 'דת':345 'ה':94,368,445,454,458,570 'האוויר':483 'האזרחים':68,136 'האזרחית':589 'האחד':40C 'האלה':607 'הארץ':62 'הבדל':344 'הבוקר':370 'הבטחון':13B 'הבילויים':470 'הדגל':391,418,461,502 'הדלקת':462 'הדעת':322 'ההצמדה':210 'הוא':209,576 'הואחר':173 'הוכרו':547 'הוספת':306 'הוקדם':167,170 'הזיכרון':18A,130,152,169,175,237,245,315,401,537,567,609 'החללים':227 'הטקס':405 'הטקסים':362 'הטרור':202,233,247,289,290,544 'היא':228 'היה':138,148 'היו':112 'היום':39C 'הימים':605 'הכלולה':466 'הכנסת':146 'הלאה':486 'הלפיד':463 'המאה':569 'המגזרים':277 'המדינה':9B,16B 'המכבדים':184 'הממשלות':144 'המשמעותיים':606 'הנופלים':137,379 'הנורא':597 'הנערך':427 'הסיבה':203 'העברי':293 'העברתו':583 'העולם':75 'העוצמה':65 'העוקב':477 'העלאת':390,417,460,501 'העסקים':312 'העצמאות':24A,30C,49C,78,116,122,154,163,212,216,430,444,450,469,473,494,509,528,534,565,611 'הערבי':291 'הערבים':355 'הערך':560 'הפוגע':339 'הפחתת':559 'הפיכת':99 'הפתרון':572 'הצבא':440 'הצעות':4B 'הקברות':264,271,382 'הקיימת':313 'הקשור':581 'הקשר':54C 'הראשונות':551 'הריבון':187 'הריבוניות':101 'השבוע':86 'השמחה':465 'השנים':550 'התווספו':542 'התורן':221,393,420,504 'התפתחה':96 'התקיימו':155 'ואת':189 'וביום':410 'ובכל':353 'והאחדות':66 'והטרור':22A,179,292 'והעלאת':217 'והצפירה':371 'והרמוני':578 'והשורשים':55C 'וחברי':145 'וטיולים':105,114 'ויום':23A,153,168,610 'וכוחות':12B 'וכל':464 'וכלל':281 'וכן':485 'וכשנפלו':158 'ולא':123,172,300 'ולדעת':272 'ולחזור':383 'ולכאוב':198 'ולמחרת':254 'ומגדר':347 'ומכך':50C 'ומצעד':421 'ומשפחותיהם':193 'ועד':358 'ועל':34C 'זה':36C,106 'זו':304 'זיכרון':231,308 'זיקוקים':432 'חגיגות':468,564 'חוו':278 'חוטר':2B 'חופש':81 'חוק':7B 'חיילות':422,439 'חיל':482 'חל':79,349,366,402,451,495 'חללי':190,543 'חמישי':411 'טיולים':484 'טקס':214,369,416,459,507 'טקסים':261 'טרור':280,302 'ידי':35C 'יהיו':260 'יום':17A,29C,32C,48C,77,89,119,151,162,165,174,215,230,234,236,266,307,351,360,400,408,429,443,449,453,457,472,493,508,533,536,608 'יותר':25C,225 'יסוד':8B,15B 'יעוותו':603 'יערך':406,415 'יערכו':488 'יש':521 'ישראל':21A,133,178,192,219,240,275,283,318,333,342,531,540,600 'יתחילו':372 'יתקיים':455 'יתקיימו':363,474 'כאוב':338 'כאות':441 'כאל':298 'כאשר':76,348,365,398,447,491 'כבוד':442 'כדי':87,376,386 'כה':337 'כולם':487 'כחוק':324 'כי':330 'ככאלה':548 'כל':142,580 'כלל':331 'כלליות':5B 'כמסתמן':556 'כמשאל':327 'כן':110 'כפי':574 'כשההתאגדות':588 'ל':11B,424 'לא':107,111,141,166,259,319,546,601 'לאומיים':525 'לאפשר':377,515 'לארצנו':56C 'לבירה':519 'לבלבול':204 'לבתי':270,381 'לבתיהם':385 'להגיע':268,380,518 'להחליט':335 'להעברתה':323 'להקדיש':229 'להשתחרר':207 'להתכונן':387 'לזכר':287 'לחגיגות':91 'לחוקה':6B 'לחללי':19A,131,176,232,238,246,316,538 'לטובת':31C 'לטקס':517 'ליום':103,211 'לכאוב':195 'לכך':573,595 'ללא':309,343 'למוזמנים':516 'למוצאי':359 'למשפחות':226,267,378 'לנו':522 'לערב':388 'לפני':235,325 'לקבל':591 'לראש':220,392,419,503 'לתת':88 'מאריכים':83 'מבטלים':63 'מגבלה':310 'מהעיוות':208 'מוות':200 'מוזיאוני':481 'מוזילים':37C,52C,58 'מועדים':183 'מופע':426,436 'מזיזים':27C 'מיוחד':90 'מין':346 'מכובדת':157 'מכל':276 'ממוצאי':356 'מנגלים':33C 'מנדטים':593 'מסמלים':71 'מערכות':20A,132,177,191,239,317,539 'מעשור':26C 'מתיחסים':296 'נובע':51C 'נוספת':223 'נפגעי':279 'סוף':85,478 'סמלי':61,186 'סמלים':100,524,554 'עבר':164 'עברו':557 'עדיין':295 'עוד':602 'עולה':320 'עומדים':284 'עוצמה':69 'על':311,321 'עם':328,579 'עצמאות':120 'עצמאותנו':553 'עקרונות':14B 'ערב':399,448,492 'ערך':60,140 'ערכי':149 'פוגעת':45C 'פיקניק':104 'פיקניקים':113 'פעולת':301 'פעם':134 'פשוט':577 'צה':10B,423 'צעידה':437 'צפירות':249 'צרכים':334 'קביעת':182 'קורבנות':201,288 'קיום':563 'קיים':82 'קיימו':124 'קריאות':586 'רביעי':352,409 'רצח':299 'רק':395 'רשמיים':262 'שאף':41C 'שאר':354 'שבוע':479 'שבינתיים':294 'שבת':357,389,397,404,497,500,514 'שהזלזול':596 'שהיה':118 'שהסמלים':70 'שיטה':97 'שירה':434 'שישי':161 'שכלל':273 'של':67,98,305,438,471,552 'שלהם':561 'שלנו':102,188 'שלפני':109 'שנשארו':194 'שעשו':143 'שקראת':575 'שראשיתם':526 'שתצא':326 'שתתאים':224 'תאפשר':594 'תהיינה':248 'תהליך':558 'תצליח':590 'תתבצע':394 'תתחיל':505",,,,106,2024-07-26 06:08:48.277019,f
84,82,,0,,2,0,,0,200,2024-07-26 06:22:57.024472,,"","'-2022':188,278 '2017':187 '2020':277 'א':158 'או':66,102,106,242,244 'אונס':236 'אותם':50C 'אזרחי':85,326 'אחרות':239 'אין':240 'אלימות':234 'אנשי':225,294 'אנשים':247 'אסתיה':1B 'ארגונים':108 'ארצות':76 'אשר':251 'את':260,265,293,323 'ב':175 'באזרחי':333 'באזרחים':203 'בארץ':121 'בבגידה':174 'בביטחון':171 'בהם':36C,216 'בו':128 'בחירה':89 'בידור':224 'ביטחון':28C 'ביטחוניים':41C 'ביכולת':318 'בכל':155,248 'במקום':124 'בסיבת':47C 'בעלות':110 'בעלי':87,138,227 'בעקבות':168 'בעקיפין':103 'בפני':280 'ברבים':314 'בשנים':186 'בתקופת':153 'ג':189 'גופים':107 'גזע':3B 'גם':255 'גנוז':270 'גניזה':38C,55,243 'גניזתם':48C 'ד':196 'ה':205 'האזרחים':195 'הבטחון':10B 'הביטחון':44C,70,162,167,183,275,286,296,321 'הגיע':145 'הגיעו':257 'הגנה':245,324 'הגניזה':24C,133,307 'הוכחות':253 'הוכיחו':264 'הועמדו':92 'הזמן':146 'החומרים':179 'היום':337 'היכולת':139 'הישראלים':71 'הכלל':130 'המדינה':16B,19B 'המקורות':298 'המשתוללת':120 'המשתמשים':331 'הנקראת':289 'הסכמים':65 'העמדות':249 'הפרט':136,150 'הפרטים':137 'הציבור':281 'הצעות':4B 'הקורונה':154 'הקשור':156,200,287 'הקשורים':73,193 'הרחב':302 'השייך':117 'השפיטה':13B 'ו':267 'ואינם':99 'ואנשי':222 'ואשר':90,184 'ואת':297 'ובעולם':122 'והמגזרים':250 'והסכמים':72 'והקשורים':42C 'וחיילים':204 'וחשד':173 'ויעמדו':82 'וכוחות':9B 'ולא':209 'ולכן':30C,262 'ולשחרר':49C 'ומימון':113 'וסמנכ':231 'ועדויות':22A 'ועמותות':109 'ופעולות':237 'וראש':143 'ז':282 'זאת':54C 'זכויות':149 'זכות':88 'זרועות':69,161,166,182,274,285,295,320 'זרות':77 'חברות':228 'חברי':141,217,219 'חוטר':2B 'חומרים':192 'חוק':11B,17B 'חושפת':292 'חלק':63 'חסינות':241 'חפותם':266 'חשד':169 'חשוב':304 'חשיפת':211 'טרור':114 'יגנז':198,207 'יגנזו':191 'יהיה':126 'יסוד':12B,15B,18B 'יפתח':279 'יש':45C,252 'ישוחרר':163 'ישוחררו':79,176 'ישירות':101 'ישראל':29C,34C,86,172,327,334 'כאשר':115,256 'כולל':233 'כולם':78 'כי':306 'כל':37C,178,268 'כלליות':5B 'כמסתמן':332 'כנסת':218 'כרוך':35C 'כשאזרחים':52C 'ל':8B 'לא':91,94,190,197,206,263,328 'לאלתר':81 'לארצות':104 'לביטחו':74 'לבריאות':194 'לגנוז':140 'לגניזה':157 'לגרום':316 'לדין':93 'להבטיח':322 'להגן':26C,147,309,329 'להסדרים':258 'להשתמש':127 'להתנהלות':288 'לזכור':305 'לזרועות':43C 'לחוקה':6B 'לחשוד':46C 'לטובת':129,335 'לטרור':112 'לידיעת':165 'לים':230,232 'לכאורה':119 'למגיפה':118 'לנושאים':32C 'לנזק':317 'לניסויים':201 'לעיון':83 'לפשיעה':254 'לצורכי':135 'לקהל':301 'לרשות':84 'מבקשים':53C 'מגניזה':23A,51C,57,80 'מהשנים':276 'מחוזים':64 'מידית':177 'מידע':58,116,159,199,208,212,269,272,283,311 'ממשלה':61,142,144,220 'מנכ':229 'מסווג':312 'מסמכים':21A,40C 'מקושרים':100 'משפטם':261 'משרדי':60 'נגדם':96 'נגנז':123 'נגנזו':185 'נועדה':25C,31C,308 'נפתח':95 'נראה':131 'סדר':336 'עוות':134 'עויינות':105 'על':27C,148,213,246,310,330 'עלולה':315 'עם':68,75 'עקרונות':14B 'פגיעה':170 'פדופיליה':235 'פלילי':98 'פליליות':238 'פשעים':214 'צה':7B 'קורונה':290 'קשות':152 'קשר':111 'רק':164 'שאינם':180 'שאיננה':39C,291 'שאיננו':62,271 'שביטחון':33C 'שופטים':221 'שחרור':20A,56 'שחשיפתו':313 'של':59,160,181,273,284,319,325 'שלהם':299,338 'שם':226 'שמנעו':259 'שנושא':132 'שניתן':125 'שנעשים':202 'שעוותו':151 'שפשעו':215 'תיק':97 'תמיד':303 'תמנע':210 'תפתח':300 'תקשורת':67,223",,,,107,2024-07-26 06:23:21.82864,f
85,82,,0,,3,0,,0,300,2024-07-26 06:36:17.21761,,"","'15':235 '2020':83 'א':173 'אבות':169 'אדמת':168 'או':201 'אודות':30C 'אוניה':199 'אותה':51C 'אז':253 'אזרחי':245 'איכות':222 'אילת':18A,20C,59,88,95,123,160,179,210 'אלא':137 'אנשים':62 'אסתיה':1B 'אשר':35C 'את':120,224,258 'ב':180 'באפס':111 'בגלל':133,139 'בה':36C 'בהתחלה':67 'בו':270 'בחי':207 'בין':106,170 'במפרץ':17A,94,209 'בנימין':188 'בעיקר':29C 'בעל':127 'בצורה':117 'ג':198 'גבול':107 'גדולה':146 'גזע':3B 'גזרה':54C,69 'גם':138 'דבר':156 'דרך':194 'האזרחים':256 'האם':262 'האמירויות':193 'הבעלים':215 'הגנה':13A,55,85 'הדלק':183 'הדרך':75 'ההצלחה':144 'ההתיישבות':166 'הזה':266 'החברה':217 'החיוביים':251 'החינוכי':141 'החרמון':171 'הטבע':10B,16A,32C,39C,93,115,232 'הטיהור':227 'היא':21C,84,96 'היחיד':99 'היחידה':76 'הימי':34C 'הינדסו':187 'הכי':145 'הם':263 'המגיעה':135 'המגיעים':28C 'המוניציפאלית':12B 'המפרץ':230 'המקיימת':116 'המתבססת':24C 'הנבחרים':259 'הנכס':98 'הנמצאים':212 'הסביבה':223 'הסכם':181 'העיר':19C,101,122,159 'הערך':140 'הפיכתה':72 'הפרטי':154 'הפרנסה':249 'הצעות':4B 'הרחוקה':102 'הרשות':11B 'השוכנת':105 'התיירות':134 'ואחרים':205 'ובאלמוגים':208 'וגם':70 'והחי':33C 'והחיים':250 'והשיקום':228 'ויוסי':190 'וכוונות':49C 'וכמו':161 'ולא':64 'ולהישרדות':247 'וליצור':155 'ועקיפה':119 'ושמורת':231 'ותחזוקתו':234 'זאת':48C 'זה':163 'חוטר':2B 'חומרים':203 'חוק':7B,152 'חינוכי':126 'טייקונים':195 'יבוטל':197 'יודעים':90 'יוטל':218 'יותר':252 'ייאסרו':211 'יסוד':8B 'יסודות':248 'יעד':164 'יפהפה':157 'ירדן':110 'יש':46C 'ישירה':118 'ישראל':148,246 'כאשר':237 'כהן':191 'כהערכת':220 'כהתישבות':60 'כולה':130 'כולנו':89 'כי':91,268 'כך':104 'כל':103 'כלכלית':25C 'כלליות':5B 'כמו':65,158 'כן':162 'כניסת':175 'כפי':80 'לא':71,131 'לאילת':136,172 'לאשדוד':185 'לב':241 'לגבול':109 'להגן':77 'להוביל':257 'להזיק':37C 'להערכה':260 'להפוך':41C,50C,149 'להתפתחות':165 'לחוקה':6B 'לישראל':129 'למנוע':47C 'למעשה':97 'למפרץ':178 'למקצוע':265 'לעיירת':44C 'לעיר':53C,73 'לצרכים':243 'לשומרי':151 'לשמורת':31C,38C 'מאילת':184 'מגיע':254 'מהאזרחים':242 'מהווה':124,143 'מחודשת':261 'מיכליות':176 'ממרוקו':196 'ממשלות':238 'מסעודיהלת':113 'מעצר':74 'מפותחת':43C 'מפרץ':87 'מצרים':108 'מרחק':112 'מרצונם':153 'משאבי':9B 'משמעו':40C 'משרד':221 'מתאימים':264 'נכס':125 'נכשלו':269 'נפט':177 'נתניהו':189 'עד':82 'עיר':22C,42C,68 'על':14A,26C,56,78,86,167,214 'עלויות':225 'עליה':213 'עם':192 'ערך':128 'פושעים':150 'פחות':240 'צינור':182 'צללים':45C 'קיומה':57,79 'קנס':219 'קשות':271 'רגילים':63 'רעילים':204 'רק':132 'שבו':233 'שהיא':142 'שהיה':81 'שהיתה':66 'שוב':52C 'שיפגעו':206 'שכמסתמן':186 'של':58,61,100,147,216,229,244 'שמורת':15A,92,114 'שמות':239 'שמסתמן':267 'שנים':236 'שתזרים':200 'תדלוף':202 'תהליכי':226 'תור':255 'תושבי':121 'תיירות':23C 'תיירים':27C 'תימנע':174",,,,108,2024-07-26 06:36:45.285032,f
86,82,,0,,0,0,,0,1,2024-07-26 07:41:10.587448,,"","'-2024':405 '1':349 '20':91 '2015':50C '2020':68,404 'א':294,348 'או':214,285,303,313,321,368,383,396,401,418,474,479,508,533 'אולי':230 'אונס':469 'אזרחי':142,190,352 'אזרחים':26A,31C,57,248 'אזרחיםהפועלים':44C 'אזרחית':310,325,391 'אחר':306,387 'איבדה':251 'אינטימים':172 'אינם':187,511,519 'איננו':150 'אישור':484 'אלא':258 'אלים':151,386 'אלימות':19A,27C,36C,51,63,367 'אם':432 'אמון':256 'אמורים':139 'אמריקה':282 'אנשי':266 'אסתיה':1B 'את':255,259,275,334,494 'באיברים':171 'באלימות':146 'באנשים':467 'בארצות':277,280 'בבית':409 'בבלפור':109 'בגוף':532 'בגורמים':419 'בגין':361 'בגינם':407 'בדהמרקר':85 'בהם':528 'בהמונים':196 'בהפגנות':160,209 'בהקלטות':320,399 'בהתאם':517 'בהתייחס':447 'בוגרים':475 'בידי':180 'ביטחון':24A,42C 'בין':167 'בכולם':516 'בלבד':165 'בלי':412 'בלתי':227 'במגזר':53 'במכוניות':200 'במצבים':527 'במרחק':203 'במשטרה':264,417 'בני':509 'בנפש':534 'בסגני':129 'בסרטונים':110 'בעד':314 'בעדות':427 'בעלי':28C,420 'בעליל':229 'בצעו':476 'ברשת':472 'בשידור':112 'בשלושת':346 'בשנת':67 'גזע':3B 'גם':431 'גנץ':213 'דמוקרטים':61 'דמוקרטית':311,392 'דרום':281 'האדם':535 'האחרים':423 'האישי':446 'האלימה':279 'האלימות':395 'האם':505 'האמון':260 'האנשים':262 'הבאת':219 'הבית':211 'הבכירה':73 'הגבול':302,382 'הדיקטטורה':278 'הדמוקרטיה':47C 'ההווה':499 'ההפגנה':208 'ההרשעה':436 'ההתנהגות':235 'ההתנהלות':269 'הוא':506 'הודיע':71 'הוכחות':364 'הועברו':87 'הועלו':97 'הוראות':290 'הורים':154 'הזאת':236,270 'הזהב':158 'הזכויות':8B 'היא':507 'הידרדר':134 'היה':226 'היו':116 'הם':265 'המדינה':6B,11B 'המוסרטות':485 'המוסרית':514 'המורשע':435 'המזכיר':274 'המצב':133 'המשטרה':70,181,250,276 'המשכורת':292 'הנדרש':336 'הניצב':120,130 'העבודה':342 'העבר':495 'העצורים':220 'הפועלים':58,288 'הפכה':241 'הפנימיות':415 'הפרטי':338 'הציבור':257,440 'הציבורי':54 'הצלמים':461 'הצעות':12B 'הקנס':335 'הקצינים':96 'הרחוק':284 'הרצים':471 'הרשויות':347 'הרשות':452 'השוטרים':168,238 'השופט':497,502 'השופטים':234 'השופטת':453 'השלום':330,411 'התנהלות':297,377 'ו':400 'ואונס':538 'ואשר':318,393 'ואת':498 'ובלי':62 'ובמזרח':283 'וגברים':374 'וגיל':157 'ודומיהם':539 'והביטחוני':55 'והיס':239 'והם':186 'והמוסרטים':486 'והנאשמים':331 'והצילומים':179 'והשפעה':422 'והתעללות':466 'וחווים':193 'וחיות':468 'וכן':94 'וכריזה':164 'ולא':77,244,343,358 'ולטפל':515 'ולכן':114 'ולמרות':176 'ומעשים':20A,37C 'ומפגינה':124 'ומפיצי':463 'ומפיצים':482 'ונבחריו':317 'ונראה':135 'וסדר':268 'וענישה':17A,34C 'ופדופיליות':470 'ותביעה':324 'ותשלום':441 'זמן':80 'חוו':192 'חוטר':2B 'חוק':9B,15A,32C,267 'חוקי':46C,228 'חוקים':60 'חיי':501 'חלק':197 'חסרי':204 'חקירה':184,355 'חרב':287 'חשד':369 'יאסר':434 'ידי':107 'ידעו':224 'יוכלו':344 'יועברו':326 'יחוייבו':332 'ילדים':153 'יס':299,379 'יסוד':5B,10B 'יפוטרו':339 'יש':166,454,492,529 'ישיר':113 'ישראל':143,191 'כאלה':169 'כאשר':487 'כדי':231,503 'כוח':305,385 'כולל':460 'כי':86,136,223,261 'כיצד':118 'כך':523 'כל':205,304,384,424 'כלליות':13B 'כמו':536 'כמסתמן':216,222,242,252 'כמעט':121 'כנראה':272 'כפדופילים':175 'כשבועיים':99 'לא':115,182,253,433 'לאחר':82,100,131 'לאלתר':340 'לבג':78 'לבדיקות':414 'לבית':328 'לדעת':504 'להגן':140 'להימנע':232 'להישמע':75 'להישפט':458 'להפגנה':309,390 'להפריע':308,389 'לו':76 'לחומרה':430,459 'לחוקה':14B 'לחוקים':448 'לחוקק':450 'לחקור':493 'לטובת':451 'ללא':483 'למקום':207 'למרות':363 'למשטרה':88 'למשפט':221,351 'לנהוג':145 'לעבוד':345 'לפי':45C,59,289 'לפיטורי':438 'לפני':218 'לפעולות':370 'לקצונה':72 'לרדאר':90 'לשלם':333 'ם':240,300,380 'מבוגרים':156 'מגובה':319 'מגובות':398 'מגילת':7B 'מהווה':271 'מהמשטרה':189 'מהנורמה':513 'מהעצורים':198 'מהשנים':403 'מוגנים':520 'מול':30C,56,210 'מחוץ':206 'מי':137,148 'מיד':327 'מיליארד':92 'מין':465 'מכיסו':445 'מכיסם':337 'מכל':65 'מכן':83,101,132 'ממקום':341 'ממשית':531 'מנזיפות':233 'מסויימות':249 'מעדיפים':144 'מעצרי':194 'מעשי':477 'מעשיהם':362 'מפגין':123 'מפגינים':108 'מפוטרים':188 'מצולמות':365 'מצולמים':178 'מצולמת':428 'משווקי':462 'משטרה':201 'משטרתית':356 'משלם':291 'משמעותיתץ':98 'משמר':301,381 'משפחה':510 'משפט':329,360,410 'משרת':439 'מתביעה':521 'מתחת':89 'נגד':18A,25A,35C,43C,147,246,312,372 'נגדם':185 'נגעו':126 'נוגעים':170 'נותן':489 'נזרקו':202 'ניצב':104 'נפתח':359 'נפתחת':183 'נציגי':315 'נשים':174,373 'סגנח':103 'סגני':119 'סוג':66 'סוטים':512 'סמלי':491,526 'סממן':273 'סרטוני':464 'סרטונים':322,402 'עד':49C 'עוד':455 'עונש':490,525 'על':106,141,296,376,522 'עליו':444 'עם':161 'עניין':421 'עניינים':456 'עניינם':323 'עקרונות':4B 'ערוכים':117 'פגיעה':530 'פגעו':127 'פדופיליה':537 'פדופיליות':371,397 'פורנוגרפית':481 'פורסם':84 'פיזית':64,128 'פליליים':21A,38C 'פנימית':357 'פעולותיהם':394 'צ':79 'ציבור':316 'צלמו':480 'צעירים':155 'קבוצות':247 'קנס':442 'קצר':81 'קשר':413 'רוצחים':122 'ריקודים':163 'רק':245,254 'שבעליל':149 'שגרתית':243 'שהועברו':111 'שהושת':443 'שהיו':48C,138 'שהם':177 'שהמעצר':225 'שהסתפקו':524 'שהפגינו':159 'שוא':195 'שוחררו':215 'שוטרים':298,353,378 'שופט':488 'שופטים':518 'שזומן':307,388 'שיטתית':217 'שירה':162 'שירותי':23A,41C 'שיש':449 'שכירי':40C,286 'שכירים':52 'של':22A,39C,173,212,237,366,496,500 'שלא':125 'שלהם':293 'שמגובה':426 'שמשכורות':95 'שנחקרו':354 'שני':102 'שנלקחו':199 'שנמצאים':263 'שנערכו':416 'שעליהם':74 'שפיטה':16A,33C 'שצרכים':457 'שקטינים':473 'שקלים':93 'שר':69 'תביעה':350,406,425 'תוביל':437 'תועבה':478 'תועדו':105 'תינוקות':152 'תיפסק':429 'תלונות':295,375 'תפקיד':29C 'תפתח':408",,,,109,2024-07-26 07:41:56.612537,f
87,82,,0,,0,0,,0,1,2024-07-26 07:56:03.177848,,"","'-14':277 '-7':222 '..':309,385 '00':276,278,299 '09':275 '1':238 '1.1.2000':116 '100':60C '16':298 '2000':197 '24/7':50C '5':221,330,407 '9':328 'א':184 'אבל':71 'אד':233 'אד-הוק':232 'או':247,428 'אולי':68 'אומרת':40C 'אותן':345 'אותנו':398 'אז':341 'אזרחי':45C,159,165 'אחד':130 'אחורה':125 'אחראים':296 'אחריות':326 'אחת':219 'אין':400 'אינן':333 'איננה':317 'איננו':55C 'אלא':177,203,292,322 'אליה':260,357 'אליו':147 'אם':399,420 'אסתיה':1B 'אשר':157,230,395 'את':48C,107,216,442,452 'ב':198 'באותה':213 'בבניין':423 'בגדר':118 'בדיוני':355,360 'בדיוק':212 'בדיקה':124 'בהם':449 'בוועדות':280,412 'ביטוח':154,169,175 'בינואר':196 'ביעילות':66C 'בית':227 'בכנסת':91,273,289,348 'בכספי':174 'בכפוף':167 'בלבד':179 'במלואן':149 'במליאה':304 'בממשלה':27A,134 'במשרד':294 'בנוסף':138 'בסעיף':349 'בענייני':290 'בשבוע':332,409 'בתפקיד':433 'ג':215,237 'גזילת':119 'גזע':3B 'גלובליות':38C 'גלובלית':315 'ד':253 'דנים':252 'ה':270 'האחרות':99 'הגיעו':257,263,426 'הוועדה':259,356 'הוק':234 'הזוי':70 'החדש':171 'החזרים':29A 'החלק':265,443 'היא':314 'היום':272,347 'היחסי':266,444 'הימים':448 'הכנסת':12B,187,246,302,313,391,424 'הכסף':142 'הם':82,85,251,336,342,392,421,430,435 'המאה':113 'המדינה':6B,15B 'המונע':172 'המוסד':156 'המחירים':192,206 'המיסים':122 'המליאה':361 'הממשלה':18B,248 'המשכורות':98 'המשכרת':32C 'המשמעות':316 'המשפט':228 'הן':37C 'הסוציאליות':110,145 'העבודה':447 'העודף':143 'העלאות':201 'העליון':229 'הערה':310 'העשרים':114 'הפסקת':363 'הצמדה':151 'הצעות':19B,306 'הקשורות':146 'הראשון':93 'הרי':414 'השכירים':384,393 'השכר':218 'השפיטה':9B 'השר':79 'התדירות':214 'התוספות':109 'התיקים':127 'התמנו':261,358 'התפקיד':92 'ו':376 'ואחת':115 'ואם':335 'ובמליאה':413 'ובעלי':25A 'וגם':359 'וההטבות':144 'והלאה':300 'והממשלה':188 'והצבעות':308 'וכם':106 'ולא':262,425 'ולבצע':47C 'ולהראות':410 'ולכן':327 'ולמי':372 'ולסגן':78 'וממשלה':36C,183 'ונותן':362 'ועדות':353 'ועדת':225 'ופגישות':281 'וריבית':104,152 'זאת':39C 'זה':67,236,350 'זיקה':244 'זכאי':56C 'זכאים':86 'זלזול':432 'ח':83,140 'חברי':23A,34C,181,186,254,285,301,312,377,390 'חובת':453 'חוטר':2B 'חופש':419 'חוק':7B,10B,13B,16B,307 'חשוב':387 'יגיעו':161 'יהיה':189,274 'יהיו':241 'יוחזרו':148 'יופחת':269 'יותר':325,338 'יכולים':319 'ימי':418,446 'ימים':331,408 'יסוד':5B,8B,11B,14B,17B 'יפגשו':288 'יש':100,439 'ישיבה':279 'ישראל':46C,160,166,456 'יתייצבו':303 'יתקתקו':379 'כ':84,141,284 'כאילו':416 'כאשר':81 'כהלוואה':105 'כולל':135,150 'כי':59C,389 'ככל':382 'כל':72,97,108,129 'כלליות':20B 'כלשהי':28A 'כנסת':24A,35C,182,255,378 'כספי':120,158 'כפי':207 'כפילויות':31A 'כרטיסי':380 'ל':220 'לא':199,287,320,450 'לאומי':155,170,176 'לאזרחי':455 'לבטח':162 'לגיטימית':403 'לדיוני':258 'לדיונים':305 'להחזירן':101 'להיות':63C 'להיותם':139 'להימנע':404 'להיפגש':374 'להם':95,401 'להעלות':209 'להשקיע':344 'להשתתף':354 'לו':132 'לוועדה':240,427 'לזכור':388 'לח':283 'לחברי':245,352 'לחוק':168 'לחוקה':21B 'לידי':153 'לכן':438 'לכנסת':406 'ללא':243 'למד':205 'למדד':191 'למי':365,368 'למליאה':264,429 'למשכורת':88 'לנוח':367 'לנצרכים':163,178 'לעבוד':321 'לעבודה':65C 'לעמוד':43C 'לצאת':370 'לצורך':235 'לצרכן':193 'לקחו':417 'לקצץ':440 'לראשון':195 'לרשות':44C 'לשיחות':375 'לשר':77 'לשרת':397 'לשתי':57C 'לתחילת':112 'מאפשר':351 'מבין':164 'מדד':103 'מהיותן':117 'מהמתחםלהתאוורר':371 'מוקדש':64C 'מזמנו':61C 'מחוייבים':343 'מי':51C 'מלאו':451 'מלהגיע':405 'ממשלה':137,286,291 'ממשלתי':74 'מספיקות':334 'מספק':75 'מקבלים':436 'מראים':431 'משכורות':58C 'משכורת':76,96,311 'משכרם':441 'משלמי':121 'משרד':73 'משרות':54C 'מתוכננות':282 'מתוקף':89 'נבחרו':396 'נבחרים':239 'נוכחות':381,411 'נכון':111,194 'נמצאים':422 'נשמע':69 'נתצדה':204 'סדר':271,346 'סיבה':402 'עבודה':340 'עבודתם':49C,454 'על':126 'עליהם':324 'עליו':297 'עליות':217 'עקרונות':4B 'צהרים':364 'צמוד':190 'צמודות':102 'צריך':62C 'צרכים':42C,337 'ראשי':136 'רק':87,293 'שאושרה':94 'שאר':383 'שבעניין':249 'שהחזיק':128 'שהיה':131 'שהם':41C,295,318 'שופטי':226 'שופטים':242 'שזה':415 'שימוש':173 'שיש':323 'שכירים':211 'שכר':22A,180,185,202,210,437 'שכרם':250,268 'של':30A,33C,267,445 'שלא':256 'שלו':80 'שלנו':394 'שמאחלס':52C 'שנהוג':208 'שנים':223 'שעבורו':434 'שעות':329,339 'שרוצים':366,369,373 'שתי':53C 'תהיינה':200 'תוקם':231 'תמיד':386 'תערך':123 'תפקיד':26A 'תפקידם':90 'תקבע':224 'תתפקיד':133",,,,110,2024-07-26 08:39:52.083642,f
88,82,,0,,0,0,,0,1,2024-07-26 09:03:58.475329,,"","'1':50C '18':763 '1א':270 '2':53C,156,346,447,620 '2000':141,345,648 '2024':169 '2א':377 '2ב':418 '2ג':434 '2ד':453 '2ה':530 '2ו':544 '2ז':572 '3':442,656 '3/4':386 '80':239 'א':231 'או':203,283,292,306,315,472,495,502,518,527,538,551,578,586,749 'אוצר':321 'אורחים':490 'אזרחי':39C,208,597 'אזרחית':641 'אחד':186,260,405 'אחר':318 'אחראי':152 'אי':243,390 'איכות':36C 'אינו':102 'אינם':66,216 'אינן':422 'אירוח':198,466,489 'אישי':310 'אך':26C 'אלא':723 'אלו':126,630 'אמון':244,391 'אנחנו':23C 'אנשי':508 'אסתיה':1B 'אשר':150,277,755 'את':35C,145,323,664,696 'ב':235,446 'ב3':783 'בארץ':304,566 'באשר':90 'בבניין':520 'בבנק':338 'בגין':87 'בהזמנת':524 'בהיותם':296 'בהם':634 'בהתאם':161 'בהתנהלות':698 'בו':515 'בטלים':120 'בידי':724 'בידיהם':718 'ביום':787 'ביטחונית':191 'בירושלים':523 'בישראל':505 'בית':184,528 'בכסף':425,613 'בכספים':362 'בכעס':27C 'במועדו':352 'במחיקת':649 'במלואם':560 'במלון':514 'בממשלה':245,392,672 'במעבר':56C,230,269,413,433,438,452,541 'במקרה':384,416 'במשאל':773 'במשאל-עם':772 'במשך':790 'במשרתם':113 'בנק':303 'בנקאית':97,138,591 'בסל':167 'בעבר':364 'בעברית':779 'בעלי':720 'בעקיפין':284 'בפועל':605 'בצמוד':788 'בקריאה':441 'ברור':689 'בריאות':617 'ברשתות':777 'בשימוש':42C 'בשלמותם':147 'בשנת':168 'בשקט':25C 'בתוקף':342 'בתפקיד':297 'בתקופה':535 'בתקופת':554 'בתקציב':175 'ג':246 'גזע':3B 'גלובליות':47C 'גלובלית':77 'ד':252 'דולר':626 'דומות':474 'דיגיטלי':775 'דיגיטלית':758 'דרך':642,737 'האוצר':130,582 'האזרחים':759 'האירוח':512 'האישורים':118 'האישי':685 'האלה':119 'הבינלאומיים':533 'הבנק':565 'הגבוה':628 'הגענו':700,704 'ההוצאות':88,170,178,455,666,676 'ההלוואות':546,585 'ההסכמים':532 'ההתיישנות':651 'הוכחת':674 'הופכת':263,267,407,411 'הופקדו':295 'הוצאות':49C,51C,79,107,473,476 'הוצאותיהם':69 'החברתי':686 'החוק':457 'החיים':37C 'הטבות':80,280 'היה':693 'היו':540,754 'היחידות':171 'הכי':766 'הכלכלי':687 'הכנסת':15B,233,241,379,388,482 'הכסף':324,595 'הכספים':31C,86,146,558,594 'הכספת':217 'הלוואות':99,336,574 'הם':72,516 'המאושרות':172,458 'המבצעת':497 'המדינה':18B,322,575 'המוכרות':667 'המורכבת':726 'המחוקקת':494,510 'המחירים':333 'המיסים':206 'הממשלה':6B,65,182,195,250,255,262,276,358,396,400,406,478,480,522 'הממשלתית':699 'המסחר':743 'המעבר':555 'המקבלים':570 'המקובלת':337 'המשך':488 'המשרד':679 'המשרדי':176 'המשרות':721 'המתנות':326 'הן':91,110,177 'הסחף':697 'הסכמה':640 'הסכמות':105 'הסתדרות':748 'העבירה':349 'העסקים':742 'העצוב':702 'הערכת':328 'הפרטי':487 'הפרטיות':70,89,309 'הפרטית':218 'הצורך':662 'הציבור':221 'הצמדה':95,562,589,654 'הצעות':10B,738 'הקשורות':81,179 'הרבה':767 'הרשויות':215,509,734 'הרשות':493,496 'השולחן':59 'השכר':708 'השמות':764 'התרופות':160,164 'ואמהארית':782 'ואשר':735,760 'ובחו':567 'ובכנסת':299 'ובנק':8B 'ובעולם':305 'ובשיקופית':778 'וגם':752 'והאוצר':143 'וההטבות':547 'והוצאות':196,467 'והחקלאות':744 'והכנסת':266,410,421 'והלאה':142 'והם':769 'והמבצעת':511 'והפוליטי':688 'וועדה':659 'וחברי':225,481 'וחשבון':48C,78 'ויקבע':354 'וכל':122,557 'וכן':614 'וכנסת':55C,101,432,437 'ולא':367 'ולממלאי':670 'ולפעולת':213 'ולשעבר':606 'ומי':123 'וממשלה':602 'וממשלת':21A 'ומנכסי':569 'ומשפחותיהם':571 'ומתנות':281 'ונציגי':745 'ועדה':681,725 'ועדי':750 'ועם':163 'ועניין':373 'וערך':325 'וראש':64,275,463,714 'וראשי':603 'וריבית':96,335,563,590,655 'זכאים':67 'זר':291 'חברי':60,62,204,223,271,273,461,479,710 'חדשות':357 'חוטר':2B 'חוק':4B,13B 'חוקים':444 'חלקן':577 'חשוב':705 'טלוויזיה':785 'יבחרו':736,762 'יהיה':151 'יהיו':485,717 'יוחזרו':92,559,580,652 'יועבר':607 'יוצגו':770 'יותר':257,402 'יישום':675 'יכולות':103,423,439 'יסוד':5B,14B,17B 'יעביר':144 'יעבירו':319 'יציעו':757 'יש':657 'ישירות':82,282 'ישר':57 'ישראל':9B,40C,75,209,598 'יתקיים':513,519 'כאשר':232,236,247,253,378,381,393,398 'כביקור':504 'כהלוואה':131 'כולל':561,588 'כולן':579 'כזה':417 'כי':109 'כך':227,261 'כל':85,117,132,154,454,531,545,573,731,740 'כלליות':11B 'כמו':468 'כמשרתי':114 'כנ':483 'כנסת':61,226,229,272,460,539,601,711 'כסף':279 'כספים':125,300,370,631 'כשהם':41C 'כשיש':673 'כתקציב':365 'ל':471,484,499,568,669 'לא':636,716,753 'לאומי':149,339,609 'לאוצר':93 'לאלתר':543 'לאש':668 'לבחירה':771 'לבחירות':356 'לביטוח':148,608 'לבית':180 'לבעלי':552 'להוצאותיהם':308 'להחזיר':128 'להלוואות':139 'להם':730 'להעלות':663 'להפריש':153 'להצביע':440 'להקצות':369 'להשתמש':360,424 'להתאמת':183 'לוודא':615,706 'לחברות':549 'לחברי':459 'לחדשות':789 'לחו':470 'לחוקה':12B 'לחשבונות':302 'לטובת':43C,610,677 'לטייקונים':550 'ליצור':104,658 'לישויות':451 'לכולנו':690 'לכל':371 'לכן':71,116 'לכנסת':268,412 'ללא':638 'למגורי':192 'למדד':332 'למטרות':426 'למימון':68 'לממשלה':431 'לממשלת':264,408 'למצב':701 'לנציגי':739 'לסל':159 'לעצור':695 'לפחות':623 'לפי':327,456,627 'לפני':429,449 'לצורך':316 'לצרכי':210 'לצרכים':162 'לצרכן':334 'לקביעת':661 'לקופת':129,320,581 'לרעה':112 'לשכירים':340 'לשפר':34C 'לשתי':733 'לתחזוק':212 'לתפקיד':83 'מאזרחי':74 'מאנשי':286,289 'מבוטלות':556 'מבוטלים':542 'מבחינה':190 'מגבלת':650 'מדד':135,625 'מה':414 'מהאוכלוסיה':728 'מהאוצר':285 'מהמשרד':293 'מהשניים':629 'מועד':355 'מושפעת':683 'מחבר':258,403 'מחברות':288 'מחברי':240,249,387,395,600 'מחו':498 'מחוייבים':127 'מחצית':248,394 'מחשבונות':564 'מטבע':7B 'מי':44C 'מיוזמתם':506 'מיוחדת':660 'מיועדים':33C 'מיליארד':157,621 'מכל':121 'מכספם':486 'מלון':529 'ממסעדה':526 'ממעמדם':684 'ממשל':290 'ממשלה':20A,54C,63,100,189,202,205,224,237,259,274,347,382,404,462,464,537,604,713,715 'ממשלת':419,435 'ממשלתי':298 'מנגנון':694 'מנכסי':583 'מעבר':22A,265,409,420,436 'מעת':592 'מפוטרת':238,383 'מפטר':256,401 'מצביעים':242,389 'מקבלי':584 'מקבלים':73 'מקצועי':330 'מראש':376,501 'משאל':643 'משכורות':46C,211 'משכורת':76 'משנת':140,344,647 'משפחותיהן':587 'משפחת':193 'משפחתי':311 'משרתי':220 'משתמשות':111 'מתבטלות':475 'מתוכם':761 'מתמודדים':24C 'מתפזרת':234,380 'מתפטרים':251,397 'ן':313 'נבחרי':492 'נדל':312 'נוצרת':228 'נושא':372 'נטו':680 'ניצול':30C 'נמצאות':166,174 'נסיעות':469 'נעשה':633 'נציגים':727 'סכום':665 'סל':616 'עובדים':746,751 'על':58,98,106,197,443,465 'עליו':294 'עם':29C,94,644,653,774 'עניין':553 'עסקים':287 'עצמם':722 'עקרונות':16B 'ערבית':780 'ערוצי':784 'עתידי':612 'פלוס':136 'פנימי':28C 'פעמיים':786 'פרטי':185,314,317 'פרטיות':52C,108 'ציבור':115 'צמוד':134,331,624 'צרכי':678 'קבלו':278 'קבלת':593,639 'קולות':768 'קורה':415 'קייטרינג':525 'קריאות':448 'קשר':732 'ראוי':637 'ראש':19A,188,194,201,222,254,399,477 'ראשי':181,521 'רגילים':341 'רוסית':781 'רטרואקטיבית':343,646 'ריבית':137 'רק':361 'רשמי':199 'ש':385 'שאושרו':363,445 'שאין':729 'שאינם':747 'שאינן':173 'שאיננה':682 'שאליו':703 'שבגלל':691 'שבה':536 'שבוע':791 'שהוצאו':307 'שהיו':32C 'שהם':491 'שהפכו':430,450 'שוכנים':517 'שיוחזר':599 'שימוש':611,635 'שיפורסם':776 'שכבר':165 'שכמסתמן':632 'של':38C,187,200,219,507,596,619,709,719 'שלא':348,374,427,692 'שלהם':84 'שלושת':214 'שמאי':329 'שמותיהם':756 'שמקבלים':45C 'שמשלמים':207 'שנה':155 'שנחתמו':534 'שנכנסו':301 'שנמחקו':576 'שנתי':351,366,618 'שנתנו':548 'שעלית':707 'שקבלו':124,765 'שקל':133 'שקלים':158,622 'שרי':712 'שתוכנן':500 'תואם':503 'תוכל':368 'תוקצב':375 'תוקצבו':428 'תחול':645 'תחומי':741 'תמשיך':359 'תפוטר':353 'תפקיד':671 'תקציב':350",,,,111,2024-07-26 09:04:16.612876,f
89,82,,0,,0,1,,0,1,2024-07-26 10:33:26.33191,,"","'-21':170 '..':211,492 '1':163,199,275,339 '130':147 '2':136,213,241,358 '2000':479 '3':378 '4':157 '8':140 '90':415,432 'א':131,162,242 'אבטחה':245 'אדם':132 'או':22A,40C,138,262,281,313,412 'אוטומטי':434 'אורחים':299,350,362,371 'אותו':421 'אזרחי':17A,46C,126,451,490 'אחד':190,399,411 'אחראי':395 'אחרות':264 'אירוח':298 'אלא':250 'אלו':254 'אם':403 'אסתיה':1B 'אריזה':102 'אשר':329 'את':52C,67,387 'ב':171 'בא':49C 'באופן':433 'באירוח':463 'בארץ':231 'בבית':98,123,278,465 'בבניין':304 'בהזמנת':308 'בהם':232 'בו':185,197 'בזמן':183 'בחו':375 'בחופשות':230 'בטחונית':195 'ביטוח':485 'בירושלים':182,307 'בית':179,188,218,314 'בכלל':481 'בלי':238,417 'במהלך':214 'במטבח':337 'במינוי':407 'במעבר':441 'במשך':414 'במשרת':128 'בנוסף':206 'בני':248 'בניינים':253 'בקיומה':427 'בקייטרינג':343,366 'בקריטריונם':73 'בשני':252 'בתי':228 'בתים':457 'בתפקיד':19A 'בתקופה':95 'ג':186,198,212,240 'גזע':3B 'ד':255,274 'ה':169,297,431 'הבית':283 'הבניינים':225 'הבתים':266,269 'הגבולות':53C 'ההגדרות':32C 'ההוצאות':277,454 'הועדה':24A 'הוצאות':101,173,259,263,460 'הזכויות':34C 'הזמן':28C 'החוק':48C,164 'החיים':477 'החפצים':106 'היחידים':226 'הכלכליים':54C 'הכנסת':291 'הכסף':482 'הם':61,359 'המאה':168 'המבצעת':25A 'המגורים':90 'המדינה':9B,470 'המינוי':379 'הממשלה':12B,58,60,100,109,117,130,181,209,220,235,287,289,306,319,334,384,391,402,405,436,467,476 'המנהל':420 'המצב':422 'המקבלים':66 'המשפחה':239 'המשרה':56C 'המשרת':92 'הנבחר':222 'הנתונים':82 'העברה':103 'הפרטי':85,112,124,279,284 'הפרטיות':455 'הפרטיים':267,270,295 'הצהרה':424 'הציבור':346 'הצמדה':472 'הצעות':4B 'הקצרה':96,142 'הקשורים':83 'הרלוונטיים':74 'הרשמי':210 'השהות':184 'השימוש':365 'השירות':63,215 'השתיים':144 'ו':280,316,338,357,377 'ואבטחה':205 'וביום':430 'ובנק':14B 'והבית':221 'והחובות':35C 'והכנסת':437 'וחברי':59,290 'וחזרה':110 'ויקבע':442 'וכנסת':440 'ולא':118 'ולהבהיר':51C 'ומאובטח':223 'ומהכספים':294 'ומוזמנים':364 'ומחוייבים':71 'ומקום':89 'ומתחמי':268 'ומתקציבו':385 'וסידור':105 'ועד':480 'ועוזר':326 'ועל':459 'וריבית':473 'ז':389 'זה':202 'זמן':332 'זרות':356 'חברי':288 'חדש':444 'חוטר':2B 'חוק':10B,76 'חריגות':461 'חשבון':345 'טבח':327 'יאושרו':172,257 'יבשלו':360 'יהווה':423 'יהיה':97,380 'יהיו':87,224 'יוודאו':330 'יוחזרו':468 'יום':416 'יועבר':483 'יוציא':320 'יותאם':194 'יותר':397,413 'יחול':165 'יכול':133,393 'ימומנו':113 'ימים':148 'יסוד':8B,11B 'יעברו':435 'יערך':119 'יצירת':77 'יקבל':386 'ישראל':15B,18A,47C,65,70,127,452,491 'ישתמשו':342 'ית':323,328 'יתבצע':303 'כאשר':348 'כדי':447 'כולל':471 'כי':331 'כל':120,258,276,453 'כלליות':5B 'כראש':93,216 'כשיתקבל':75 'כשל':426 'כשליחי':353 'כשמגיעים':368 'ל':302,370,376 'לא':86,243,256,310,324,335,392 'לאומי':486 'לאוצר':469 'לאזרחי':64 'לאירוח':351 'לבחירות':445 'לבית':84,107,111,201,207 'לגור':236 'להיבחר':134 'להיות':394,438 'להסדיר':50C 'להשתמש':487 'לחוקה':6B 'לחזקת':484 'לחיות':196 'לטבח':322 'לטובת':45C,488 'לכל':160 'לכנסת':446 'למקסימום':135 'לעמוד':72 'לעשות':448 'לצרכים':42C 'מאזרחי':69 'מארצות':355 'מבין':143 'מגיעים':349 'מועד':443 'מחו':301,369 'מחזיק':406 'מטבע':13B 'מיגון':121 'מיוחד':122 'מישראל':363 'מכרז':321 'מלון':229,315 'ממומנים':292 'ממסעדה':312 'ממשכורתם':293 'ממשל':374 'ממשלה':21A,38C,78,94,152,176,193,217,273,341,429,439 'ממשלתם':354 'ממשרד':398 'מעוותים':41C 'מפלגתית':81 'מקסימום':139,159 'מראשי':475 'משמעה':146 'משנת':478 'משפחה':249 'משרד':115,317,382,400,409 'מתבזבז':336 'מתברר':26C 'מתחומי':373 'מתחילת':167 'מתקציב':114 'נוסף':410 'נותני':62 'נפרדת':246 'נשכחים':39C 'עבור':361 'עד':153 'על':178,247,265,282,344,396,425,456 'עם':237,450 'עסקנות':80 'עקרונות':7B 'פרטי':189 'פרטיים':43C,458 'פריקה':104 'צדק':449 'צרכי':489 'קדנציה':145,161 'קדנציות':137 'קורה':29C 'קיומה':150 'קייטרינג':309 'ראש':20A,23A,57,116,129,175,192,234,286,318,383,390,401,404 'ראשי':37C,99,108,180,208,219,272,305,333,340,466 'רטרואקטיבית':166,474 'רק':187,200,251,347,367 'רשאי':233 'רשמי':352,464 'רשמיים':300,372 'שאינם':44C,227 'שאיננה':79 'שבו':31C 'שבמשך':27C 'שהוצאו':177 'שיפוצים':260 'שירות':16A,125 'שכיר':381 'שכרו':388 'שכרם':68 'של':33C,36C,91,149,151,156,174,191,271,285,408,428 'שלא':462 'שלהם':296 'שמאפשרת':55C 'שמירה':204 'שנים':141,158 'שנקבע':418 'שף':311,325 'שר':419 'תהיה':244 'תהליך':30C 'תום':154 'תוצב':203 'תיקונים':261 'תקופה':155 'תקפים':88",,,,112,2024-07-26 10:33:59.827008,f
90,82,,0,,2,2,,0,200,2024-07-26 11:13:33.674391,,"","'-2022':630 '000':733 '1':491 '12':148,474 '12.2020':711 '18':565 '2':514 '2020':629,649 '3':538 '30':732 '5000':748 '6.3':95 'fda':105,716 'א':451,490,513,537 'אדם':26A,74,92,131,176,246,457 'אדםזה':111 'או':226,366,411,414,417,475,558,578,593,597,692,736,750,775,798 'אומר':132 'אותם':48C,179 'אותן':198 'אזרחי':422 'אחד':55C,209 'אחריות':310 'אחרת':420,801 'אין':301 'איננו':340 'איסוף':725 'איסור':128 'אישור':248,463,679,724 'אישורם':181 'אישית':215 'אישרו':380 'אך':75,742 'אכן':828 'אלא':458 'אלו':325,839 'אם':172,459,534,825 'אמור':384 'אנושית':34C 'אנשים':62,97,349,373,734 'אסתיה':1B 'אפוטרופוסים':571 'אפשר':344 'אפשריות':505 'אפשריים':849 'אצל':546 'אשם':304 'אשר':282 'את':351,357,479,496,773,776,789 'ב':552 'באות':473 'באותיות':145 'באזרחי':390,626,674,823 'באזרחים':42C 'באישורו':609 'באמת':77 'בארץ':342,434 'באשר':620 'בבדיקות':830 'בבני':25A,73,91,110,125,130,175,245,456 'בגדר':702 'בגזירת':213 'בגין':157 'בגירים':461,568 'בגלל':35C,355,444 'בדם':257 'בהסכמת':570 'בו':143,493 'בחוזה':518 'בחיות':66 'בחיילי':580 'בחיסון':834 'ביולוגי':559,579,594 'ביותר':60C 'ביחד':212 'ביטוח':783 'ביטחון':413 'בילדים':560 'בישראל':454 'בכירה':397,399,419 'בכתב':382 'בלי':46C,113,118,177,247,603,676 'במהלך':628 'במוצר':168 'במילואים':596,607 'במקרה':163 'במשפטי':333 'במשרתים':595 'בנדון':759 'בנוגע':717 'בנוסף':807 'בנושא':657 'בני':202 'בניסוי':159,498,551 'בניסויים':121 'בניסיון':363 'בנסיין':525 'בסדיר':585 'בסכומי':844 'בעבר':435 'בעל':406 'בעסקים':242 'בעץ':275 'בעקבות':166,526 'בעקיפין':699 'בעתיד':443 'בפירוט':489 'בפקודות':405 'בצבא':392,394 'בקבע':598 'בקרן':785 'ברמות':191 'ברצונם':600 'בשבוע':738 'בתהליך':232 'בתוך':206,610 'בתי':316 'ג':572 'גדולה':476 'גודל':147 'גזע':3B 'גם':218,393,507,841 'גנטי':557,577,592 'ד':587 'דין':214 'דינם':383 'דיפלומטית':225 'דמוקרטית':343 'דעת':403 'דרך':371 'ה':104,605 'האדם':126,135,203 'האזרח':58C 'האחראים':204,669 'האחרים':512 'האישור':102 'האישיים':262 'האם':76,816 'האנשים':217,238 'האפשריות':53C,488 'האפשריים':152 'הבאה':714 'הבגיר':495 'הבטחון':16B 'הבעלים':320 'הבריאות':643 'הגבוהה':408 'הגבול':584 'הגבלת':428 'הגדרת':707 'הגילאים':45C 'הגלויים':264 'הדבקה':741 'הדרגה':407 'ההגדרה':722 'ההזרקה':744 'ההצלחה':637 'ההשלכות':52C 'הוא':535 'הודיעו':99 'הוכחת':636 'הוריהם':777 'הורים':278 'הזאת':819 'הזכויות':289 'הזריקה':809 'הזריקות':708 'החוזה':492 'החוק':29C,424 'החותם':547 'החשובים':59C 'היה':106 'היו':78,347 'היועצים':662 'היתה':723 'הכולל':478 'הכותרת':818 'הכי':30C 'הכסף':761 'הכספים':779 'הלאה':237 'הלוואי':150,487 'הם':70,842 'המבצעת':194 'המדינה':9B,19B 'המהפך':632 'המוסדות':836 'המוסכם':516 'המוסכמים':122 'המזריקים':837 'המחויבות':520 'המיוחדים':791 'המיועדת':787 'המילה':358 'המילואים':616 'הממשל':192 'הממשלה':645,664,666 'המספר':745 'המעבדות':323,328 'המערכים':671 'המפרנס':536 'המקצועי':706 'המשפחתי':276 'הן':508 'הנ':185 'הנובעת':802 'הניסוי':190,271,287,330,481,502,523,544,619,639 'הנמצא':608 'הנסייני':169 'הנסיינים':124 'הנפגעים':296,770 'הנקראת':811 'הנתבעים':695 'הסוציאליות':290 'הסיכונים':510 'הסכם':183 'הסכמה':117 'העסקיים':261 'העסקים':207,240 'הערה':760 'הפוטנציאלים':511 'הפיצוי':162 'הפקודה':306 'הפרסומות':196 'הצידוק':331 'הצעות':4B 'הצרכים':790 'הקואליציות':647 'הקיים':274 'הראשון':682 'הרבה':348 'הרוע':432 'הרשויות':634 'הרשות':193 'השימוש':167 'השנתית':810 'השפיטה':22B 'השתתפות':158 'השתתפותו':497 'התשלום':515 'וארוכות':530 'ואשר':436 'ובחובה':586 'וביצועית':312 'ובלי':115,180 'ובנק':11B 'ובעלי':239 'וגם':201,229,391,519,700 'וגנטי':624 'ודיירקטורים':314 'והחבויים':265 'והלאה':650 'והמוציאים':197 'והמנהלים':321 'והמסיתים':667 'והמשפחות':771 'והמשפחתיים':263 'והנדל':764 'והסיכונים':151 'והעסקים':763 'והפגנות':730 'וודאי':601 'וזמן':727 'וחברי':646 'וחיילים':43C 'וחקירה':658 'ויועברו':267,293 'ויש':153 'וכוחות':15B 'וכולם':211 'וכל':509,668 'וכן':236 'ולא':379,569,698,833,853 'ולמנות':683 'ומבוצעת':308 'ומה':51C,485 'ומנהלים':241 'ומשמר':583 'ונוער':562 'וסעיף':160 'ועד':712 'ועזרה':297 'ופחות':398 'ופיצוי':532 'ופרנסתם':354 'וצבאיים':87 'וקצונה':396 'ושל':324 'ותופעות':503 'זאת':381 'זה':54C,67,388,439,465,685 'זזה':27C 'זכויות':57C 'זמן':429 'זר':370 'זריקות':838 'חברויות':703 'חברי':665 'חברתיים':690 'חובת':635 'חווינו':88 'חוטר':2B 'חולים':317,319 'חוק':17B,20B,127,438 'חיסון':720,812 'חירום':728 'חלה':640 'חסינות':223 'חקירה':654,758 'חתום':540 'חתופ':249 'חתמו':460,467 'טווח':531 'יבוטלו':292 'ידי':542,782 'ידיעתם':604 'ידעו':375,854 'ידרש':483 'יהיה':284,425 'יולאמו':266 'יום':369 'יופיע':517 'יוצא':38C 'יוצרי':195 'יושקעו':780 'יותר':447,477 'ייעשה':173 'יישום':437 'ייתבעו':840 'יכיל':499 'ילדים':279 'ימנע':440 'ימצא':826 'יסוד':8B,18B,21B 'יערך':554,574,589 'יציב':835 'יצרו':740 'יקרה':171 'ירד':746 'יש':221,651,754 'ישאר':545 'ישוחרר':614 'ישירות':697 'ישראל':12B,423,627,675,824 'יתבעו':252 'יתקיימו':453 'כאילו':69 'כאשר':61,305,387 'כדי':814,843,846 'כולו':472 'כולל':224,272 'כי':101,133,464,827 'כל':208,259,273,281,288,431,661 'כליו':139 'כלליות':5B 'כמסתמן':803 'כנ':250 'כנהוג':120 'כנראה':28C 'כרצון':567 'כתוב':144,680 'ל':14B,94,186,251,416,582,747 'לא':346,359,452,553,566,573,588,599,696,701,739 'לאומי':784 'לאחר':743 'לאיסוף':107 'לאתחול':633 'לבדוק':815 'לגיל':564 'להגיד':345 'להיות':385 'להם':100,222,283,446,688,806 'להסכים':136 'להפסיד':450 'להפעלת':670 'להשתתף':362,550 'לוואי':504,528,796 'לזריקות':718 'לחובה':386 'לחוד':210 'לחוקה':6B 'לחתום':140 'לטובת':409 'לטפל':524 'ליידע':47C,114,178 'ליצירה':32C 'לישיבה':713 'לכך':205 'לכן':778 'ללא':427 'לממן':847 'למשפחות':298 'למשפחתו':533 'לניסוייים':621 'לניסויים':244 'לנפגעי':270,286 'לספק':788 'לעבור':137 'לעסקים':230 'לעשות':339 'לפועל':199 'לפחות':146 'לפיצוי':295,769 'לפיתוח':622 'לפעם':735 'לפתוח':652 'לפתיחת':756 'לצורך':684 'לקבל':116,677 'לקורונה':721 'לקידום':364 'לקרות':442 'לקרן':268,294 'לרצח':256 'לשלם':119 'לתחום':705 'מ':710 'מאחר':395,729 'מאשר':494 'מבחינה':33C 'מבצע':522,543 'מבצעים':235 'מדובר':829 'מדי':448 'מדעיים':85 'מה':336,449,482,831 'מההזרקה':852 'מהחומרים':804 'מהם':678 'מהניסוי':681 'מהנסיינים':484 'מואצת':659 'מוזכרות':506 'מועברת':307 'מוצרים':84 'מוקלד':471 'מחו':63 'מחוץ':704 'מחוקי':56C 'מטבע':10B 'מי':187,219,302,360,793 'מידע':500,726 'מיידיות':529 'מיליון':96 'מכל':44C 'ממה':170 'ממנו':441 'מנהלים':313 'מנהלית':311 'מניעת':23A 'מסוג':184 'מסמך':142,469 'מעבדות':233 'מעדיפים':71,79 'מפעילה':401 'מפרנסיהם':774 'מקום':352,755 'משווקים':234 'משירות':615 'משנת':648 'משפחתיים':691 'משרד':642 'משרת':606 'משתתפים':749 'מתוקף':227 'מתחת':563 'ן':765 'נגד':64,421 'ניסוי':50C,138,174,555,575,590,612,821 'ניסויים':24A,40C,65,72,82,89,109,129,378,455,673 'ניסיון':255 'נירנברג':334 'נכדים':280 'נכונות':549 'נכות':797 'נכסיהם':260 'נעשה':112,820 'נפגעו':851 'נפגעים':848 'נפרדת':786 'נראה':68 'נתונים':108 'סדר':368 'סיום':618 'סיכון':372 'סעיף':154 'עבודתם':353 'עד':617,631 'עובד':832 'עותק':539 'על':123,134,141,155,161,182,189,216,254,329,430,462,468,501,541,548,641,752,781 'עלי':338 'עליהם':81,377 'עליו':613 'עם':83,327,694 'עסקי':365 'עסקיים':693 'עסקים':200 'עקרונות':7B 'עשיתי':335 'עתק':845 'פגיעה':165 'פגיעות':799 'פועל':37C 'פחות':751 'פיזית':800 'פיצוי':269 'פלילית':253,656 'פניו':753 'פעמיים':737 'פרנסו':300 'צה':13B,581 'קופות':318 'קורה':389 'קצונה':418 'קר':258 'קשה':31C 'קשרים':689 'ראש':644 'ראשי':663 'רודן':410 'רטרואקטיבי':426 'רלוונטי':341 'רמטכ':415 'רפואי':556,576,591 'רפואיים':86 'רצונם':466 'שאבדו':772 'שאולי':850 'שאחראי':188 'שאיבדו':350 'שאין':687 'שאיננו':303 'שאמרו':356 'שהביאו':243 'שהוא':36C 'שהוזרקו':709,805 'שהם':299 'שהשתתפו':231 'שופטים':686 'שזה':49C 'שיהיה':445 'שיולאם':762 'שיחוו':794 'שייך':285 'שימכרו':766 'שיעשו':80 'שיקול':402 'של':39C,103,164,315,322,367,521,638,660,715,731,792 'שלא':98,374,400,602 'שלהם':277,291 'שלכאורה':220 'שמוכנים':361 'שנערכו':41C,93,625 'שנעשה':433 'שנקראו':719 'שנשמע':332 'שנתי':822 'שסכמו':326 'שעושים':376 'שעשו':672 'שפעת':813 'שציוו':337 'שקבלו':470 'שר':412 'תביעה':655 'תהליך':611 'תופעות':149,486,527,795 'תופקדו':768 'תחת':309,817 'תיאור':480 'תיבדק':808 'תינוקות':561 'תיקי':653,757 'תמורתם':767 'תפקידם':228 'תרופתי':623 'תרופתיים':90 'תשלום':156 'תשתמש':404",,,,113,2024-07-26 11:13:52.353175,f
91,55,,0,,5,5,,0,500,2024-07-27 05:05:13.471303,,"","'1':62,395,468 '1988':402 '1993':447 '1998':425 '2':97,418,481 '3':130,438,493 '4':165,503 '5':197,516 '5.1':220 '5.2':231 '5.3':246 '5.4':261 '6':276,527 '7':300,539 '8':547 'act':401,424,446 'education':423 'human':444 'multiculturalism':400 'rights':445 'אדם':2B,21C,67 'או':37C,48C,54C,68,84,95,127,513,574 'אורחיהם':245,253 'אזרח':110 'אחד':563 'אחר':40C,87 'אישי':100,334 'אלה':154 'אלימות':128,356 'אנשים':492,577 'אספקטים':567 'אפשר':461 'אקטיבי':309 'את':116,139,176,252,310,338,360,404,409,449,472,485,497,507,520,531,544,552 'באופן':52C,214,308 'באחריות':232,247 'באמצעות':317,368,458 'בהתאם':298 'בזולתו':47C,94 'בזכות':375 'בחברה':315,367 'בטוחים':389 'בטחון':99 'בין':454,478,491,511,576 'ביצירת':476 'בכל':156,216 'בכללי':254 'במדינה':219,412 'במהדורות':224 'במונחים':466 'במטרה':560 'במסגרת':133 'במקום':557 'בנושא':147 'בעולם':394 'בפעילותם':288 'בשיח':526 'בתוכניות':226 'בתי':427 'בתיווך':510 'בתקשורת':199 'גיוון':303 'גם':465 'גשר':477 'דוגמאות':391 'דעות':479,525 'דעותיו':35C,82 'דעת':122 'דתו':31C,78 'ה':399,422,443 'ה-education':421 'ה-human':442 'ה-multiculturalism':398 'האוכלוסייה':457 'האזרחים':350 'האישי':106,363 'האקטואליה':227 'האתני':313 'הבאים':467 'הבטחת':98 'הביטחון':105,362 'הבנת':433 'הגיוון':311 'הגילאים':157 'הדגשת':558 'הדדי':149,354,417,437 'הדדית':538 'הדיבור':42C,89 'הדרושים':179 'ההזדמנויות':385 'ההקלטה':260 'הזכויות':7B,327,383 'הזכות':14A,56,63,545 'החדשות':225 'החובה':553 'החינוך':132,142,173 'החשיבות':532 'היכולת':486 'הכנסת':5B 'הכרת':382 'הכשרת':159,189 'הללו':565 'המגוון':410 'המודעות':195 'המינית':34C,81 'המיעוט':365,376 'המכבד':136,240 'הממשלה':13B,102,138,169,305,405,450 'המקדמים':207 'הסעיף':373 'הפדרלית':406 'הפוליטיות':36C,83 'הפוליטית':289 'הפרט':152,331,340 'הציבוריים':202,291 'הקבלה':521 'הקהילה':556 'הקשבה':537 'הקשר':325 'הרשמיות':218 'השונה':559 'השונות':435 'השידור':257,259 'השיח':135,228,239,255,275,475,488,499,509 'השפות':217 'השתתפות':534 'התוכניות':235,249 'התכנים':212 'התקציבים':177,184 'התקשורת':10B,174,201 'התרבויות':434 'התרבותי':312,411 'ובטוחה':347 'וביטוי':123 'ובנאומיהם':290 'ובעיקר':270 'ובתוך':258 'ודעות':578 'והאידיאולוגי':314 'והאירוח':229 'והבנה':453 'וההכלה':522 'והחינוך':196 'והכבוד':107 'והמנחים':250 'והמשאבים':178 'והמשפטים':175 'והסברה':460 'והקמת':191 'והקצאת':167 'וזכויות':151,328 'וטיפוח':302 'ויטופלו':297 'ויכללו':158 'וכבוד':101,353,436 'ולא':18A,26C,50C,60 'ולביטחון':333 'ולטפח':307 'ולכבוד':416 'ולקרב':490 'ולשמר':408 'ומאחד':74,211 'ומגביר':359 'ומחלוקות':502 'ומנחי':234 'ומשולבים':390 'ועל':243 'ופיזית':358 'ופיתוח':161 'ופעילות':322 'וקבלה':372 'ושוויון':384 'ותוך':536 'ותכנים':206 'זאת':316 'זה':182,295,336 'זילנד':440 'זכאי':22C,70 'זכות':45C,92,330,339,364 'זכותו':117 'חובת':131 'חופש':41C,88 'חוק':3B,8B,11B,397,420,441 'חוקתית':323 'חינוך':188,319,351,414,431,459 'חלק':378 'חשש':125 'ידווחו':296 'ידי':244,343 'ידם':242 'יופעלו':155 'יותר':348 'יחויבו':203,281 'ייועדו':185 'יכולת':498 'יכלול':44C,91 'יסוד':4B,9B,12B 'יצירת':344 'ירגישו':388 'יש':262 'ישודרו':213 'יתוייג':51C 'כבוד':148 'כולה':381 'כולל':413 'כל':20C,38C,66,85,109,119,455,562 'כלל':140 'כללי':238,274 'כללית':535 'כלפי':267 'לא':43C,90,286,541,549 'לאחד':489,572 'לאחדות':555 'לאחות':500 'לגיטימי':379 'לגשר':575 'להבטחת':104 'להגברת':194 'להוצאת':180 'להיות':377 'להשפלתו':49C,96 'להשתלב':366 'לחופש':121 'לחוק':299 'לימוד':145,163 'לכבוד':332,341 'לכלול':429 'לכלל':349 'לכנות':462 'ללא':28C,75,124 'למגילת':326 'למוצאו':30C,77 'למען':432 'לסובלנות':352,415 'לעודד':306 'לפגיעה':46C,93 'לפועל':183 'לפיתוח':186 'לפלג':561 'לפני':256 'לפעול':554 'לקבוע':263 'לקדם':407,451 'לקיים':143,221 'לקרב':573 'לרשות':171 'לשדר':204 'לשוויון':546 'לשיח':15A,23C,57,64,71 'לשמור':236,282 'לתדרך':251 'מאחד':464 'מאחה':495 'מאפיין':39C,86 'מבזה':55C 'מבטיחה':386 'מגדרו':32C,79 'מגוון':524 'מגילת':6B 'מגשר':470 'מדגיש':471,484,496,506,519,530,543,551,566 'מדרג':264 'מהחברה':380 'מהמונחים':564 'מורים':160,190 'מחוקים':392 'מחזק':337 'מחייב':403,426,448 'מחייבות':146 'מילולית':129,357 'מכבד':17A,25C,59,65,73,210,223,285,371 'מכבדת':346 'מכיל':518 'מלכד':483 'מערכות':141 'מפגיעה':126 'מפחית':355 'מפיקי':248 'מפלג':19A,27C,61,287,550 'מפלה':542 'מפרי':268 'מפרים':271 'משאבים':168 'משרדי':172 'משתף':529 'מתאימות':164 'מתווך':505 'נבחרי':279 'נורבגיה':419 'נטייתו':33C,80 'ניו':439 'סביבה':345 'סדרתיים':272 'סובלנות':150 'סעיף':181,294,335 'ספר':428 'עבירות':292 'עורכי':233 'עידוד':301 'על':237,241,283,293,304,342 'עמדות':512 'ערוצי':200 'פוליטי':278 'פעולות':265 'פערים':501 'פרט':120,329 'פרי':1B 'צדדים':514 'ציבור':69,280 'ציבורי':16A,24C,58,72,114,209 'ציבוריים':193,321 'צעדים':266 'קבוצות':456 'קידום':112,134,369 'קיימים':393 'קמפיינים':192,320 'קנדה':396 'קשר':29C,76 'שוויון':452 'שוויוני':215 'שונות':480 'שונים':515,568 'שיח':113,208,222,269,277,284,370,463,469,482,494,504,517,528,540,548,570 'שילוב':198 'של':108,118,273,474,487,523,533,569 'שלהם':230 'שלילי':53C 'שמטרתו':571 'שמיעוטים':387 'שמכבד':115 'תוך':111 'תומך':374 'תומכת':324 'תחושת':361 'תחייב':137 'תכניות':144,153,162,187,205,318,430 'תעמיד':170 'תפעל':103 'תפקיד':508 'תפקידו':473 'תקצוב':166",,,,114,2024-07-29 04:06:37.883585,f
92,55,,0,,4,7,,0,400,2024-07-28 04:59:21.314207,,"","'-1991':504 '/%d7%94%d7%a1%d7%91%d7%99%d7%91%d7%94-%d7%91%d7%94%d7%9c%d7%9b%d7%94/':621 '/%d7%9e%d7%94-%d7%96%d7%94-%d7%a7%d7%99%d7%99%d7%9e%d7%95%d7%aa/':609 '/?tag=%d7%a7%d7%99%d7%99%d7%9e%d7%95%d7%aa':594 '/blobfolder/reports/sustainability_tutoria':639 '/item/94734/%d7%9e%d7%94-%d7%96%d7%95-%d7%a7%d7%99%d7%99%d7%9e%d7%95%d7%aa':630 '/post/%d7%9e%d7%94%d7%99-%d7%a7%d7%99%d7%99%d7%9e%d7%95%d7%aa-sustainability':569 '/read/52392':587 '/wiki/%d7%a7%d7%99%d7%99%d7%9e%d7%95%d7%aa':600 '1':55,57,122,158,194,230,278,337,361,375,427,527,559,562 '2':89,119,144,172,211,257,298,349,450,570 '2050':443 '3':156,322,449,467,468,481,496,513,542,560,588 '4':190,482,595 '5':226,497,601 '6':276,514,610 '7':335,528,622 '8':359,631 '9':373 'a':641 'b/he/education_p0541.pdf':642 'benyehuda.org':586 'benyehuda.org/read/52392':585 'blend':566 'citations':561 'eureka.org.il':629 'eureka.org.il/item/94734/%d7%9e%d7%94-%d7%96%d7%95-%d7%a7%d7%99%d7%99%d7%9e%d7%95%d7%aa':628 'gov.il':636 'he.wikipedia.org':599 'he.wikipedia.org/wiki/%d7%a7%d7%99%d7%99%d7%9e%d7%95%d7%aa':598 'l':640 'magazine.isees.org.il':593 'magazine.isees.org.il/?tag=%d7%a7%d7%99%d7%99%d7%9e%d7%95%d7%aa':592 'pdf':632 'rotemkliger.co.il':608 'rotemkliger.co.il/%d7%9e%d7%94-%d7%96%d7%94-%d7%a7%d7%99%d7%99%d7%9e%d7%95%d7%aa/':607 'sustainability':565 'www.blendimpact.com':568 'www.blendimpact.com/post/%d7%9e%d7%94%d7%99-%d7%a7%d7%99%d7%99%d7%9e%d7%95%d7%aa-sustainability':567 'www.gov.il':638 'www.gov.il/blobfolder/reports/sustainability_tutoria':637 'www.toraland.org.il':620 'www.toraland.org.il/%d7%94%d7%a1%d7%91%d7%99%d7%91%d7%94-%d7%91%d7%94%d7%9c%d7%9b%d7%94/':619 'א':52 'אאוריקה':627 'אדם':2B 'או':67,77,84,140,168,251,296,305 'אופק':573 'אחראי':205 'אי':253,268,282,302 'אי-עמידה':252,267,281,301 'אל':572 'אלו':544 'אלקטרוניקה':493 'אמון':398 'אנציקלופדיה':626 'אנרגטית':539 'אף':24C 'אקולוגיה':590 'אקטואליה':617 'אשר':37C,72,101,199 'את':180,236,397,405,433,455,519,546 'ב':115,503,579 'באופן':81,103 'באיחוד':486 'באישור':385 'באמצעות':478 'באתר':148,164 'בבתי':27C 'בגרמניה':453 'בהבטחות':15A,49,255,270,284,307 'בהלכה':612 'בהפחתת':509 'בהתאם':325 'בחירות':16A,19C,34C,50,59,161 'בחקיקה':552 'ביישום':134 'ביניים':448 'ביפן':472 'ביקורות':244 'בישראל':517 'בכל':461 'בלתי':104,221 'במדינת':347 'במהלך':69,170 'במים':526,541 'במסמכים':85 'במערכת':223 'במקרה':265,279,299 'בן':583 'בנבחרי':400 'בנושא':466,634 'בנייה':530,534 'בסוף':494 'בסינגפור':532 'בעולם':508 'ברשומות':357,371 'בשוודיה':500 'בתחום':109 'בתחומים':29C 'בתקני':537 'בתקשורת':83 'ג':185,574 'גוברין':581 'גוף':90,92,151,173,192,196,213,228,231,258,286,309 'גזי':511 'ד':273 'דו':246 'דוגמאות':414,416,422,543 'דיווח':121,128 'ה':331 'האיחוד':435 'האינטרנט':149,165 'האירופי':430,436,487 'האלקטרונית':485 'האנרגיה':470 'האקלים':429 'הבחירות':71,100,136,183,210,256,271,285,308 'הבטחות':18C,99,135,182,209 'הבטחת':33C,58,160 'הגבלות':315 'הגדרות':53,56 'הדיווח':145 'הדיווחים':237 'ההפרה':327 'הוטל':501 'הוראות':332,350 'החוק':431 'החוקה':387 'החל':354 'החלטותיה':462 'החקיקה':8B 'היא':20C 'הכולל':179 'הכלכלה':111 'הכנסת':391 'הלכתית':618 'המגמה':547 'המוגשים':238 'המועמד':167 'המוצלחים':507 'המים':516,522 'הממשלה':13B,456 'המפלגה':169,297 'המקרה':329 'המשפט':110 'המשפטים':377 'המתחדשת':471 'הנו':35C 'הסביבה':611 'הסנקציות':323 'העולמית':548 'הפדרלית':457 'הפוליטיקאים':117 'הפוליטית':224,403 'הפועלים':346 'הפחתת':446 'הפיקוח':91,131,152,174,193,214,229,232,259,287,310 'הפסולת':484 'הפרת':17C 'הצהרה':61 'הציבור':242,295,321,344,399,401,410,412 'הציבורית':113 'הצעת':45 'הקיימות':452,551 'הקמפיין':88,171 'הקמת':191 'הרחב':413 'השפיטה':5B 'השקיפות':406 'התורה':614 'התחייבות':74 'התייחסות':554 'התקדמות':133 'התקדמותה':465 'התקשורת':154 'ואחרים':32C 'ואכיפה':188 'ובאמצעי':153 'ובוחריו':44C 'ובמערכת':402 'והארץ':615 'והדיווחיות':407 'והמדיניות':112 'והמפלגות':345 'וחברתיים':558 'וחייב':40C 'וחיסכון':540 'וטיפול':525 'ויהיה':106,204 'ויהיו':220 'ויוזמות':425 'ויצירתו':577 'ויקיפדיה':597 'ולדווח':463 'ולחזק':404 'ולמחזר':491 'ולנסיבות':328 'ולפרסם':245 'ומחוקות':418 'ומעודד':523 'ומשאלי':9B 'ומשפט':389 'ונחשב':505 'וסביבה':591 'ועדה':218 'ועדת':386 'ופורסמה':80 'וקובע':444 'ותפורסם':163 'זה':203,339,352,365,384,394,603 'זו':624 'חברי':212 'חדשה':535 'חובות':116 'חובת':120 'חודשים':368 'חוזה':36C 'חוזים':31C 'חוזרת':306 'חוק':3B,6B,11B,46,202,338,351,364,383,388,392,428,451,469,515 'חות':247 'חייב':126 'חייהם':495 'חייו':576 'חיסכון':524 'חלק':578 'חמורה':304 'חממה':512 'חשמל':475 'ידו':139 'ידי':65,142,217,240 'יהודה':584 'יהיה':233,260,288,311,378 'יוקם':195 'יחול':340 'יחולו':353 'ייבחרו':215 'ייצור':474 'ייקבעו':324 'יישום':98,208 'ינהל':175 'יסוד':4B,7B,12B,47,393 'יעדי':445 'יעילות':538 'יפורסם':146 'יפעל':102,200 'יצרנים':489 'ירוקה':531 'ישראל':348 'כבר':502 'כהונה':317 'כוללת':73 'כל':60,123,159,181,342 'כלכליים':480,557 'כלליות':333 'כלפי':411 'כספיים':292 'לאחד':506 'לאסוף':490 'לבדוק':235 'לביצוע':382 'לבצע':243 'לגוף':130 'להבטיח':396 'להגיש':127 'להטיל':290 'להיבטים':555 'להלן':420 'להמליץ':262,313 'להפוך':437 'להתקין':380 'לחומרת':326 'לחוקי':423 'ליבשת':438 'למדיניות':78 'למעשה':616 'לעיגון':549 'לעמוד':536 'לפעולה':75 'לפקח':206 'לצורך':95 'לציבור':147 'לקיים':41C 'לשלב':458 'מאגר':176 'מאופק':571 'מאנרגיות':476 'מבחינת':440 'מה':602,623 'מהי':563 'מהעולם':415,417,426 'מול':42C 'מוסמך':234,261,289,312,379 'מועמד':66 'מוצרי':492 'מורכב':107 'מחייב':454 'מחייבות':488,533 'מטרת':434 'מידע':177 'מיום':369 'מכון':613 'ממומחים':108 'ממועד':355 'מנגנון':186 'מס':498 'מסדיר':518 'מסוימת':76 'מספר':421 'מעגן':432 'מעודד':473 'מפלגה':68 'מפלגתו':143 'מקובלת':22C 'משפט':28C 'משק':521 'משקפות':545 'מתחדשות':477 'נבחר':124,320 'נבחרי':241,294,343,409 'נועד':395 'נורית':580 'נורמה':21C 'נידונה':26C 'ניהול':520 'ניטרלית':439 'סביבתיים':556 'סמכויות':227 'סנקציות':264,274,277 'סעיף':54,118,155,189,225,275,334,358,372 'ספציפית':79 'עד':442 'עושה':39C 'על':23C,64,97,132,138,141,207,216,239,249,263,293,314,316,341,464 'עם':10B 'עמידה':14A,48,250,254,269,283,303 'עצמאי':93,198 'עקרונות':550 'עתידית':318 'פוליטיקאי':38C 'פומביים':248 'פומבית':62 'פחמן':441,499 'פיקוח':96,187,197 'פליטות':447,510 'פעילויות':633 'פרויקט':582 'פרי':1B 'פרסומו':356,370 'פרק':51,114,184,272,330 'ציבור':125 'ציבורי':178 'ציבורית':219 'קיימות':419,424,460,564,589,596,604,625,635 'קליגר':606 'קמפיין':70 'קנסות':291 'רותם':605 'רשמי':82 'רשמיים':86 'שהיא':25C 'שופמן':575 'שותפיו':43C 'שיוקם':94 'שיקולי':459 'שישה':367 'של':30C,87,150,166,266,280,300,319,363,390,408 'שניתנה':63 'שניתנו':137 'שקיפות':157 'שר':376 'תהיה':366 'תוך':553 'תחולה':336 'תחילה':360 'תחילתו':362 'תחת':201 'תלוי':105 'תלויים':222 'תמריצים':479 'תקופתי':129 'תקנות':374,381,483,529 'תתועד':162",,,,115,2024-07-28 04:59:49.005544,f
93,74,,0,,4,6,,0,400,2024-07-29 08:39:40.184395,,"","'3':51C 'או':266 'אופקיות':29C,118,353,373 'אופקית':20A,57,86,104 'אותו':163,195 'אזרחים':327 'אחת':124,222,231 'איזונים':380,410 'אין':216 'אישור':325 'אלא':293 'אלכסנדר':241 'אני':82,108 'אסיפת':202 'ארצות':94 'את':97,112,288,312,330 'בארצות':354 'בבחירות':366 'בגוף':42C 'בדרך':49C 'בהערה':418 'בחוקה':111,399 'בחקיקה':346 'בישראל':22A,59,404,412 'בית':173 'בכל':337 'בלא':264 'בלבד':226 'במהותה':392 'בעולם':358 'בעז':80,309 'בעתיד':79,308 'בשום':271 'בשנייה':125 'בתי':169 'בתיחום':218 'גבי':224 'גורס':38C 'גישת':210 'גישתם':331 'גם':336,403 'די':217 'דיונית':209 'דיוק':156 'דמוקרטיה':67,208 'ה':81,310 'האבות':91,211 'האדם':397 'האזרחים':203 'האחרונה':279 'האחת':289 'האלה':249 'האמריקאי':363 'האמריקאים':213 'האמריקאית':87,395 'האנכיות':340 'הביזה':276 'הביקורתי':197 'הברורים':247 'הברית':95,355 'הגבולות':219 'הגנה':303 'הדוגמאות':408 'הדין':295 'הדמוקרטיה':34C,394 'ההמבצעת':53C 'הוא':30C,250,296 'הווטו':314 'הושפעתי':83 'הזרוע':127,147,166,178,199,262,317,322 'הזרועות':47C 'החוקתי':176 'החשיבה':282 'היא':66 'הייתה':214 'הישראלית':65,204 'הכנסת':6B,129 'הלאומית':130 'הליברלית':35C 'הם':48C 'המבצעת':148,318 'המבקר':180 'המבקרת':179 'המדינה':15B,17B 'המוגנות':398 'המונעת':382 'המורכב':133 'המחוקקת':52C,128,263,323 'המייסדים':92,212 'המייעצת':200 'המילטון':242 'הממשל':164,196,255 'הממשלה':9B 'המקבילים':153,188 'המשפט':170,174 'המתנהלת':73 'הנבחרים':141 'הנייר':225 'הנכונה':283 'הנשיא':3B,149 'הנשיאותי':165 'הסובבת':162,194 'העיונית':285 'העיקר':206 'העלולים':390 'העליון':175,181 'העם':201 'העקרונות':246 'הפדרלי':177,198 'הפדרליים':171 'הפדרלית':23A,60,64,405,413 'הפקידותית':161,193 'הפרדת':18A,27C,55,102,351,371 'הפרלמנט':348 'הצעתי':25A,62,407,415 'הראשון':270 'הרפובליקה':63 'הרשויות':28C,103,338,352 'הרשות':345 'השופטת':167 'השלטון':339 'השפיטה':12B 'התערבות':343 'ובזכויות':396 'ובלמים':381,411 'וההגינות':284 'והמוחלטים':248 'והמילטון':334 'והמערכת':160,192 'והן':126 'והנשיא':364 'והשופטת':54C 'והשפעה':387 'וזאת':360 'וטו':257 'וכך':335,400 'ולא':122,369 'ולכן':107,227 'ולמיטבית':359 'ומבית':140 'וממשית':301 'ונפרדות':121 'וסגנו':151,183 'ועצמאיות':46C,120 'ותאמץ':328 'זאת':240 'זה':37C,401 'זו':265,267,278,374 'זולתה':292 'זכות':256,313,342 'זרועות':116 'חוק':4B,7B,10B 'חוקת':76,305 'חוקתה':98 'חוקתי':234 'חוקתית':300 'חמש':115 'חקיקה':320 'י':90 'יהיה':341,402 'יהיו':416 'יוכל':269 'ייסודן':113 'יכולת':299 'יסוד':5B,8B,11B,32C 'יש':228,252 'ישראל':77,132,139,146,150,182,306 'כבית':135,142 'כוח':386 'כי':215 'כל':221 'כלל':50C 'כללי':281 'כפי':238 'כתובים':417 'לא':268 'לגבוהה':357 'לה':298 'להגן':235 'להעניק':253 'להפקיד':287 'להצעה':419 'להקנות':297 'להתגונן':273 'לזרועות':44C 'לחסדה':290 'ליים':158 'ליתר':155 'לכל':230 'למבקרי':189 'למדונו':280 'למנכ':157 'למערכת':409 'למעשה':329 'לספק':229 'לפגוע':391 'לפי':24A,61,406,414 'לצבור':385 'לראש':254,344 'לרבות':172 'לשרים':154 'מאוד':100 'מאסיפת':326 'מבנה':13B 'מבקר':16B 'מבקרים':185 'מבקרים-מזכירים':184 'מדי':389 'מדיני':43C 'מדיסון':333 'מה':243 'מהן':232 'מהסנאט':134 'מהפרדת':84 'מונטסקייה':106 'מועצה':349 'מזכיריו':152 'מזכירים':186 'מזרוע':383 'מחוקקים':136,143 'ממשל':71 'ממשלתי':191 'ממשלתיים':159 'מן':245,294 'מסוימת':384 'מערכת':168,377 'מעשי':259,275 'מפני':274 'מרעיון':101 'משום':361 'נבחרים':365 'נחשבת':356 'נפרדות':45C,368 'נשיאותית':68 'נשענת':375 'נשק':233 'סבוכה':378 'סמכויות':40C 'ע':89 'עיקרון':31C,36C 'על':74,223,236,258,319,376 'עליון':137 'עם':69,324 'ענפיה':260 'עצמה':237 'עצמית':304 'עקרון':26C 'פדרציה':72 'פי':75 'פיצול':39C 'פנים':190,272 'צוקרמן':2B 'ראש':316 'רבים':388 'רוצה':109 'רמת':350 'רשויות':14B,19A,56,85,117,372 'שאומנם':251 'שאסור':286 'שביטא':239 'שהושפעו':99 'שהיא':205 'שהקונגרס':362 'שונות':119,367 'שיהיה':110 'שיטת':70 'שכוננו':96 'של':33C,93,105,114,131,138,145,207,220,261,277,291,302,315,321,332,347,379,393 'שלו':187 'שלטון':41C 'שלמה':1B 'שנוצרו':88 'שעולה':244 'שתהיה':21A,58 'שתקבל':307 'שתתקבל':78 'תחתון':144 'תלויות':123,370 'תעגן':311",,,,116,2024-07-29 08:40:56.404678,f
94,82,,0,,1,1,,0,100,2024-07-29 09:51:55.243716,,"","'1':151 '2':161 '20':173 '2018':66 '2020':202 '3':189,428 '36':469 '4':169 'א':140,150,160,188,427 'אדם':117 'או':135,313 'אוכל':312,344,392 'אוכלים':343 'אותה':330 'אותו':396 'אותם':100 'אזרחי':54C,111 'אחד':174,437 'אחריות':132,334 'איומה':84 'אך':242,352 'אליהם':373 'אמיתי':358 'אנחנו':110 'אספקת':277 'אסתיה':1B 'ארוחה':370 'אשר':380 'את':31C,122,155,180,348 'ב':203 'באוכל':359 'בבסיסים':409 'בגלל':310,314 'בדרגת':445 'בהסדרי':465 'בהתאם':220 'בו':284 'בודדים':153 'בוקר':403 'בחובה':45C 'ביבוא':88 'בכל':282,306 'בלילה':406,424 'במעמדם':124 'במשך':364 'בני':116,254 'בסדיר':28C,44C,64,143,163,268 'בעלי':442 'בפיקוח':301 'בפעולה':385 'בצבא':61 'בצה':21A,266 'בצרכי':106 'בקבע':144,194,432 'בשבע':453 'בשירות':198,448 'בשמירה':363 'בשנים':65 'בשעה':399 'בשעת':388 'בשפע':393 'ג':209 'גזע':3B 'גם':368 'ד':232 'ה':270 'האוכל':107,349,389 'האוצר':149 'האחרון':239 'האחרונות':455 'הבטחון':7B 'הביטחון':208 'הבסיסיים':339 'הגדלים':90 'ההנחות':262 'ההפרשות':190,433,440 'החטיבה':326 'החיילים':27C,109,114,193,338 'הטיפולים':223 'היה':77 'היו':68 'הישירה':256 'היתה':83 'הכוללות':367 'הם':115,285 'המדינה':13B 'המזון':62,134 'המינימום':157,182,219,248 'המסחר':303 'המקור':75 'המשך':425 'המשפחה':187,255 'המשרתים':43C,60,176,431 'המתקיימות':165 'הנדרש':225 'הנהוגות':197 'הנופלים':235,258 'הנפגעים':227 'הסחף':123 'הסכמים':288 'העגבניות':82 'הפרשות':429 'הצבא':274 'הצורה':80 'הציבורי':199,449 'הצעות':8B 'הקצונה':129,335 'השכר':40C,238 'השנים':454 'התעשיה':304 'התרופות':222 'וביחידות':410 'ובמילואים':46C,145 'ובנוסף':86 'ובנק':15B 'ובקבע':269 'וההטבות':263 'והחקלאות':305 'והיבט':37C 'והלאה':67 'והם':321 'והמשכורות':41C 'והנכים':259 'וטוסטר':415 'ויועברו':460 'ויערוך':397 'וירקות':346 'וכוחות':6B 'וכל':224 'וכן':416 'ולהן':168 'ומהווים':95 'ומי':394 'ומילואים':29C 'ונכדים':119 'וערב':405 'ופנסיה':19A,58 'ושוקולד':413 'זאת':137 'זהות':195,436 'זו':178,333 'זלזול':105 'חודשית':159 'חוזרים':319,401 'חוטר':2B 'חומוס':412 'חוסר':357 'חוק':23C 'חייבים':120 'חייבת':275 'חיילי':126,293 'חיילים':142,152,162,341,361 'חמה':419 'חקלאים':291 'חקלאית':299 'טובה':35C 'יביאו':372 'ידי':148 'יהיה':236 'יהיו':435 'יחזרו':381 'יחידה':331 'יחשבו':456 'ילדים':118,170 'יממנו':347 'יסוד':12B 'יעמדו':260 'יפחת':244 'יקבל':179 'יקבלו':154,296 'יקטן':215 'יקרה':354 'ירקות':89 'יש':407 'ישולם':146,249 'ישולמו':206,228 'ישירים':289 'ישמר':390 'ישנים':423 'ישראל':16B,55C,112 'ישראלים':292 'ישראלית':36C,300 'כאשר':360 'כדי':47C,184,376 'כל':261 'כלליות':9B 'כמו':101 'כמסתמן':91 'כמשכורת':158,183 'כן':102 'כספים':450 'כענישה':138 'כריכים':374 'כתשלום':237 'ל':5B,22A,74,128,213,231,252,267,281,295 'לא':214,243,353 'לאוכלים':99 'לאומי':167,462 'לאחד':438 'לאספקת':133 'לביטוח':461 'לבסיס':382,387 'לגיל':172 'להלוואה':457 'להם':391 'להפחית':377 'להפרשות':196 'להשאיר':408 'לוודא':24C,33C,48C,276,336 'לזכות':253 'לחוקה':10B 'לחיילי':72,279,329 'לחיילים':63,272 'לחם':411 'ליצור':287 'לכך':51C 'ללא':458 'למדד':241 'למריחה':414 'למשפחות':164,234 'למשרתים':20A,265 'לנכי':211 'לעזור':185 'לעיניי':85 'לעצור':121 'לפגיעה':221 'לפני':317 'לפנסיה':191 'לפרנסת':186 'לקחת':131 'לרווחת':226 'לרעוב':323 'מבושל':345 'מביטוח':166 'מדד':464 'מדובר':87 'מהחיילים':175 'מודעים':50C 'מזון':17A,56,271,278 'מחבל':78 'מחוץ':386 'מחלקה':447 'מטבע':14B 'מי':93,383,421 'מיחם':417 'מינואר':201 'מכיסם':351 'מכפולה':216,245 'ממלא':30C 'ממשימתם':402 'ממשכורתם':139,434 'ממשמרת':320 'ממשפחה':177 'מנהלי':446 'מסופקים':340 'מסעדה':328 'מענקי':204 'מצב':355 'מקובלות':371 'מקום':283 'מקרה':307 'מקרים':69 'משביעים':375 'משכורת':324 'משרד':302 'משרות':443 'מתחת':171 'מתקציב':207,229,250 'נגמר':316 'נוחים':467 'ניהול':444 'נמצאים':286,362 'נראה':103 'נשארים':322 'סעיף':426 'עבור':420 'עד':379,468 'עודפים':451 'עזה':79 'על':38C,39C,92,147 'עם':290,439 'עקרונות':11B 'פוטנציאל':96 'צה':4B,73,127,212,230,251,280,294 'צהרים':404 'צמוד':240 'צמודי':463 'צריכה':130 'צרכיהם':32C 'קצונת':273 'קצין':325 'קשה':98 'רבות':366 'רטרואקטיבית':200 'ריבית':459 'רעב':309,378 'רק':297 'שאין':311 'שאינם':342,422 'שבשבילנו':113 'שהאוכל':315 'שהאיכות':34C 'שהופרשו':452 'שהיו':384 'שהם':49C,52C,400 'שהמזון':25C 'שהעגבניות':70 'שולחנות':398 'שחיילים':318 'שחרור':205 'שיחמם':395 'שיממנו':136 'שיש':104,264,356 'שכירי':53C 'שכר':18A,57,141,156,181,218,247 'של':42C,59,81,108,125,192,217,246,257,308,430,441 'שלהם':76,350 'שמקבלים':26C 'שסופקו':71 'שעות':365,369 'שפכים':94 'שצרכי':337 'שרעבו':332 'שתיה':418 'תברואתי':97 'תוצרת':298 'תממן':327 'תשלום':210,233 'תשלומים':466,470",,,,117,2024-07-29 09:52:40.60978,f
95,55,,0,,3,0,,0,300,2024-07-29 10:22:30.076884,,"","'1':139 '2':162 '3':176 '4':188 '5':200 'אדם':2B 'אהבת':93 'אזרחיה':84 'ארוכים':53 'את':21C,45C,105,109 'בהוצאות':159 'בו':80,112 'בחוקה':19C 'בטיחות':174 'ביותר':64,67 'ביטול':153 'בין':223 'בירוקרטיה':32C,164 'בנושא':116 'בניית':149 'בספורט':119,191 'בענפי':124 'ברישום':165 'בתחומי':204 'בתכניות':180 'גדול':56 'גופי':224 'דגש':196 'האוכלוסייה':194 'האזרחים':48C,135 'הארוך':66 'הבטחון':6B 'הבטחת':130 'הוא':27C 'הזה':18C 'החי':110 'החשוב':63 'הטבע':10B 'הים':46C,59,94,101,107 'הימי':16A,26C,126,206 'הימית':208 'הכרה':158 'הלימודים':181 'המדינה':23C,58,96,121,136,187,209 'המשמרת':75 'המשתתפים':175 'הנו':60 'הנוגעים':54 'הנוער':98 'הסוכר':103 'הסעיף':17C 'הספורט':15A,25C,125,205 'הפחתת':31C,163 'הצעות':11B 'הקצאת':29C,140 'השתתפות':37C,190 'ואהבה':184 'וארגוני':228 'והגבול':65 'והטכנולוגיה':207 'והמקדמת':76 'והצומח':111 'והקמת':40C 'וחופי':95 'וכוחות':5B 'ולאורכו':113 'ולחופי':186 'ולים':133 'ולכבד':108 'ולצי':102 'ומוסדית':87 'ומתקנים':151 'ופיקוח':166 'ופיתוח':203 'וצעירים':199 'ושימוש':79 'ותמיכה':118 'ותקדם':220 'ותקציבים':142 'ותתמוך':123 'זה':78 'זו':219 'חופי':106 'חופים':52 'חוק':7B,14A 'חינוך':34C,178 'ידי':82 'ייעודיים':143 'יישום':217 'ימי':35C,120,147,157,170,179,192,214 'יסוד':8B 'יקדמו':89 'יש':51,70 'ישראל':50 'כולל':28C,148 'כל':73,83 'כלליות':12B 'כערך':127 'ל':4B,138 'לאומי':62,128 'לאומית':42C,212 'להנגיש':44C 'להתגיס':99 'לחופים':132 'לחוקה':13B,115 'לחיל':100 'לחלק':55 'לטיפוח':182 'לים':185 'לכלל':47C,134,193 'למדינה':69 'למדינת':49 'לספורט':213 'לפיתוח':144 'לצורכי':160 'לקדם':72 'לקידום':24C 'לשמר':104 'מאוכלוסיית':57 'מאשאב':61 'מדיניות':218 'מודעות':183 'מחויבות':22C,71 'מחקר':39C,202 'מטרתו':43C 'מכסים':154 'ממשל':225 'מס':161 'מעגן':20C 'מקומיות':227 'משאב':77 'משאבי':9B 'משאבים':30C,141 'נגישות':131 'נדרשים':152 'נוער':198 'נכונות':97 'נמלים':150 'סעיף':114 'ספורט':92,146,169,229 'עידוד':36C,189 'על':81,155,167,173,197,216 'עממית':86 'ערכים':90 'פעולה':222 'פעילויות':168 'פעילות':74 'פרי':1B 'צה':3B 'ציוד':156 'קידום':38C,117,201 'רחבה':88 'רשויות':226 'רשות':41C,211 'שילוב':33C,177 'שיתופי':221 'של':91 'שלה':68 'שמירה':172 'שתפקח':215 'תוך':129,171,195 'תמיכה':85 'תפעל':137 'תקדם':122 'תקים':210 'תשתיות':145",,,,118,2024-07-29 10:24:31.642151,f
96,55,,0,,1,0,,0,100,2024-07-29 10:57:51.795687,,"","'1':54,207 '2':84,241 '3':109,264 '4':161 '5':179 'אדם':2B 'אוויר':74 'אחרות':193 'אימוץ':197,316 'אישיות':153 'אלו':276 'ארצות':208 'את':64,80,302 'ב':78 'בארצות':210 'בבריטניה':243 'בבתי':97 'בגרמניה':266 'בדומה':326 'בהוצאות':151 'בחדשנות':163,311 'בחינוך':22C 'בטיחות':136 'ביותר':293 'ביזמות':29C,167 'בינלאומי':182,315 'בינלאומיים':187 'בינלאומית':33C 'בישראל':53,201 'בלונאות':72 'בנושא':42 'בעולם':329 'בענפי':123,155,170 'בצורה':277 'בריטניה':242 'ברמה':291 'בתחום':24C,94,108,120,132,178,188,195,204,234,249,261,324 'גלשני':73 'גרמניה':265 'האזרחית':15A 'הברית':209,211 'הגבוהה':292 'ההשלכות':224,252,280 'הזכויות':8B 'החדשה':41 'החדשנות':232 'הטבע':6B 'הטיסה':45,51,57,66,95,124,171,189,250,271,304 'הטכנולוגי':235 'הכולל':219 'הכלכלה':283 'הכלכליות':225 'הכשרה':104 'המאפשרת':273 'המדינה':16C,88,114,139,149,165,183 'המובילות':194,328 'המפעילים':130 'המקומית':284 'המשאבים':81 'הנדרשים':82 'הפחתת':110,307 'הצעות':9B 'הצעת':38 'הקיימות':119 'הרגולציה':117 'הרישוי':121 'השונים':148,158 'התעופה':14A,146,156,262,325 'ואוניברסיטאות':100 'וארגוניות':154 'ובחדשנות':168 'ובטוחה':279 'וביזמות':312 'ובירוקרטיה':27C,112,309 'והבירוקרטיה':118 'והדרכה':23C,93,247 'והחדשנות':263 'והחלתם':200 'והטיסנאות':46,52,58,67,96,125,147,157,172,190,251,272,305 'והיזמות':233 'והעוסקים':131 'והפיקוח':122 'והשלכות':205 'וחדשנות':30C 'וחינוכית':87,222 'וטיסנאות':20C 'ויזמות':164 'ויצירת':257 'וכיו':77 'וכן':236 'ולהעמיד':79 'ולפתח':63 'ומחקר':177 'ומיסוי':113 'וספורטיבי':37C,323 'וספורטיבית':218 'ופיתוח':49 'ופרויקטים':106 'וקידום':288 'ושיתוף':313 'ותלמד':191 'ותממן':90 'ותעודד':101 'ותעניק':173 'ותפתח':301 'ותקנות':137 'ותרומות':152 'ותשיתף':31C 'זה':296 'חדשות':287 'חוק':3B,12A 'חיוביות':206 'חיובית':260 'חיזוק':231,282 'חינוך':92,246 'חינוכיים':107 'טיס':69 'טיסה':19C 'טיסנאות':70 'טכנולוגי':36C 'טכנולוגיות':286 'טכנולוגית':169 'יבטיח':297 'יוביל':319 'יזמית':259 'יסוד':4B 'יצירת':102,227 'ישראל':60,299 'כוללות':226,253,281 'כזה':318 'כלכלי':35C,321 'כלכליים':175 'כלליות':10B 'להפחתת':116 'להקל':128 'לחוקה':11B,40 'ליבוא':142 'לכך':83 'למדינות':327 'לענפי':145,270 'לפיתוח':176,320 'לצרוכי':159 'לקדם':62 'לרבות':68 'לשיפור':34C 'מבוקרת':278 'מגילת':7B 'מדינות':202 'מדינת':59 'מובילות':203 'מודלים':198 'מוסדית':86,221 'מוצלחים':199 'מותאמת':269 'מיועד':144 'מיסוי':141 'מכללות':99 'ממדינות':192 'מנת':127 'מס':160 'מסלולי':103 'מצנחי':75 'מקומות':228 'מקצועיים':105 'משאבי':5B 'מתחייבת':61 'מתקדמות':248 'נדרשות':138 'סביבה':258 'סיכום':294 'סעיף':39,47,295,317 'ספורט':289 'ספר':98 'עבודה':229 'עידוד':13A 'על':126,129,135 'ענפי':18C,44,50,56,65,303 'ענפים':275 'עשירה':240 'פיתוח':237,254,274,285 'פעולה':32C,181,186,314 'פרי':1B 'ציוד':143 'קידום':43,48,55 'קיים':212 'קיימות':244 'קיימת':267 'קלה':217 'רבים':230 'רגולציה':26C,111,268,308 'רחב':214 'רחבה':223 'רחיפה':76 'רחפנות':71 'שיתוף':180 'שיתופי':185 'של':215 'שמדינת':298 'שמירה':134 'תבטל':140 'תוך':133,196,306 'תוכניות':91,245 'תומכות':256 'תחום':213 'תכיר':150 'תמיכה':85,162,220,310 'תמריצים':174 'תעופה':216,239,290 'תעשיות':255 'תפחית':25C 'תפעל':115 'תקדם':17C,184,300 'תקים':89 'תרבות':238 'תרבותי':322 'תתמוך':21C,28C,166",,,,119,2024-09-04 13:04:02.53148,f
97,82,,0,,3,2,,0,300,2024-08-01 15:33:39.25154,,"","'1':22C,143 '10':386 '2':35C,217 '3':42C,269 '30':388 '4':47C,295,375 '5':51C '7.10.23':106 'אדם':225 'או':147,182,262,309,360 'אוהבי':348 'אויבנו':27C,150 'אומר':67,71 'אותו':340 'אותם':247 'אזרחי':129,228,274 'אזרי':190 'אחוז':302 'אחרים':44C,89 'אין':28C,221 'אך':102,197 'אלא':121,160,208,350 'אלו':256 'אלפים':124 'אם':162,209,281,326,351 'אסתיה':1B 'אצל':267 'אצלם':214 'אשר':338 'את':292,330 'ב':105 'באזרחים':78 'באמצעות':251 'בגגלל':321 'בהתאם':378 'בחיים':328 'בידי':26C,149 'בין':385 'בית':184 'בכוונה':45C,271,297,305 'בלי':30C,170 'במאה':301 'במכונית':354 'במעצר':266 'במקרה':245,366 'במשפט':223 'בעת':151 'בקבוצת':237 'ברוצח':324 'בשבי':248 'בשגגה':49C,377 'בשפת':68 'בתורה':58 'גזע':3B 'גזר':19A 'גילאי':52C 'גם':280,334 'דופן':254 'דין':20A 'דם':39C 'דן':227 'ה':34C,169,202,236 'האם':358 'הבטחון':9B 'הבראה':185 'הגילאים':57C 'הדבר':341 'ההמתה':294,332 'ההריגב':392 'ההריגה':381 'הוא':368 'הוכח':300 'הזכויות':5B 'החוצה':165 'החיים':126,215 'הידיים':41C,231 'היה':107,352 'היומיום':69 'היכן':242 'הם':92,249,255,287,347 'המדינה':15B 'המודיעי':196 'המפחדים':179 'המרצחים':268 'המתים':394 'הנכנעים':163,257 'הנמצאים':213 'הנמצאת':265 'העולה':315 'הצעות':16B 'הקדושה':59 'הקדים':115 'הקם':61 'הקשורים':54C 'הרוצחים':53C 'הרוצים':183 'הריגה':50C,376 'הרצח':304 'השבויים':212 'השפיטה':12B 'השקם':63 'ואין':84 'ואיש':110 'ואם':244 'וגורמת':319 'והמתים':216 'וחבר':235 'וחלקם':131 'וטיפול':186 'ויהרוג':344 'ויש':356 'וכוחות':8B 'וכך':333 'ולא':114,118 'ולהילחם':205 'ומספר':393 'ונכנעים':166 'זה':66,70,85,98,120,140,220 'זריקה':252 'זריקת':293,331 'חוטר':2B 'חומרת':391 'חוק':10B,139 'חוקכל':56C 'חושבים':88 'חטוף':260 'חטופה':261 'חטופים':146 'חייהם':181 'חשבון':128,189 'טרור':238,365 'יאלצו':203 'יביא':141 'ידי':313 'יהיה':99 'יהיו':288 'יומתו':239,250 'יוצאי':253 'יוצאים':164 'יחשב':369 'יחשבו':282 'יכולים':93 'ילקחו':193 'ינתן':382 'יסוד':11B,14B 'יעשה':339 'יצאו':210,362 'יציאה':31C 'יקבל':329 'יש':24C,73,80,145 'ישראל':37C,130,191,229,234,275 'ישראלי':337 'ישראלית':318 'יתכן':175 'כאשר':23C,144 'כדי':290 'כוונה':76 'כזה':367 'כי':278,303 'כל':224 'כלא':283 'כלליות':17B 'כמו':307 'כמסתמן':323 'כן':359 'כניעה':29C,159,177 'כעשרת':123 'כפי':103 'כשהם':258 'כשירים':289 'כשלצידם':167 'כשרים':284 'ל':7B,387 'לא':111,157,174,198,361 'לאחר':90,276 'להגיד':94 'להורגו':64 'להורגך':62 'להיכנע':201 'להצעת':55C 'להקדים':81 'להרוג':372 'לוקחים':246 'לחומרה':379 'לחוקה':18B 'לחזור':204 'ליצור':363 'ללא':240 'למוות':320 'למכה':83,117 'למכונית':342 'למשפט':286 'לעמוד':285 'לפגוע':77 'לפי':194,390 'לפיו':113 'לפני':373 'לקבל':176,291 'לשליח':370 'מאוחר':100 'מאסר':138,384 'מגילת':4B 'מדי':101 'מה':65,87,95 'מהוגה':311 'מודיעין':74 'מוות':21A 'מוסלמים':314 'מחזירים':259 'מי':199,345 'מידע':108 'מישראל':79 'מכונית':308,317 'מכל':154 'מלכוד':171 'ממענה':82 'מספיק':136 'מעשה':91,364 'מעתה':173 'מצוררי':233 'מקבלים':158 'מקדים':109 'מקום':137 'מרצחים':125 'משאית':310,336 'משוחררים':132 'משנה':86 'משפט':241 'מתאבד':325 'נאמר':60 'נגדם':153 'נהג':335 'נשאר':327 'נשק':353 'סוג':155 'סעיף':219 'ספק':357 'עד':206 'עונש':383 'על':40C,75,127,180,188,230,312,316 'עם':32C,38C,211,226 'עקרונות':13B 'ערבית':343 'פואי':187 'פעולה':152 'פעל':112 'צדק':142 'צה':6B 'צורך':222 'צוררי':36C 'צרכי':195 'רוצחים':43C,270 'רוצים':97 'רצח':48C,296 'רצחו':279 'רק':119,161 'שאולי':346 'שאין':135 'שאספו':122 'שאפשר':243 'שבוי':33C,168,263 'שבויה':264 'שבויי':192 'שבויים':25C,148 'שגילינו':104 'שהו':156 'שהוא':232 'שהוכח':277 'שהם':96,273 'שיהרג':374 'שיוצאים':200 'שימותו':207 'שכאשר':72 'של':178,380 'שלא':299 'שלהם':355 'שלום':349 'שמדובר':322 'שנים':389 'שנשלח':371 'תופת':172 'תחילה':46C,272,298,306 'תחת':133,218 'תירוץ':134 'תרופה':116",,,,120,2024-08-01 15:34:17.415362,f
98,93,,0,,0,0,,0,1,2024-08-05 18:21:47.370025,,"","'-30':23C 'אוטונומיים':25C 'את':9C,16C 'בירושלים':30C 'בישראל':12C 'הגדה':17C 'החוק':32 'המדינה':14C 'הצעת':6C,31 'הקנטונים':5A 'השטח':19C 'השלטון':11C 'וכל':18C 'חוק':2A,4A,7C 'יחולק':20C 'יסוד':3A 'כמסמך':34 'ל':22C 'לפדרציה':13C 'מבנה':10C 'ממשלה':27C 'מנהלתית':21C 'מנוליטו':1B 'מצורפת':33 'משותפת':29C 'פדרלית':28C 'קנטונים':24C 'שמשנה':8C 'תחת':26C 'תספח':15C",,,,122,,f
99,62,,0,,3,2,,0,300,2024-08-06 06:59:35.491245,,"","'nir':1B 'sochen':2B 'אבל':140 'אד':446 'אדם':17C,210,375 'או':52,280,328,332,441,495 'אחוז':353 'אחראית':238 'אחרת':460 'אחת':22C,218,439 'איזה':302 'אין':61,163,256 'אך':25C 'אנחנו':481 'אפילו':442 'את':107,169,213,393,418,425,486,501,505,509 'אתר':337 'בא':150 'באה':167 'באיזה':305 'באכ':113 'בארץ':98 'בבחירה':493 'בה':104 'בהם':162 'בהצלחה':395 'בהצעות':319 'בהתאם':365 'בועדה':21C,423 'בועדת':369,384,450 'בחוקים':222,241 'בחירות':188 'ביזור':6A,53,174 'ביטוי':152 'בין':456,461 'בישראל':480 'בית':269 'בכל':142,242,438 'בלבד':23C,219,224,236,263 'במבנה':64 'במליאה':258 'במסגרת':31C 'במספר':158 'במשרד':387 'בנושא':428 'בנושאי':467 'בנפרד':445 'בסוף':208 'בסיס':39 'בסיסיות':90 'בעדות':282 'בעולם':101,117 'בעם':132,427 'בראש':56,71 'ברוב':127,292 'ברות':285 'בריאות':468 'בשבועה':277 'בשיטה':153,431 'בשתי':311 'בתוך':27C,254 'בתחום':234 'בתחומה':223 'גדול':146 'גוף':63 'גם':500,504 'די':130 'דעות':453 'דרך':336 'האזרחי':339 'האלו':321 'הביטחון':507 'הבריאות':451 'הגנה':74 'הדרך':103 'ההחלטה':487 'ההסכמות':466 'ההצעה':10C,165,184,209 'הועדה':28C,34C,220,235,237,255,406 'הועדות':202,297,327,362 'הוק':447 'הזה':135,171,388,430 'הזו':432 'החוץ':511 'החוק':251,323,360 'החוקים':30C,253 'החל':244 'החקיקה':338 'היא':11C,102,260,411 'הכוח':54 'הכנסת':16C,192,300,315,341,348,385 'הכספים':350,370 'הלאה':465 'הם':186,472 'המדיניות':419 'המועמד':381 'המליאה':259 'הממשלה':204,331,485,491,503 'המצב':170 'המשטר':81 'המשטרי':65 'המתאים':416 'הן':283 'הנהוגה':97 'הנוכחית':154,166 'הנושא':32C 'הנושאים':128,161 'הנסיון':110 'הסכמה':164 'הספציפי':429 'העשיר':111 'הפרדת':50 'הפרט':77 'הפרלמנטרית':96 'הצבעה':12C 'הצבעות':257 'הציבור':335 'הצעות':322,359 'הצעת':3A,35,306 'הקטן':159 'הראשונית':185 'הרוב':94,109,134,426 'הרכב':133,435 'הרשויות':51 'השווא':121 'השונות':193,363 'השיטה':95 'השימוע':394 'השלבים':243 'התרכזות':157 'ו':477 'ואז':380 'ואישיות':190 'ואישית':14C 'ובועדה':459 'וביטחון':498 'ובמקומות':99 'ובראשונה':57,72 'וגם':115,508 'והאזרח':78 'והיא':271 'וחרדים':463 'וכו':471 'וכן':464 'ולהיבחר':216 'ולהצביע':24C 'ולוודא':414 'ומשרדי':203 'ומתמרצת':156 'ועד':247 'ועדה':199,229,288,291,303,399 'ועדות':312,317 'ועדת':294,299,314,340,349 'ועל':177 'וקבלת':250 'ורק':26C 'ושיתוף':454 'ותגמול':180 'זה':69 'זכויות':76,89 'ח':114 'חבר':20C,225,228,398 'חדשה':5A,37 'חוץ':497 'חוצי':475 'חוק':246,307,320,444,484 'חוקים':233 'חילונים':462 'חינוך':469 'טיפול':240 'טקסיים':262 'יבחר':489 'ידי':173,178 'יהיו':364 'יו':343,346 'יותר':66 'יינתן':207 'יכול':18C,136,211,230,373,401,433,448 'יכולה':272 'יכולות':324 'ימונה':397 'יעבור':392 'יקבל':355 'יש':91,125,144,198,266 'ישירה':13C,494 'ישירות':189 'כדלקמן':187 'כהצעות':329,333 'כוח':68 'כזה':84 'כיצד':488 'כל':195,287,295 'כלומר':227 'כלל':148,356 'כמה':352 'כמעט':141 'כנסת':4A,36,226,265 'כרמל':45 'ל':483 'לא':87,149,396,400 'לאף':62 'לב':9C 'לבוא':325 'לבחירה':215 'לה':421 'להחליט':92 'להיות':19C,83,376,402,434,449 'להעיד':279 'להעמיד':212 'להצביע':231 'להציע':374 'להשתנות':137 'לוועדות':15C 'לועדה':217 'לועדות':191 'לועדת':264 'לזכור':48 'לזמן':273 'לחוקים':408 'לידי':151 'לייצר':58 'ליישם':106 'לכל':443 'למעשה':126 'למשרד':378 'לנושא':139 'לספר':252 'לערבים':458 'לפי':7A,93,175,473 'לצורך':73 'לצרכים':261 'לקבוע':412 'לשר':390,404 'לתקן':168 'לתקציב':366 'לתת':275 'מבנה':80 'מגזרים':476 'מדי':67 'מדיניות':413 'מהועדות':440 'מהצעת':245 'מהתקציב':354 'מול':194 'מועמד':389,403 'מוצק':131 'מחוקקת':410 'מחקרים':116 'ממשלה':372 'ממשלתי':197,358 'ממשלתית':200 'מנושא':138 'מנסים':105 'מנצור':44 'מנצור-כרמל':43 'מסוים':379 'מעבר':407 'מעמד':267 'מצב':59 'מצג':120 'מציעים':206 'מקיים':417 'מראים':118 'משאירים':482 'משפט':270 'משרד':196,357 'מתוך':326 'מתנחלים':457 'נועד':55,70 'נושא':143,176 'נושאים':8A,309 'ניתן':492 'נסיוננו':474 'נפגעות':88 'סרוב':278 'עבור':308 'עברות':284 'עדות':276 'עדים':274 'עובר':382 'עוד':86 'עונשין':286 'עיקרון':108 'עיקרי':183 'על':29C,38,75,172,232,239 'עליו':368 'עמוק':124 'עצמו':214 'פילוג':123 'פעולה':182,455 'פרוט':201 'צריך':47,82 'קריאה':248 'ר':344,347 'ראש':290,371,490,502 'ראשי':296 'ראשית':46 'רבים':100 'רגיל':293 'רוב':129,145,422,436 'רווחה':470 'רעיון':40 'שאנחנו':205 'שבדרך':147 'שבו':60 'שבטים':478 'שהוחלט':367 'שהיא':409 'שהמשרד':415 'שונה':437 'שונים':479 'שועדת':496 'שיהיה':345 'שיטפלו':318 'שימוע':383 'שיש':420 'שיתוף':452 'שיתופי':181 'שכל':85 'של':33C,41,122,160,268,330,334,361 'שלא':391 'שלישית':249 'שלמרות':119 'שלנו':112 'שמשקף':424 'שמתגמלת':155 'שמתמחית':386 'שנוגעים':310 'שנית':79 'שקר':281 'שר':377,506,510 'ששיטת':49 'שתחליט':301 'תבחר':342 'תהיה':298 'תחליט':351 'תטפל':304 'תיבחר':289 'תמיר':42 'תמרוץ':179 'תעסוק':221 'תפקיד':405 'תקבע':499 'תקים':313 'תתי':316",,,,123,2024-08-07 10:16:53.436382,f
100,58,,0,,2,39,,0,200,2024-08-08 00:40:20.647511,,"","'-0':130,169 '-0.83':161 '-100':17A '-2':645 '-20':547 '-2000':534 '-240':374 '-3':684 '-30':629 '/proposals/36':887 '0.83':171 '000':620,630,681 '1':125,162,821 '10':402 '100':513,680 '120':164,381,395 '2':199,850 '240':453,490 '241':493 '29':626 '3':326,523 '30':545 '3000':532 '33':696,716 '333':697 '334':717 '4':446 '40':619 '5':588 '50':544 '5000':531 '999':627 'decide.huka.co.il':886 'decide.huka.co.il/proposals/36':885 'אבל':358,529,723 'או':491 'אותם':813 'אז':538,632,686 'אחד':179,488,509,542,578,638,667 'אחוז':19C,127,131,182,188,316 'אחרי':205 'אחת':537 'איך':300,314 'אין':181 'אלא':252,669,742,772,794 'אלה':797 'אלפי':460 'אם':46,180,264,576,593,616,677,708 'אמיתי':65,518 'אנחנו':795 'אנשים':440 'אף':465,527,724 'אפילו':187,492,575 'אפסי':653 'אפשר':104,361 'את':106,136,142,286,291,348,363,391,432,497,564,567,703,735,744,847,875,879 'באופן':816 'בגלל':603 'בדוגמה':710 'בדר':24C,273,324 'בדר-עופר':23C,272,323 'בהסכם':262 'בהצבעות':668 'בהתאמה':549 'בוחרייה':568 'בוחרים':297,572,782 'בזה':828 'ביותר':198 'ביחד':258,859 'ביחס':502 'ביטול':18C,21C 'בייצוג':651 'בייצוגיות':73 'ביכולתה':411 'בכל':556,721 'בכלל':184 'בכמה':423 'בכנסת':139,778 'בלי':359 'בלתי':825 'במושבי':37C 'במליאה':585 'במליאת':738 'במספר':249,254 'במפורש':134 'במפלגות':612 'במצטבר':474 'בניגוד':156 'בעיית':287 'בעל':382 'בעצם':239 'בפרט':74 'בקולות':34C,590 'בשיטת':330 'בתור':219,245 'בתחרותיות':87 'בתנאים':185 'גדולות':77,277 'גם':170,253,284,329,451,586,592,743,807 'גמר':235 'דבר':84 'דברים':150 'דומה':240 'דומות':660 'דיבור':584 'דיכוי':79 'דמוקרטי':64 'דמיטרי':1B 'דקות':582 'האלה':468,500 'האמיתי':650 'האפשרי':844 'הבא':227 'הבאים':124 'הבדל':719 'הבוחרים':114,771 'הגדולות':144 'הגדלת':14A,367 'הדמוקרטיה':51,154 'הדרך':880 'ההגדרה':48 'ההצבעות':737 'ההשפעה':853 'הוא':485,598,652,787 'הולך':727 'הופכים':302 'הורדה':159 'הורדת':126 'הזאת':355 'הזה':233,731 'החלוקה':705 'החסימה':20C,128,132,183,317 'החסרים':251 'היא':43 'היום':759 'הייצוג':842 'הייצוגיות':15A,55,364 'הייצוגית':52 'הכי':151,202,332,344 'הכנסת':8B,29C,38C,97,328,341,370,394,413,425,511,558,739,741 'הכפתור':804 'הם':56,796 'המדינה':5B 'המודרניים':408 'המילולית':49 'המימון':745 'המלא':353 'הממשל':42 'הממשלה':416 'המנדט':226 'המנדטים':12A,68,236,255 'המספר':380 'המפלגה':117,257,675,701 'המפלגות':138,143,217,499,595 'המצב':107 'המקסימלי':843 'המשמעות':310 'המתאימה':118 'המתבקש':484 'המתוארת':242 'הן':539 'הנ':711,823,857 'הנוכחית':69,238 'הנציגים':433 'הסטנדרטים':407 'הסכמי':312 'הסעיפים':822 'העגלה':605 'העודפים':27C,263,313 'העוזרים':751 'העיוות':288 'הערה':155,820,849 'הפרלמנטריים':752 'הפשוטה':281 'הפשטות':521 'הפתרון':352,483 'הצבעה':33C,589,693,730 'הציבור':35C,591 'הצעות':755,757 'הקואליציה':148 'הקואליציונית':869,877 'הקודמת':98 'הקול':785 'הקולות':222,250,504,555,673,707,780 'הראשונה':635 'הרחבת':28C,327 'הרשימה':714 'השותפה':260 'השיטה':237,280,294,868,876 'השינויים':123 'השיפורים':856 'השקיפות':292 'התווך':45 'התור':232 'ו':533,546,628,683 'ואין':100 'ובדמוקרטיה':90 'ובוועדות':740 'ובלוקים':278 'וגם':289,318,863 'ודיוק':54 'והוא':800 'והיסטורית':385 'והסכמי':26C 'והקולות':467 'והשנייה':639 'ויותר':608 'ויחסית':204 'ויש':522 'וכדומה':761 'ולא':36C,783,814 'ולגיטימיות':60 'ולהגיע':108 'ולהקל':145 'ולפי':550 'ומנותק':818 'ומפרק':874 'ומקבלות':228 'וניתן':829 'ועדות':424 'ועוד':445 'ופותח':878 'ופחות':462 'ושגיאות':658 'ושתי':622 'זאת':475,840,852 'זה':396,409,430,471,559,791,806,827 'זכות':583 'זכותה':565 'זניח':720 'זעירות':32C,450,459 'ח':435,454,662,688 'חבל':472 'חברי':96,340,369,393 'חברים':422 'חדשה':93 'חדשות':83 'חוק':6B,756 'חיוניים':58 'חישוב':11A,67,331 'חלוקת':200,206 'חלק':417,670 'חלקי':163,211 'חמורות':609 'חסימה':189 'חריף':80 'חשוב':495 'טובה':389 'יבטיח':560 'יד':121 'ידי':338,366 'יהיו':457 'יורד':552 'יותר':607,613,646 'יזכור':788 'יזכיר':808 'יחסי':671 'ייצוג':597,647,767 'ייצוגיות':39,334 'ייתכן':633 'יכול':172,194 'יכולה':477 'יכולת':113 'ילכו':469 'ימצאו':347 'יסוד':7B 'יצירת':147 'יצליחו':298 'יקבל':580,664,691,702,715 'יקבלו':464,540 'יקבע':732 'יש':386,512,573,845 'ישנה':265,709 'ישר':372 'כ':436,663,689,776 'כדי':112,140,654 'כוח':692,729 'כולם':848 'כזאת':657,765 'כי':473 'כים':419,455,811 'כך':192,295,342 'ככל':610 'כל':62,191,216,498,536,594,661,687,831,855,866 'כל-כך':190 'כלומר':266,643 'כלל':770 'כלשהו':838 'כמה':571,581 'כמות':479 'כמעט':99 'כנ':282 'ל':16A,129,160,168,283,373,712,824,858 'לא':47,165,247,307,320,397,428,494,517,569,600,665,726,733,762,790,861,864 'לאותה':256 'לאיבוד':470,728 'לאמינות':59 'לבעיה':354 'לגרום':195 'לה':574 'להבין':299 'להגדיל':390 'להגיע':102 'להורדה':167 'להיות':421,478 'להלן':357 'להם':119 'להן':224 'להצביע':115 'להקטין':135 'להקצות':486 'להקשיב':438 'להתקיים':871 'לוחץ':802 'לחזק':141 'לחלוטין':602 'לחסום':173 'לטובת':75,275 'ליותר':439 'לייצג':566 'לייצוגיות':109,881 'ליישם':830,846 'לכאן':884 'לכנסת':103,351 'למנדט':213 'למנדטים':303 'למנוע':655 'למספר':503 'למען':13A,520 'למפלגה':92 'למפלגות':31C 'למרות':648 'למשך':543 'למשל':506,615,676 'לסדר':758 'לסירוגין':501 'לעיוות':196 'לפחות':375,579 'לפי':220,231,270,836 'לפקח':414 'לפתרון':872 'לציבור':809 'לקבל':177 'לקבלת':841 'לשגיאה':157 'לשיטה':241 'לשמור':376 'לשפר':362 'לתקן':105 'מאמץ':427 'מבינים':308 'מבנה':3B 'מגבירה':290 'מדויק':601 'מדויקת':333 'מדינה':400 'מה':309 'מהעם':819 'מהציבור':434 'מוגבלת':336 'מושב':557 'מושלם':768 'מושלמת':110,882 'מח':418 'מחוץ':350 'מטה':215 'מטעמה':690 'מיוצר':267 'מייצרת':70 'מיליון':403 'מימון':748 'מכוון':269 'מכילה':95 'מכלול':122 'מכסות':753 'ממה':441 'ממוינות':218 'ממשיכה':870 'מנדט':178,230,466,487,528,541,617,637 'מנדטים':201,207,642,685 'מניסיון':304 'מנתק':431 'מסוגל':443 'מסוימות':624 'מסוימים':186 'מספיק':398 'מספר':137,209,221,339,368,392,489,516,554 'מעוגל':214 'מעולם':319 'מפלגה':562,678 'מפלגות':76,82,89,174,276,449,458,524,623,747 'מצביע':777 'מצביעים':305,799 'מקבלות':596 'מקבלים':766 'מקרה':722 'משהו':587 'משטר':63 'משמעות':383 'משמעותיים':72 'משמעותית':480,862 'משנה':570 'משרתים':812 'מתחשב':246 'נועד':133 'נמוך':193 'נניח':507 'סביר':429 'סדר':551,837 'סיבה':388 'סיכוי':101 'סך':695 'סנטימנטלית':384 'עבודה':515 'עבור':116,153,399 'עבורנו':805 'עד':111,225,234 'עדיין':335,346,456,476,599 'עובד':315 'עוד':229,387,867 'עופר':25C,274,325 'עיוות':268 'עיוותים':71 'על':120,146,322,337,365,377,405,415,694,803 'עם':259,379,401,452,779,784,839,851 'עמוד':44 'עצמאי':817 'עצמה':91 'עצמן':349 'פה':793 'פוגע':410 'פוגעניים':152 'פועלים':815 'פותרת':285 'פי':406,644 'פיסית':444 'פיקטיביים':279 'פעם':774 'פשוטה':203 'צוות':750 'ציבורית':40 'צריך':437 'צריכים':420 'קבוצה':834 'קול':666,725 'קולות':210,212,301,461,482,535,621,631,682,698,718 'קטנות':175,345,614 'קיבלה':679 'קיבלו':526,530,625 'קיצוני':197 'קשות':86 'קשר':360,378 'ראש':699,713 'ראשונית':208 'רבות':659 'רבים':306 'רווחת':158 'רוטציה':30C,447 'רוטשטיין':2B 'רמת':53 'רצוי':371 'רק':243,248,519,577,734,763,801 'רשויות':4B 'רשום':356 'רשימת':700 'שאליתות':760 'שארית':704 'שבאמת':798 'שבמושב':508 'שבצורה':764 'שגיאה':656 'שגיאות':604 'שההבדל':649 'שהוא':442,789 'שהמפלגה':634 'שהמקום':244 'שווה':618 'שזה':426 'שח':775,810 'שחסרים':223 'שיותר':296 'שיטת':10A,22C,66 'שיכולות':176 'שישרת':496 'שכל':561,773 'של':41,50,61,81,88,293,311,412,448,481,510,553,672,706,746,749,754,769,781,854 'שלא':94,463,525 'שלה':261 'שלהם':835 'שלו':786 'שמדובר':611 'שמייתר':873 'שמעו':321 'שמפלגות':343 'שמצביע':792 'שני':149,641 'שנעשות':606 'שעות':514,548 'שפוגע':85 'שקולה':166 'שקיבלה':674 'שקיבלו':505 'תהיה':860 'תוך':78 'תוצאות':736 'תושבים':404 'תיכנסו':883 'תיקון':9A,271 'תלויים':826 'תממש':563 'תנאים':57 'תקבל':636,640 'תקרה':865 'תת':833 'תת-קבוצה':832",,,,124,2024-08-08 02:16:03.486503,f
101,77,,0,,2,2,,0,200,2024-08-09 13:37:57.065692,,"","'-13':84 '-3':49,61 '10':99 'אביב':318 'אבל':386 'אדריכל':264 'אדריכלות':23C,455 'אדריכלי':417 'אדריכלית':13A 'או':181,297,329 'אוצרות':299 'אור':436 'אורכת':47,72 'אותו':360 'אזולאי':2B 'אזרחי':251 'אחד':216 'אחידות':118 'איכלוס':71 'אנוש':343,461 'אנחנו':382 'אנשים':161 'אסתטי':256,418 'אסתטית':24C 'אפור':283 'אפשר':273 'אקולוגיים':30C 'אקולוגית':428 'ארכיטקטוניים':210 'ארכיטקטונית':132 'אשר':18C 'את':198,287 'באדריכלות':472 'באופן':135,388 'באירופה':54,67,114 'בבטון':282 'בבנייה':285,487 'בגובהם':220 'בגימור':414 'בגינון':440 'בונים':387 'בחזיתות':120 'בחיפוש':200 'ביחד':385 'בין':228 'בירוקרטיים':397 'בישראל':46,80,147,188,275 'בכיעורם':281 'במאה':111 'במובן':344 'בממוצע':86 'במעטפת':462 'במקום':183 'במרחב':32C,422 'בנייה':21C,40C,45,79,309,412,427,480 'בניינים':217 'בניית':162 'בעיצוב':416 'בערי':257 'בערים':334 'בפונקציונאליות':165 'בפועל':63 'בפן':102 'בצורתם':219 'ברחבי':104,332 'ברמה':15A,25C,456,473 'בשל':150 'בתוך':244 'בתוכה':350 'גבוה':415 'גבוהה':16A,26C,310,457,474 'גורדי':303,356 'גלי':151 'גם':58,68,87,189 'דלות':170 'דרישה':125 'דרש':117 'האבן':322 'האדם':348 'האדריכלים':229 'האם':364,381 'האסתטי':103 'האפורים':358 'הארץ':333 'הביניים':206 'הבירוקרטיים':485 'הבנייה':56,110,336 'הבניין':463 'הבניינים':123,279 'הגדולים':153 'ההגירה':152 'ההליכים':484 'הוא':59,352 'הוצאת':43,69 'החולפת':112 'החומר':171 'החוק':394 'החירום':155 'הטבע':138 'היטב':421 'הייתה':128 'הים':291 'הירושלמית':323 'הישראליות':259 'הישראלית':337 'היתר':44 'היתרי':39C,411,479 'היתרים':399 'הכאוס':245 'הכל':374 'הכרוכים':486 'הלא':247 'הלבנה':319 'הליכים':396 'המגורים':163 'המודרניזם':191 'המודרנית':338 'המוניציפאלית':7B 'המוסלמית':327 'המקושט':195 'המקפידה':458 'המקרקעין':5B 'המראה':288 'המרחב':186,270 'המשלב':445 'המשתלב':420 'המשתלבים':31C 'הנדסת':460 'העדיפויות':408 'העולם':105 'העיצובי':246 'העיר':265 'העירוני':271 'הציבורי':187,423,426 'הצעות':8B 'הצעת':393 'הקלאסי':194 'הקלאסית':115 'הר':142 'הרומאית':330 'הרשות':6B 'השונות':335 'השונים':231 'השחקים':357 'השינה':258 'התאמת':233,236 'התאפיינה':164 'התהליך':77 'התושב':241 'התחדשות':90 'התכופים':156 'התמריצים':465 'ואינה':340 'ואקולוגית':14A 'ובדידות':363 'ובטבע':33C 'ובמינימום':450 'ובסגנונם':221 'ובקשר':121 'ובתוכו':464 'והאוויר':289 'והמעוטר':196 'והקבלנים':230 'וזולה':204 'ויותר':101 'וישקיעו':471 'וכד':441 'וכמה':355 'ומבנים':324 'ומגורים':447 'ומי':249 'ומיוחד':419 'ומצבי':154 'ומציעה':312 'ומרהיבות':131 'ופונקציונלי':376 'וצפופה':311 'וקיצור':482 'וראייה':174 'ותורם':424 'ותיעדוף':454 'זאת':149 'זהים':280 'זורם':136 'זירוז':409 'זמן':73,97 'זקוקים':253 'חולמים':383 'חוסר':226,261 'חוק':3B 'חזון':262 'חזותי':255 'חיפזון':169 'חלקו':199 'חנייה':315,453 'חש':353 'חשיבה':166,239 'טבע':295,300 'טבעי':437 'טופס':70 'יהיו':475 'יותר':42C 'יזמים':17C 'יחסכו':469 'יכול':81 'יכולים':94 'ים':141 'יסוד':4B 'יערות':146 'יפיפיות':130 'יציעו':19C 'יצירת':208 'יקבלו':35C 'ירוקה':429 'ירוקות':307,434 'ירושלים':320 'ישנים':93 'ישראל':252 'כ':48,60 'כגון':140 'כי':108 'כיצד':346 'ככלל':266 'כל':76,269,278,483 'כלל':185 'כלליות':9B 'כמה':351 'כמו':113,212,369 'כמונו':250 'כסף':470 'כשבראש':406 'כשברחוב':215 'ל':83 'לאומי':405 'לבד':392 'לבנייה':12A,400,413 'לבתים':92 'להבדיל':192 'להבחין':107 'להגיע':82,95 'להנדסת':342 'להרבה':160 'להרגיש':391 'להשתלב':134 'להתגורר':243 'לחוקה':10B 'לחיות':368 'לחילופין':272 'לטובת':301 'לטווח':167 'ללא':232,235,238,377,448 'למעט':316 'למעמד':205 'למרחב':425 'למרקם':443 'למשל':116,292 'לנו':390 'לסביבה':124 'לעד':367 'לעומת':148 'לפרקי':96 'לקבלנים':467 'לקבלת':398 'לראות':214,274 'לשטחים':178 'לשקט':254 'לתחושת':361 'מאוצרות':294 'מאסתטיקה':380 'מבחינת':267 'מגמדים':359 'מהגרים':370 'מהווים':222 'מהזמן':53,66 'מהירים':41C,159,481 'מהעידן':193 'מהר':375 'מהתקופה':326 'מזוודות':372 'מיחזור':438 'מיכל':1B 'מים':144,439 'מכחידה':298,305 'מסחר':446 'מעודדת':308 'מעט':313 'מצומצמים':179 'מצומצמת':175 'מרגיע':248 'מרגיש':347 'משך':55 'משמימה':339 'מתייחסת':341 'מתן':28C 'נזירית':203 'נחל':145 'נחת':378 'ניגזר':365 'ניכור':362 'ניכר':260 'ניתן':106 'נמוך':173 'סביבתיים':211 'סגנון':234 'סדר':403,407 'סולאריים':431 'סטנדרט':109 'סך':75 'עדיפויות':404 'עוד':302 'עותומאנית':328 'עידן':190 'עיצובית':202 'עיר':182 'עירונית':91 'על':240,371,384,401,459 'עלינו':366 'עם':22C,137,321 'עצמו':57 'ערב':223 'עתיקים':325 'פאנלים':430 'פונקציוניונליות':201 'פונקציונלי':284 'פי':51,64,402 'פיגועים':209 'פקקים':451 'פרויקטים':88 'פתחי':435 'פתרונות':29C,158,314,442,452 'צבעים':237 'צפיפות':449 'קבלת':38C,410,478 'קהילה':354 'קהילתי':444 'קיצור':395 'קצר':168 'ראיית':184 'רב':74,224 'רוח':379 'רחובת':276 'ריאות':306,433 'שאפשר':213 'שבהם':277 'שבין':122 'שבסביבתה':296 'שדרשו':157 'שהקפידו':133 'שהתוצאה':126 'שונים':218 'שחוסמת':286 'שחי':349 'שחקים':304 'שיגרום':389 'שילוב':432 'שינתנו':466 'שכונה':180 'שכונות':129 'של':37C,78,89,98,176,225,263,290,345,477 'שלא':468 'שלה':127 'שמסביב':34C 'שמתעלמת':293 'שניים':52,65 'שנים':50,62,85,100 'שסביבן':139 'שעושים':373 'שפזורים':331 'שצריך':242 'תוך':27C,207 'תוכניות':20C 'תיאום':227 'תיכנון':177 'תיקצוב':172 'תל':317 'תמריץ':36C 'תמריצים':11A,476 'תעלת':143 'תפיסת':268 'תקנית':119 'תרם':197",,,,125,2024-08-09 13:40:53.308413,f
102,101,,0,,1,0,,0,100,2024-08-09 15:37:29.625975,,"","'או':54,71,115,215 'אורנה':1B 'אותה':113 'אזרחי':47 'אחד':17C 'אחר':218 'אחרת':25C 'אימו':189 'אין':23C 'אינם':72 'אם':141,187 'אפשרות':24C 'את':74,78,154,199,212 'באתרי':49 'בדרך':81 'בין':56,84 'בכך':179 'בכל':159,163 'במחשבי':182 'במקום':206 'במשך':128 'בן':102,111,216 'בן-בת':101,110 'בסעיף':208 'בקפריסין':124 'בשום':67 'בת':103,112 'גם':98,125,186 'דיור':169 'דת':5B,11A,21C,31C,38C,59,68,77,114,203,210 'דת-לאום':209 'האזרחים':94 'הדת':221 'הדתות':55 'ההצעה':174 'הוא':131,144,146 'הזכויות':4B 'הזמן':150 'החופש':79 'החיים':161 'היא':175 'היחס':165 'המדינה':89,183 'המשפחה':97 'הפנים':43C,51,197 'הפרטיות':92 'הצעות':7B 'הרבה':90 'הרישום':200 'השאר':57,85 'ו':53,70 'ו-או':52,69 'וחופש':12A 'וחלילה':143 'וכו':173 'ולבטל':198 'ולנסוע':122 'ולרשום':205 'זאת':207 'זה':62,157,192 'זכויותיו':155 'זכותו':135 'חופש':10A 'חופשית':82 'חינוך':170 'חס':142 'חײו':130 'י':88 'יהודיה':190 'יהיה':193 'יכול':106 'ילדיו':167 'ישראל':19C,48 'כאלמן':156 'כבן':20C,37C,202 'כבני':58 'כדי':151 'כחופשי':184 'כיום':14C,44 'כישראלי':214 'כל':16C,46,129,149 'כלכלי':172 'כללי':41C 'כלליות':8B 'כנגד':35C 'כסף':120 'לאום':211,217 'לאחר':126 'לאפשר':176 'לביא':2B 'לגייס':117 'לגשת':195 'לדת':104 'להיאבק':133 'להיות':33C,180 'להיחשב':136 'להילחם':148 'להתחתן':107,123 'לחוקה':9B 'לחיות':80 'לכל':138 'ללא':219 'למי':177 'למשל':95,140,188 'למשרד':196 'לעצמו':118 'לפי':40C 'לצורך':191 'לקבל':152 'לשום':76 'מאזרחי':18C 'מאלו':64 'מאמינים':66 'מגילת':3B 'מדינה':6B 'מדת':13A,83,185 'מהמדינה':153,168 'מזדהה':28C 'מי':26C,99 'מכן':127 'ממרכיבי':91 'מסויימת':105 'מסוימת':22C,39C,60,204 'משייכים':73 'משרד':42C,50 'מתאלמן':145 'מתבטא':158 'נאלץ':32C 'נוהל':61 'נכבד':121 'נשוי':137 'נשלטים':86 'סיוע':162,171 'סכום':119 'ע':87 'על':134 'עליו':194 'עם':29C,109 'עניין':139 'ענייני':96 'עצמו':213 'עצמם':75 'צוין':220 'צריך':132,147 'רצונו':36C 'רק':108 'רשום':15C,34C,181 'רשומים':45 'שאינם':65 'שאיננו':27C,100 'שבוחר':178 'שולל':63 'שום':30C 'של':93 'שלו':201 'שמקבלים':166 'שעליו':116 'תחום':164 'תחומי':160",,,,126,2024-08-09 15:40:42.5366,f
103,113,,0,,0,0,,0,1,2024-08-10 19:14:05.221429,,"","'אורנה':1B 'אזורים':48 'בינלאומיות':59 'במזון':7A,30 'בריאות':53 'ברלב':2B 'גוף':10A,33 'האקלים':26C,46 'הגנה':51 'הפרת':57 'הציבור':54 'והמזון':55 'וחוק':25C 'ומניעת':56 'ונוזלי':9A,32 'ושיקום':47 'ותקנות':42 'זיהום':50 'חומרים':5A,20C,28,40 'חוק':19C,39,45 'חקיקה':3A 'טוקסונומיה':23C,43 'ישראלית':24C,44 'כבסיס':11A,17C,34 'להפעלת':18C,38 'למודל':35 'לניהול':12A 'לניטור':4A 'מודל':14C 'מוכי':49 'מסוכנים':6A,21C,29,41 'ניהול':15C,36 'ניטור':27 'סביבה':8A,31 'סיכונים':13A,16C,37 'על':52 'תקנות':22C,58",,,,127,,f
104,101,,0,,1,0,,0,100,2024-08-20 14:55:28.358811,,"","'אבל':41C,164 'או':156,158 'אורנה':1B 'אותו':149 'אזרח':35C 'אחד':49C,58C 'אחת':123 'אין':64 'איפשור':26A 'אישית':99 'אלא':125 'אסור':128 'את':38C,84,93,131 'באופן':30A,89,97,182 'בגלל':69 'בין':57C,66 'בכל':151 'בלי':54C,153 'בני':162 'בסיבות':180 'בעצמו':40C 'בקבלת':170 'בשום':134 'גם':103,112 'דבר':135 'דרכים':78 'האלו':181 'הבעיות':124 'ההורים':146 'ההזדקקות':62C 'הוא':43C 'הזכויות':17B 'הזקוקים':52C 'החקיקה':23B 'המדינה':12B,15B,20B 'המשפחה':163 'הנזקקים':67 'הנכים':80 'הסיבה':70,137,176 'הסיוע':96,133,139,171 'הצורך':169 'הצעות':6B 'הריפוי':87 'התחשבות':55C 'התקשורת':5B 'וכל':79 'ומשאלי':24B 'ונכה':76 'זה':91 'זקוק':44C 'חוק':3B,9B,21B 'חייו':39C 'ילדים':144 'יסוד':4B,10B,19B,22B 'יש':32C,165 'ישראלי':36C 'כולל':92 'כל':85,94 'כלליות':7B 'ל':75 'לא':117 'לאפשר':33C,104 'לביא':2B 'לגבי':60C 'לדת':155 'להגדלת':168 'להזדקקות':177 'להיווצרות':175 'להפלות':65 'להקים':47C 'להתחשב':179 'להתנות':130 'לחוקה':8B 'לכך':71 'לכל':34C,51C,100 'למגזר':159 'למדינה':129 'למשל':72,109,115,141,172 'לנהל':37C 'לנזקקים':29A 'לסיוע':45C,63C,68 'לעזרה':53C 'לעם':157 'לפעמים':42C,166 'לקבל':82,119 'לקבלת':138 'לשני':59C 'מבדילה':56C 'מבנה':13B 'מגילת':16B 'מהמדינה':28A,83 'מוסד':48C 'מותאם':98 'מקרה':152 'מרובה':107 'מרובת':143 'משפחה':142 'משק':11B 'נזקק':101 'נכה':73,110 'סיבות':108,167 'סיבת':61C 'סיוע':27A,106,120,150 'עוני':173 'על':122,126 'עם':25B 'עצמו':140 'עקרונות':18B 'פרטני':183 'פשע':114 'צה':74 'צריך':46C,102,118,178 'צריכים':81 'צרכי':86 'קבלת':105,132 'קטנה':147 'קרבן':113 'קשר':154 'רק':121 'רשויות':14B 'שאיננו':136 'שאליו':160 'שהוא':111 'שהכנסת':145 'שוד':116 'שווה':90 'שוויוני':31A 'שייכים':161 'שיסייע':50C 'שלהם':88 'שקדם':174 'שתיהן':127 'תאונת':77 'תחומי':95 'תקבל':148",,,,128,2024-08-20 14:55:35.873022,f
105,119,,0,,2,0,,0,200,2024-08-20 18:38:50.525606,,"","'keidar':2B 'vardit':1B 'אדם':25 'או':56 'אחד':26,103 'אישית':49 'אני':14,84 'אנשי':54 'אנשים':31 'אפשר':79 'אקולוגיות':46 'את':86,92 'באינסוף':20 'בזמן':120 'בין':64,130 'בכל':11C,107 'בכמה':82 'במירקם':102 'בסוגיות':125 'גדול':104 'גרר':91 'האנושות':93 'הארץ':13C,109 'הגבולות':37 'הווה':113 'הייטק':55 'הכסף':88,90 'העלמות':87 'העצמה':48 'הצעה':6C 'הקהילות':42,65,110 'התודעה':97 'וזיקה':68 'וידונו':124 'ויחליפו':122 'ויתהווה':128 'וכדי':38 'וכוללות':47 'ולא':32 'ועד':27 'וערוצים':69 'ועתיד':114 'ותחומים':77 'חבר':81 'חוק':3A 'חמור':131 'חקלאים':59 'חשמלית':133 'יהיו':18,43 'יותר':33 'יטשטשו':36 'יפגשו':118 'ישלבו':111 'ישראל':17 'יתקיימו':66 'כדי':34 'כי':89 'כל':60 'כמובן':71 'לא':44 'להיות':80 'להתכנס':63 'לכולם':127 'למכונית':132 'למשל':50 'לקיום':7C 'לתהומות':94 'לתחזוקה':41 'מאות':30 'מגוונות':10C 'מוגדר':121 'מידע':123 'מכל':116 'מסחריות':45 'מעורבות':74 'מציעה':15 'מקהילה':23 'מקצועות':76 'משותפות':126 'נציגים':115 'עבר':112 'פעם':119 'פתוחים':70 'צופה':85 'קהילה':51,57,61,117 'קהילות':4A,8C,19,28,73,83,106 'קל':40 'קשרים':67 'רבגוניות':22 'רחבי':12C 'ריבוניות':5A,9C 'רק':53 'שאפשרי':72 'שבאדמת':16 'שונים':78 'שחיתות':96 'שטח':108 'שיהיה':39 'של':21,24,29,52,58,75,95,100,105 'שלא':35 'שעטנז':129 'שפע':101 'שתחליט':62 'תהיה':98 'תודעה':99",,,,129,2024-08-20 18:39:34.7819,f
106,55,,0,,1,1,,0,100,2024-09-03 05:33:04.916376,,"","'1':99,161,199,234 '2':128,180,211,258 '3':282 'אדם':2B 'או':51C,241,247,274 'אוטומטית':236,254 'אזרחיה':112 'אזרחים':252 'אחראי':245 'אחראיות':52C 'אחראים':135 'אחריות':19A,54,231,283,288,334,348 'אחריותיות':159 'אחרים':127 'אינה':308 'אישית':49C,232,349 'אלא':312 'אלימות':124 'אם':270 'אמון':212,224 'אמצעים':299 'אנשים':122,157 'אשם':272 'את':27C,40C,191,223,227,267,319,339,355 'אתי':198 'אתיים':219 'אתית':210 'באופן':171 'באחריות':193 'באמינות':205 'בבעיות':174 'בה':87 'בוחריהם':169 'בטיחות':41C 'בטיחותם':177,320 'ביושרה':204 'בכבוד':93 'בלבד':133 'במוסדות':229 'במקרים':285 'בסיסית':55 'בעתיד':304 'בראש':316 'בריאות':148 'גבוהים':220 'גישה':144 'דוגמה':208 'דומים':303 'האזרחים':90,325 'האחריות':28C,103,269 'הבטחה':313 'הבטחת':143 'הביטחון':228 'הבסיסית':29C 'הגנה':100 'הזכויות':84 'החוק':281 'החוקה':71 'החקיקה':7B 'היא':44C,108 'הישות':297 'הישנות':301 'הכללית':138,155 'הכללת':346 'הכנסת':12B 'המדינה':15B,76 'המוניציפאלית':4B 'המחייבים':47C 'הממשלה':18B 'הממשלתי':276 'הממשלתיים':230 'המעוגנות':86 'המשמשת':72 'המשפיעות':175 'העדיפויות':318 'העליון':74 'העליונה':104 'הערכים':340 'הפוליטיקאי':273 'הפקיד':275 'הציבור':43C,98,140,213,225 'הציבורי':358 'הצעה':24C 'הרווחה':137 'הרף':332 'הרשות':3B 'השירות':357 'התורמות':153 'התחייבו':343 'התנהלותם':195 'התפטרות':235 'התפקיד':307 'ואחריותיות':56 'ואיומים':126 'ואיכות':178 'ואמצעים':117 'ובהגינות':206 'וביטול':237 'וביצועיהם':196 'והגנה':120 'והחירויות':85 'והחלטות':183 'והעמדה':260 'והעקרונות':341 'והערכה':94 'ויינקטו':298 'ולאפשר':188 'ולדאגות':167 'ולהבטיח':39C,88,336 'ולפעול':170 'ולשמור':82 'ולשמש':207 'ומחזקים':226 'וממשלות':59 'ומערכות':150 'ומשאלי':8B 'ונושאי':33C 'ופקידים':66,327 'וקהילות':158 'וקולקטיבית':50C,233,350 'ורווחת':42C,97 'ורווחתם':322 'ושקיפות':160 'ותפקידו':256 'ותשמר':354 'זה':113,141 'זו':25C,78,335 'זוכים':91 'זכויות':37C,63 'זכויותיהם':321 'חברתית':152 'חובה':60,77 'חוק':5B,10B,13B,16B 'חוקתיות':38C,64 'חוקתית':20A 'חיוניים':146 'חיי':111 'חייבים':164,329 'חייהם':179 'חיים':102 'חינוך':149 'חקירה':259,263 'טקסית':311 'יבוטל':257 'ידי':215 'יוטלו':293 'יועמד':277 'יושרה':200 'יושרת':356 'יימצא':271 'יישום':115 'יסוד':6B,11B,14B,17B 'יש':287 'ישות':291 'יתפטר':253 'כדי':265 'כולל':114,142 'כוללת':79 'כחוק':73 'כל':106,239,324 'כמו':147 'לאזרחים':189 'לאחריות':48C 'לבטיחות':96 'לדין':261,278 'להגיב':165 'להגן':81 'להגנה':132 'להחזיק':190 'להיות':186 'להעמיד':315 'להתנהגות':209 'להתנהל':203 'לטיפול':173 'ליחס':92 'ללא':331 'למותם':250 'למלא':333 'למניעת':118,300 'לפעולות':246 'לצרכים':166 'לקבוע':266 'לקידום':136 'לרווחה':154 'לשאוף':330 'לשירותים':145 'לשמור':35C,61,69,109,344 'מבטיחה':351 'מדיניות':116 'מחדלים':248 'מחווה':310 'מחויבות':80,95 'מידת':268 'מיניסטריאלית':53C 'ממשל':197 'ממשלה':107 'ממשלתי':243 'ממשלתיות':184 'ממשלתיים':67,328 'ממשלתית':292 'מנהיגיהם':192 'מעבר':131 'מפוליטיקאים':202 'מפני':123 'מפרטת':26C 'מצופה':201 'מציגה':45C 'מקרים':302 'משמרים':222 'משקפים':338 'משרה':34C 'מתאימות':295 'מתפקידו':255 'נבחרי':22A,31C 'נשבעים':68 'סדר':317 'סטנדרטים':218 'סיכום':305 'סנקציות':294 'סעיפי':347 'סעיפים':46C 'על':36C,62,70,83,101,110,121,176,194,214,217,279,296 'עליהם':345 'עם':9B 'עצמאית':264 'פגיעה':119 'פוליטיקאי':240 'פוליטיקאים':58,65,134,163,221,326 'פי':280 'פעולות':182 'פעיל':172 'פקיד':242 'פרי':1B 'פשע':125 'ציבור':23A,32C 'צריכות':185 'קולקטיבית':284,289 'קידום':129 'רווחה':130 'רצינית':314 'רק':309 'שבהם':286 'שבועת':306 'שהאחריות':352 'שהובילו':249 'שהם':342 'שכל':89 'של':21A,30C,57,75,105,139,156,168,251,290,323 'שמירה':216 'שמעשיהם':337 'שנמצא':244 'שקופות':187 'שקיפות':181 'תגובה':162 'תיאכף':353 'תמיכה':151 'תפקיד':238 'תתבצע':262",,,,130,2024-09-03 12:15:07.936315,f
107,120,,0,,1,0,,0,100,2024-09-03 18:40:13.481248,,"","'1':40,117 '2':68,124 '3':104,132 '4':155 '5':193 'א':73,107,158 'אהוד':1B 'או':206 'אזרח':75,160 'אזרחי':26C,54,201 'אכיפת':156 'אמצעים':184 'אשר':81,94 'את':20C,48,186 'ב':88,140,177 'באמצעים':110 'בהתאם':99 'בו':169 'בית':178 'במדינה':32C,60 'במטרה':150 'במקרה':168 'במשק':102 'בעיות':30C,58 'בעלות':129 'בר':13A,23C,51,71,79,90,114,175,190 'בשוק':138 'בתנאים':86 'גופים':147 'דיור':12A,89,122,153 'האדם':37C,65 'האוכלוסייה':98 'הדיור':31C,59,113 'הוא':170 'הולמים':87 'הזכות':21C,49,69,188 'החוק':42,157 'היצע':112 'הכלכלי':208 'הכנסה':130 'המדינה':106,108,141 'המוניציפאלית':6B 'המוסמך':167 'הממוצעות':101 'המקרקעין':4B 'המשפט':166,179 'הפרטי':139 'הצעות':7B 'הרשות':5B 'השגה':14A,24C,52,72,80,91,115,176,191 'השכירות':136 'והדיור':137 'והקצאת':119 'ולהתמודד':28C,56 'ולמשפחתו':84 'ועמותות':149 'ורווחתו':38C,66 'זה':17C,45,197 'זכאי':77,162 'זכותו':173 'חובת':105 'חוק':2B,10A,15C,43,195 'יאפשר':82 'יהיה':161,180 'יוגדר':92 'יחול':198 'יסוד':3B,11A,16C,44,196 'ישראל':27C,55,202 'ישראלי':76 'כבוד':36C,64 'כדיור':93 'כל':74,159,200 'כלכלי':127 'כלליות':8B 'לאוכלוסיות':128 'לבית':165 'לבניית':121 'לגור':85 'לדיור':22C,50,70,78,174,189 'להבטיח':19C,47 'להגדלת':111 'להגיש':163 'להורות':182 'להכנסות':100 'להפרת':172 'לו':83 'לחוקה':9B 'לכלל':25C,53 'ללא':203 'למעמדם':205 'לקדם':151 'לרבות':116 'לרוב':97 'מחירו':95 'מחירי':135 'מטרת':41 'מימוש':187 'מצבם':207 'מקומיות':146 'מתן':125 'נגיש':96 'נועד':18C,46 'נחשף':171 'נמוכה':131 'סיוע':126 'סעיף':39,67,103,154,192 'על':35C,63,134,183,199 'עם':29C,57,144 'פיקוח':133 'פעולה':143 'פתרונות':152 'ציבורי':123 'ציבוריים':148 'קרקעות':120 'קשר':204 'רשאי':181 'רשויות':145 'שיבטיחו':185 'שמירה':34C,62 'תביעה':164 'תוך':33C,61 'תחולה':194 'תכנון':118 'תנקוט':109 'תשתף':142",,,,131,2024-09-03 18:40:21.983316,f
108,125,,0,,1,0,,0,100,2024-09-03 19:18:55.140684,,"","'pinchas':2B 'talma':1B 'א':43 'אחידה':7A,11C,52,55,70,85,120,129 'אין':126 'אישית':59,98 'אלו':152 'אם':48 'את':73 'בין':63 'במימון':27C 'במלתחה':93 'בנוסף':68 'בעבר':117 'בפן':89 'בקרב':138 'בשנים':32 'בתחום':65 'גם':87,137 'דגש':19C 'דוגמא':58,97 'האחרונות':33 'הבריאות':125 'הגוף':82 'הדגש':74 'הופעה':17C 'החינוך':29C,112 'היא':149 'הייתה':118 'הכלכלי':90 'המורים':95 'הספר':39,105 'הערכה':136 'הצעה':50 'הצעות':3B 'התלבושת':106 'התלמידים':64,100,139 'התרשמותי':31 'והשפעה':101 'ולא':22C,78 'ולמידה':77 'ולתלמידות':14C 'ומורים':36 'ומותגים':67 'ומעוררת':134 'וניקיון':147 'ועל':140 'ותלבושת':148 'ותמנע':91 'חלב':116 'חלק':150 'חסכון':25C 'טיפת':115 'יב':45 'ידי':109,123,141 'יהוו':96 'יהיה':46 'יותר':135 'יצוגיות':133 'כדי':60 'כך':142 'כלכלי':26C 'כלליות':4B 'כמובן':83 'כסף':88 'לאור':30 'לאחיות':114 'לבוש':66 'לבית':104 'לבתי':38 'לגבי':34 'לדוגמא':113 'להגעה':102 'לחוקה':5B 'ללמד':40 'למורות':8A,12C 'למורים':53,56,71 'למנוע':61 'לצורך':16C 'לתלבושת':51 'מגוונת':94 'מורות':35 'מורים':9A,13C 'מכובדת':18C 'מכיתה':42 'מסודרת':103 'מערכים':151 'מקנה':130 'משרד':28C,111,124 'ניראות':24C,80 'נשיג':143 'סדר':146 'ספק':127 'עבור':99 'עד':44 'על':20C,23C,75,79,108,122 'ערכים':21C,76,144 'צורך':92 'ראוי':47 'של':81,132,145 'שמגיעים':37 'שמומנה':121 'שתלבושת':84,128 'תהווה':57 'תהיה':49 'תחושה':131 'תחסוך':86 'תחרות':62 'תלבושת':6A,10C,54,69,119 'תלמידים':15C,41 'תמומן':107 'תקציב':110 'תשים':72",,,,132,2024-09-03 19:19:08.146727,f
109,120,,0,,2,1,,0,200,2024-09-05 18:25:31.229767,,"","'1':15C '18':78 '3':80 '4':124 '5':158 '6':190 '7':206 'א':52,85,127 'אדם':73 'אהוד':1B 'או':222 'אחרים':221 'אישה':56 'אם':53 'אמהות':7A,12C,26C,48,86,112,149 'אפליה':147 'אשר':74,225 'את':31C,37C,43C,66,96,174 'ב':71,100,142 'בדרישה':184 'בהתאם':121 'בזכויות':214 'בינלאומיים':224 'בישראל':29C 'בכל':152 'במדינת':204 'במטרה':94 'במיסים':118 'בן':61 'בפעולות':103,145 'ג':111 'דיור':155 'האמהות':82,176 'הגדרות':51 'הגורמים':172 'הוראות':164,209 'הוריות':9A,14C,28C,50,84,88,110,114,136,151,178,218 'הורית':55 'החד':177 'החוק':17C,162 'הכלכלי':123 'המדינה':101,126,128,143 'המוקנות':215 'המיועדים':133 'המפרים':173 'המשפט':183 'הנדרשת':39C 'הנפשיים':69 'הסכמים':223 'הפיזיים':68 'הפרת':161,163 'הצעות':2B 'השלטון':203 'התמיכה':38C 'ואזרחיות':170 'ובריאות':157 'ובתשלומים':119 'והחברתיים':70 'והכשרה':106 'והן':179 'ויחול':199 'ולספק':35C 'ולקצבאות':92 'ומספקת':64 'ופעילויות':140 'ורווחת':33C,98 'ושירותים':132 'זה':20C,166,189,194,211 'זוג':62 'זכאיות':89,116 'זכויות':81,175 'זכויותיהן':24C,44C,186 'חברתיות':141 'חד':8A,13C,27C,49,54,83,87,109,113,135,150,217 'חובת':125 'חוק':5A,10C,18C,46,165,188,192,210 'חוקים':220 'חינוך':156 'חינוכיות':139 'יהיו':115 'ייכנס':195 'ילד':72 'ילדיה':59 'ילדיהן':34C,99 'יסוד':6A,11C,19C,47,193 'יפגעו':213 'ישראל':205,227 'כאמהות':45C 'כולל':137 'כל':201 'כלליות':3B 'כלפי':148 'לא':75,212 'לאכיפת':185 'לאמהות':108,134,216 'לבית':182 'לגידול':58 'להבטיח':30C,95 'להגן':22C 'להם':65,229 'להן':36C 'להנחות':117 'לו':77 'לחוקה':4B 'ללא':60 'לממש':42C 'למניעת':146 'למצבם':122 'לפנות':181 'לפתח':130 'לקידום':104 'לשירותים':90 'לתוקף':196 'מדינת':226 'מהמדינה':93 'מוסדות':202 'מטרת':16C 'מיום':197 'מכוח':187,219 'מלאו':76 'מנהליות':169 'מנת':41C 'מסגרות':138 'מקצועית':107 'נועד':21C 'סוציאליים':91 'סנקציות':159,168 'סעיף':207 'עירוניים':120 'על':23C,40C,160,171,200 'פרסומו':198 'צד':228 'צורכיהם':67 'קבוע':63 'רווחתן':32C,97 'שאחראית':57 'שימור':208 'של':25C 'שנים':79 'תגרור':167 'תוכלנה':180 'תוכניות':131 'תחולה':191 'תחום':153 'תנקוט':102,144 'תעסוקה':105,154 'תתחייב':129",,,,133,2024-09-05 18:26:19.564101,f
110,113,,0,,1,0,,0,100,2024-09-10 18:35:32.873361,,"","'אורנה':1B 'את':20,21 'בכבוד':14 'בנוסף':28 'ברלב':2B 'המחיה':32 'הנזקקים':5C 'הנכות':23 'הנכים':9 'הצמדת':3C 'הצעה':18 'הקצבאות':4C 'ואף':15 'והזיקנה':24 'והסיעוד':25 'והקשישים':10 'חיים':13 'חרפת':16 'יוקר':31 'לא':11 'להצמדה':29 'להצמיד':19 'לממד':30 'לשכר':6C,26 'מאפשרות':12 'מינימום':27 'מינמום':7C 'קצבאות':8,22 'רעב':17",,,,134,2024-09-10 18:35:40.116768,f
111,113,,0,,0,1,,0,1,2024-09-10 18:52:35.756234,,"","'אורנה':1B 'בינלאומיות':26C 'בכי':40 'במזון':62 'בריאות':30C,37 'ברלב':2B 'בתחום':16A,27C,36 'גוף':65 'האמנות':48 'האקלים':18A,29C 'הבינלאומיות':49 'הטבע':6B 'המדינה':11B 'הפעלת':12A,13A,21C 'הציבור':20A,31C,38 'הצעה':42 'הצעות':7B 'הרגולציה':34 'ואכיפה':35 'ובריאות':19A 'והסביבה':32C,39 'וחוקים':15A,23C,45 'ונוזלי':64 'חומרים':60 'חוק':3B,58 'חתומה':51 'יסוד':4B 'יעיל':55 'כגון':56 'כל':47 'כלליות':8B 'להפעלת':43 'לחוקה':9B 'לטובת':52 'מבקר':10B 'מסוכנים':61 'מצב':33 'משאבי':5B 'משבר':17A,28C 'מתקנות':25C 'ניהול':53 'ניטור':59 'סביבה':63 'סיכונים':54 'רע':41 'שישראל':50 'של':46 'שנגזרים':24C 'תקנות':14A,22C,44,57",,,,135,2024-09-10 18:52:41.624231,f
112,113,,0,,1,0,,0,100,2024-09-10 19:22:12.445542,,"","'אורנה':1B 'אני':16 'את':47 'ביטוח':9C,69 'במהלך':13 'במשרד':11C,36,71 'ברלב':2B 'בתי':24 'האוצר':12C,37,72 'הדין':25 'ההון':8C,35,68 'החוק':62 'החסכונות':42 'הידוק':3C,63 'המערכת':60 'המשטרה':51 'הפיקוח':64 'הפנסיה':45,48 'הפנסיוניים':43 'הציבור':50 'הצעת':61 'וחיסכון':10C,70 'ומתעלמת':56 'וסיכומים':33 'ורגולציה':5C,65 'זכויות':20 'כדין':23 'כלכלית':55 'לא':38 'ללא':31 'למיצוי':19 'לעבודה':26 'מאבק':18 'מחקירת':53 'מנהלת':17 'מעבירות':57 'מעקב':32 'מפקחת':39 'מתחמקת':52 'ניהול':41 'נכות':22 'סוגרים':27 'על':40 'עשור':14 'פיקוח':4C 'פליליות':58 'פנסית':21 'פשיעה':54 'פשרות':30 'קרנות':44 'רשות':7C,34,67 'שודדות':46 'של':6C,49,59,66 'שנים':15 'תחת':29 'תיקים':28",,,,136,2024-09-10 19:22:21.766258,f
113,79,,0,,4,2,,0,400,2024-09-15 19:10:03.983095,,"","'/watch?v=12qeunpipum':403 '/wiki/%d7%93%d7%9e%d7%95%d7%a7%d7%a8%d7%98%d7%99%d7%94_%d7%93%d7%99%d7%a0%d7%9e%d7%99%d7%aa':400 '/wiki/%d7%9e%d7%a9%d7%95%d7%91_%d7%a0%d7%96%d7%99%d7%9c':397 'akselrod':2B 'ecowiki.org.il':399 'ecowiki.org.il/wiki/%d7%93%d7%9e%d7%95%d7%a7%d7%a8%d7%98%d7%99%d7%94_%d7%93%d7%99%d7%a0%d7%9e%d7%99%d7%aa':398 'eli':1B 'he.wikipedia.org':396 'he.wikipedia.org/wiki/%d7%9e%d7%a9%d7%95%d7%91_%d7%a0%d7%96%d7%99%d7%9c':395 'www.youtube.com':402 'www.youtube.com/watch?v=12qeunpipum':401 'אד':97 'אד-הוק':96 'או':85,95,110,168,182,226,256,439 'אזרח':411,420,432 'אחר':454 'אחרים':102 'אלה':192 'אלמנטים':71 'אמין':146 'אמינים':177,293 'אמת':32C 'אנשים':316 'אשר':414 'את':87,105,170,211,251,288,380,451,465 'באופן':166 'באמצעות':29C 'בדמוקרטיה':123,376 'בהצעה':438 'בהתבסס':217 'בהתמחות':362 'בזמן':31C 'בחסרונותיהם':353 'ביותר':194,319,374,469 'ביטוי':44,245 'בין':309 'בכל':214,456,458 'במהלך':45 'במסגרת':38 'במערכת':77 'במקום':323 'בנושא':91 'בנושאים':321 'בנציגים':140,317 'בסופו':331 'בענייני':156 'בעניינים':174 'בעקרונות':34 'בצוות':417 'בצוותי':408 'בקביעת':13A 'ברשימה':448,455 'בתהליכי':135 'בתחום':125 'בתחומים':261 'גבוהות':151 'גישה':337 'גמישות':158,161,185,358 'דבר':333 'דוגמא':404 'דינאמית':37,116 'דינמי':200,360 'דינמית':206 'דמוקרטיה':11A,20C,35,73,347,406 'דמוקרטית':69 'האזרחים':79,159,208,241,286 'האידיאולוגיים':311 'הבאת':242 'הגבוה':468 'הדיונים':46 'הדינאמית':66 'הדמוקרטי':382,384 'הדמוקרטיה':64,129,246,295,334 'ההאצלה':452 'ההאצלות':467 'ההבנה':394 'ההחלטות':137 'ההצבעה':89,107,305 'ההשפעה':172,203,253,290 'הופעת':228 'הוק':98 'החדשים':230 'החלטות':267,340 'החשוב':373 'היא':67,354 'היתרונות':120,345 'הכינון':16A,53,409,430 'הכפפה':324 'הלאה':109 'המודל':381 'המועבר':306 'המשלבת':70 'המשתנות':239 'המשתנים':237 'המתאימים':318 'המתפתחות':220 'הנוזלית':65,124,130,247,296,335 'הסבר':63 'העברת':201 'העדפותיהם':219 'העיר':435 'הערה':422,436 'הפחתת':281 'הפערים':310 'הפרוקסי':212 'הציבור':196 'הצעה':9A,413,434 'הצעות':3B 'הקיטוב':300 'הרחבה':59 'הריבון':28C 'הרכב':14A 'השילוב':54 'השימוש':40 'השנים':462 'השפעה':118 'השתתפות':127,356 'התהליך':39 'התמחויות':243 'התמחות':180,259,273 'התנגד':441 'התערבות':154 'ואולי':363,372 'ואיוש':17A 'וגם':141 'ודמוקרטיה':75,349 'והשתתפות':155 'והתאמה':60 'ויכולים':162 'ויעילה':371 'ויעילות':280 'וכך':112 'וכן':48,418 'ולדעות':238 'ולתקופה':93 'ומיומנויות':274 'ומעבר':385 'ועידוד':301 'ועשוי':275 'זה':147,231,263 'זו':78,186 'זמן':215 'חדש':222 'חוק':6B 'חוקה':8B 'חלק':51,386 'טיפול':352 'יאפשר':378 'ידי':143,191,271,284,313,343 'ידע':272 'יותר':152,225,278,369,387 'יחסית':25C 'ייצוג':199,359 'יישאר':234 'יכול':41,55,307 'יכולה':204 'יכולים':80,209,443 'יכולת':285 'יכנסו':426 'יצוגית':76,389 'ישיר':167 'ישירה':74,348,391 'ישירות':82,134 'ישתתפו':461 'יתקבלו':189 'כוח':88,106,171,202,252,289,304 'כוללת':370 'כינון':7B 'כל':410,419,431 'כלומר':207 'כלליות':4B 'כנ':424 'כעת':416 'ל':425 'לא':111 'לאדם':453 'לאור':227 'לאזרחים':132,249 'לאחד':446 'לאנשים':101,176,255 'לארגונים':257 'לבוא':42 'לדמוקרטיה':390 'לדעותיהם':320 'להאציל':444 'להוביל':149,276 'להיות':56,205,268 'להעביר':86,104,169,250,287 'להעמקת':393 'להערה':442 'להפחתת':299 'להצביע':81,163 'להצעה':423 'להשתתף':133 'לחבר':308 'לחוקה':5B 'לידי':43,244 'ליצור':114 'ללא':138 'למידה':368 'למימוש':405 'לנציגים':292 'לעניין':99,197 'לפי':61 'לפעמים':329 'לצוות':429 'לצרכים':236 'לקבלת':339 'לקווים':326 'לקרב':379 'לרמות':150 'לרעיון':383 'לרשימת':427 'לשילוב':10A 'לשם':49 'לשנות':210,450 'לתהליך':265 'לתוצאות':277 'מאפשר':264 'מאפשרת':22C,131,248 'מבחינת':195 'מבחינתם':178,294 'מבטיח':232 'מבטיחה':187,338 'מדויק':24C 'מדורג':57 'מדיניות':157 'מדיניים':327 'מדמוקרטיה':388 'מה':366 'מהמועמדים':447 'מהרשימה':463 'מובלות':269 'מוגברת':128,357 'מועמדים':223,428 'מופחתת':365 'מושכלות':279 'מידע':221 'מינוי':50,144 'מסוים':92,198 'מסוימים':175,262,328 'מסוימת':94,260 'מספר':466 'מעודדת':355 'מערכת':68 'מצוותי':52 'מציעה':297,336 'מקבלים':160 'מקורות':392 'משולבת':119 'משותפים':184 'מתאימים':224 'נאמן':235 'נדונה':415 'נוזלית':36 'נוספים':19A 'נוקשים':330 'נושאים':84,165,229 'נזילה':12A,21C,377,407 'ניתן':113,449 'נציג':145 'נציגים':30C 'נציגית':350 'נתון':216 'ספציפי':100 'ספציפיים':322 'על':83,142,164,190,218,270,283,312,342 'עם':179,258 'עצמם':47 'ערכים':183 'עשוי':148 'פגישת':459 'פוטנציאל':298 'פולריזציה':282,364 'פעולה':303 'צוות':460 'צוותי':15A 'צורך':139 'ציבורי':126 'ציבוריות':341 'קבלת':136,266 'רגע':457 'רלוונטית':181 'רצון':27C 'רשת':115 'שהגיש':412,433 'שההחלטות':188 'שהייצוג':233 'שהעיר':421 'שיכולים':103 'שילוב':344 'שימוש':33,122,361,375 'שיקוף':23C 'שיתוף':302 'של':26C,72,117,121,153,240,315,332,346 'שלהם':90,108,173,213,254,291,325 'שמוביל':367 'שמתאימים':193 'שקיבלו':464 'תוך':58,351 'תוצאות':62 'תמיכה':314 'תמיכתם':445 'תמך':437,440 'תפקידים':18A",,,,137,2024-09-15 19:10:11.139175,f
114,79,,0,,2,0,,0,200,2024-09-26 10:28:12.124818,,https://www.youtube.com/watch?v=LYlmmK0jCtE,"'-3':65 '/4':66 'akselrod':2B 'eli':1B 'אדוורסרית':39 'אזרחים':32C 'אזרחית':148 'אין':89 'אינה':15C 'אינם':84 'אפשרות':118 'אשר':83 'את':56 'באופן':50 'בה':100 'בוידאו':155 'ביקורת':119 'בישראל':14C,35 'בנושא':87 'בנושאים':127 'בעניין':144 'בפועל':91 'בפני':45 'בקיאים':86 'גדול':28C 'דווקא':85 'הדיון':88 'הדרך':52 'ההליכים':57,95 'הזו':53 'הינו':102 'הליך':58 'המדינה':142,146 'המצורף':156 'המשפט':11A,13C 'הסבר':153 'העמדת':117 'הצגות':44 'הצדדים':42,114 'הצעות':3B 'השופט':101 'השפיטה':8B,78 'השפעת':31C 'ובעלת':17C 'ויעילה':25C 'ולהגדיל':110 'ומקנה':68 'וסרבול':94 'ורשויות':141 'זימון':124 'חבר':125 'חברה':140 'חוק':6B 'חוקר':105 'ידי':123 'יוכול':61 'יותר':29C,63 'יחס':133 'יחסי':51 'יישויות':137 'יסוד':7B 'יעילה':16C 'יש':20C,96,131 'ישירה':112 'יתרון':69 'כאשר':143 'כגון':139 'כיגוע':33 'כיום':34 'כלליות':4B 'כמו':129 'כן':130 'ל':81 'להיות':48,150 'לו':73 'לזמן':108 'לחוקה':5B 'לחלוטין':135 'ליתן':132 'לממן':75 'למשל':121 'לעבור':97 'לעדכנה':21C 'לפרט':136 'לצד':71 'לקחת':62 'לשיטה':22C,98 'מ':64 'מאוד':55 'מאיפה':74 'מבוצעת':79 'מהירה':24C 'מובנה':70 'מוגברת':151 'מודרני':109 'מודרנית':23C 'מושבעים':126 'מלחמות':76 'מלכתחילה':152 'ממוצה':60 'מסויימים':128 'מסחרי':59 'מעורבות':111,147 'מעכבת':54 'מעמידים':43 'משפט':38 'משפטיות':77,138 'נהוגה':36 'נוסף':154 'ע':80 'עדכונה':107 'על':92,122 'ענישה':90 'עצמם':115 'ערוב':27C 'פגמים':18C 'פסיבי':49 'ציבורית':120 'צריכה':149 'קונטיננטלית':99 'רבים':19C 'רשויות':145 'שאמור':47 'שבה':41 'שונה':134 'שופט':46,104 'שופט-חוקר':103 'שופטים':82 'שיטה':40 'שיטת':10A,12C,37 'שינוי':9A 'שיש':72 'של':30C,113 'שנים':67 'שקר':93 'תוך':26C,106,116",,,,138,2024-09-26 10:33:21.951222,f
115,79,,0,,1,0,,0,100,2024-09-26 10:44:39.077964,,"","'akselrod':2B 'eli':1B 'אדם':57,67 'או':69,80 'אזרח':33 'אחרים':64 'איזון':58,82 'אינן':21C 'אלא':73 'את':38 'בזכויות':71,88 'בין':60 'בכל':54 'בני':52 'בקיום':93 'בשאיפה':85 'גוף':70 'האדם':53 'האזרחים':50 'האחר':72 'הוגן':59,84 'הוספת':8A 'הוראות':39 'הוראת':76 'הזכויות':4B,12A,18A 'החובות':10A 'החוקה':40 'המגילה':15A 'הצעות':5B 'ו':68,79 'ובכלל':44 'והחובות':19A 'וזכויות':90 'וחוקי':41 'וכלל':51 'ושינוי':13A 'זכויות':20C,47,63 'זכויותיו':61 'זכיות':83 'חובה':94 'חובות':30C 'חוק':77 'יותנו':92 'יכול':89 'יכולות':22C 'יפגע':66 'ישקול':56 'ישראל':43 'יתר':49 'כך':45 'כל':32 'כלליות':6B 'ל':16A 'לא':65 'לבין':62 'להכניס':28C 'להתקיים':23C 'לחוקה':7B 'לישרכאל':35 'לכבד':37,46 'לכן':26C 'למגילה':31C 'למגילת':11A 'לפגיעה':86 'מגילת':3B,17A 'מדינת':34,42 'מוצע':27C 'מחובות':24C 'מחויב':36 'מיניצמאלית':87 'מסויימות':91 'מעשיו':55 'מפורשת':78 'מקבילות':25C 'ע':74 'פ':75 'פרק':9A,29C 'שכנגד':95 'של':48 'שם':14A 'תוך':81",,,,139,2024-09-26 10:44:42.346006,f
116,79,,0,,2,0,,0,200,2024-09-26 10:50:39.095547,,"","'akselrod':2B 'eli':1B 'או':33C 'אינטרס':91 'אנרגיה':30C,121 'אנרגיית':34C 'את':99,102,112 'באופן':42C,106 'בביורוקרטיה':64 'בבנייני':36C 'בגין':117 'ביכולת':93 'במיוחד':59 'בנייני':61 'בעלי':18A 'בשטחם':54C 'בתחום':60 'דבר':47C 'דרך':86 'האינטרס':72 'ההליכים':100 'ההתקנות':118 'הטבע':11B 'הינו':75 'המדינה':15B,23A,41C,94 'המובהק':74 'המוניציפאלית':7B 'המתקן':52C 'הניתן':81 'הסכמתם':50C 'העצם':49C 'הציבורי':73 'הצעות':3B 'הרלוונטי':53C 'הרשות':6B 'התחום':103 'ו':32C 'ואינו':68 'וליעל':98 'ולפתח':101 'ומהירה':88 'ושוק':65 'זה':78,92 'חוק':8B,12B 'חות':48C 'חשיבות':19A 'י':40C 'יבוצעו':38C 'יגיע':119 'ידי':22A 'יישום':90 'יסוד':9B,13B 'יעילה':87 'יעל':67 'יצטרך':109 'יצטרכו':45C 'כגון':26C 'כולנו':105 'כיום':55 'כל':80 'כלל':71,110 'כלליות':4B 'כמעט':70 'כן':83 'לא':44C,66,108 'לאומית':20A 'לאנרגיה':57 'לבזבז':111 'לבצע':46C 'לגבש':85 'לגודל':97 'להפקת':29C 'להתקנת':51C 'לחוקה':5B 'ליבו':114 'ליהנות':95 'לעניין':115 'לקדם':76 'מגורים':37C,62 'מהפקת':120 'מהר':79 'מוצע':24C,84 'מיתרון':96 'מעבר':56 'משאבי':10B 'משק':14B 'מתחדשת':58 'מתקדם':69 'מתקנים':28C 'סולארית':31C 'ע':39C 'עבור':104 'על':21A,82 'עתידית':122 'פרויקטים':17A 'קידום':16A 'רוח':35C 'שהאזרח':107 'שהאזרחים':43C 'שילוב':27C 'של':89 'שפרויקטים':25C 'תגמול':116 'תחום':77 'תקוע':63 'תשומת':113",,,,140,2024-09-26 10:50:43.645571,f
117,79,,0,,2,0,,0,200,2024-09-28 21:45:30.529637,,"","'10':50C 'akselrod':2B 'eli':1B 'אבל':33C 'אזרחי':123 'אנחנו':48C 'אף':104 'ארצית':60 'אשר':66,73 'בדמות':106 'בהשקעת':40C 'בהתאם':91 'ביחד':57C 'במידת':86 'במסגרת':95 'בתחומים':99 'בתי':63 'גאוניים':32C 'דברים':56C 'האזרחים':22A 'הדרך':34C,93 'הטבע':13B 'היא':111 'היצירתיות':119 'הכלל':24A 'המדינה':6B 'המטרה':110 'המיצרפית':120 'הממציא':88 'הפקת':82 'הציבור':69 'הצלחה':87 'הצעות':7B 'הקמת':14A,58 'הרעיונות':46C 'הרשות':102 'הרשת':96 'התבססות':117 'התפתחות':113 'ואנרגיה':42C 'ויישום':20A 'ויפעלו':70 'ומתקני':101 'ועדה':78 'ופיתוח':65 'ופר':90 'וצרוך':39C 'ותושבי':124 'חוק':3B,10B 'חללי':107 'טובים':28C 'טכנולגית':114 'י':77 'יאושרו':74 'יועברו':94 'יועמדו':103 'יסוד':4B,11B 'יעמדו':67 'יצ':89 'יש':26C 'ישראל':125 'כבעלי':80 'כדאי':53C 'כלל':122 'כלליות':8B 'כמעט':49C 'לא':52C 'לאומית':16A 'לאפשר':112 'להשכרה':105 'לחוקה':9B 'לטובת':23A 'ליישום':35C,71 'לכולנו':25C 'לכך':75 'לכן':44C 'לנו':54C 'לפיתוח':17A 'לפעמים':31C 'לקדם':55C 'לרשות':68 'מדי':29C 'מהירה':115 'מיליון':51C 'מכשולים':37C 'מלאכה':64 'מקצועיים':98 'משאבי':12B 'משאבים':41C 'משותפים':109 'משמעותית':85 'משק':5B 'נמוגים':47C 'ע':76 'עבודה':108 'על':92,118 'פוטנציאל':81 'פיתוח':19A 'פעם':30C 'ציבורית':61,79,84 'קורסים':97 'רבים':38C,43C 'רוב':45C 'רעיונות':21A,27C,72 'רצופה':36C 'רשות':15A 'רשת':59 'שונים':100 'שירותי':18A 'של':62,121 'תוך':116 'תועלת':83",,,,141,2024-09-28 21:45:40.251612,f
118,79,,0,,2,1,,0,200,2024-10-06 18:58:04.493713,,"","'1':56 '2':73 '3':82 'akselrod':2B 'eli':1B 'אותן':70 'אישרור':24A 'אנשים':83 'אשר':84 'אשרור':78 'בדיקה':45C 'בהצעות':37C 'בחודש':22A 'בכובד':71 'במערכת':32C 'דיו':43C 'הגבלת':16A,57 'ההצעה':88 'ההצעות':64 'החקיקה':5B 'המערכת':35C 'העלאת':74 'הצעה':75 'הצעות':11B,18A,40C,59 'התופעה':55 'ויגישו':69 'וכו':51C 'ומשאלי':6B 'וניתן':28C 'וקבלת':23A 'ותימוכין':47C 'זאת':30C 'חודשית':60 'חוק':3B,8B 'חוקה':10B 'יותר':66 'יחיד':62 'ייתכן':26C 'ייתכנות':49C 'יכול':20A 'ינקב':86 'יסוד':4B 'יקבלו':65 'כבר':31C 'כי':34C 'כינון':9B 'ככה':63 'כלליות':12B 'כמאשררי':87 'כמות':17A,58 'לא':41C 'לב':68 'להעלות':21A 'להפחתת':54 'לחוקה':13B 'ללא':44C,48C 'למערכת':76 'לראות':29C 'מוקדם':25A,79 'מוקדמת':46C 'מינימאלית':50C 'מניעת':14A 'מפורטות':42C 'מצב':27C 'מציע':52 'ספאם':15A,38C 'עוד':81 'עם':7B 'קיימת':33C 'ראש':72 'רבות':39C 'שיחיד':19A 'של':61,80 'שמם':85 'שנימנגנונים':53 'תדרוש':77 'תוצף':36C 'תשומת':67",,,,144,2024-10-06 18:58:10.283531,f
119,101,,0,,1,0,,0,100,2025-01-13 23:49:30.155387,,"","'1':104 '2':124 'אדם':113 'אורנה':1B 'אזרחים':89 'אחד':65,129 'אחרת':50 'אף':119 'אפליה':123 'אפשרית':43 'בא':35 'בין':112 'ביניהם':73 'בישראל':70 'בכל':67 'בלי':71 'במשרד':95 'דת':10B 'האזרחים':81 'הבדל':72,111 'הם':24C 'המדינה':5B,9B 'הנזקקים':68,82 'הנתמכים':16A 'העבודה':94 'העזרה':105,130 'הפליה':116 'הצעות':12B 'השכולות':79 'התושבים':87 'ואסור':30C 'והמשפחות':78 'וכו':59 'וכל':48 'ופליטים':93 'זה':34,61,96 'זכויות':15A 'זקוק':132 'זקוקים':25C 'חברתי':58 'חולים':45 'חוק':6B,33 'חיים':20C 'חלק':17C 'יהודים':85 'יוקם':62 'יסוד':7B,102 'יצדיק':122 'יש':27C 'ישראל':19C 'כולל':74,80,86,90 'כלכלי':55 'כלליות':13B 'ל':77 'לא':121,126 'לאדם':114 'לביא':2B 'לה':133 'להזדקקות':51 'להם':29C 'להפלותם':31C 'לחוקה':14B 'לכל':37 'ללא':110,115 'לנזקק':107 'לסייע':36 'לעולם':125 'לעזור':28C 'לעזרה':26C,40,52,69,83 'לפי':108 'לצורך':60 'לרעה':32C 'מאזרחי':18C 'מאף':128 'מבנה':3B 'מגוונים':23C 'מדינה':11B 'מהגרי':91 'מובטלים':47 'מי':38 'מכל':41,53 'ממשלתי':64 'מנחים':103 'משום':117 'משק':8B 'משרד':63 'נימוק':120 'נכי':75 'נכים':44 'סוג':54,118 'סוציאלי':57 'סיבה':42,49 'עבודה':92 'על':98 'עם':21C 'עניים':46 'עקרונות':101 'פי':99 'צה':76 'צרכיו':109 'קשיים':22C 'רפואי':56 'רשויות':4B 'שאינם':84,88 'שהוא':131 'שזקוק':39 'שיטפל':66 'שני':100 'תינתן':106 'תיעשה':97 'תישלל':127",,,,145,2025-01-13 23:49:38.624249,f
120,55,,0,,1,1,,0,100,2025-02-15 11:19:57.658215,,"","'-50':103 '80':121 'א':64,96,142 'אדם':2B,86 'או':24C,56,71,77,105 'אישור':30C,93 'אישורה':116 'אסיר':81 'אסירים':19C,28C,51,60,76,104,106,209 'את':174 'ב':80,124,158 'באישור':135 'בדומה':33C 'בהם':48 'בהתאמות':154 'בחוק':150 'בחוק-יסוד':149 'ביום':189 'ביטחון':168,221 'ביטחונית':128 'בין':220 'בכנסת':120 'בממשלה':117 'במספר':57 'במקרה':125 'במקרים':47 'במשאל':31C,94,113 'בפעולות':88 'בקבינט':138 'בשחרור':50 'בתמורה':74 'גופות':72,78 'דברי':192 'דחיפות':127 'דיון':199 'דם':21C,53,83,108 'הגדרות':63 'הדמוקרטיה':215 'החברה':225 'החוק':183,211 'הידיים':23C,55,85,110 'הישירה':216 'הישראלית':226 'הכוללת':16C,98 'הכללים':147 'הליך':140 'המדינה':169,222 'הממשלה':171 'המשאל':141 'המשלבות':207 'הנדרשות':155 'הסבר':193 'העם':134,144 'העסקה':164,176 'הצורך':218 'הציבור':159 'הצעת':194 'הקבועים':148 'ואת':177 'ובכנסת':139 'וברוב':118 'והסכמה':202 'ונעדרים':46 'ועל':217 'זה':157 'זו':196 'ח':122 'חובת':7A,92 'חוק':3B,195 'חיילים':73 'חילופי':11A,44,66 'חריגה':129 'טרור':89 'טריטוריאליים':35C 'יותר':101 'יחול':184 'יסוד':4B,151 'יקבל':160 'יתנהל':145 'כים':123 'כל':14C 'כניסתו':190 'לאומית':203 'לאזן':219 'לאחר':115 'לאישור':42,112 'לבין':223 'לדלג':131 'להבטיח':198 'להוסיף':37 'להסדרים':34C 'למוות':91 'למעט':179 'לנושא':156 'לעסקאות':10A 'לפי':146 'לציבור':173 'לשחרור':75 'לתוקף':191 'מ':102 'מבוסס':212 'מדובר':49 'מוצעים':62 'מחבלים':79 'מטרה':36 'מידע':161 'מיוחד':119,137 'מנגנון':38 'מסווגים':181 'מסוכנים':210 'מספר':25C 'מפורט':162 'משאל':5B,8A,40,133,143,152 'משמעותיות':13A 'נועדה':197 'נחתמו':188 'נימוקיה':178 'ניתן':130 'נעדרים':70 'סביב':204 'סעיפים':61 'עיקרי':175 'על':22C,54,84,109,132,163,167,185,213 'עם':6B,9A,20C,32C,41,52,82,95,107,114,153 'עסקאות':43,186,205 'עסקה':15C,97 'עסקת':65 'עקרונות':214 'ערכי':224 'פרטים':180 'פרי':1B 'ציבורי':200 'רב':26C,58 'רגישות':206 'רוב':136 'רחב':201 'שבויים':12A,45,67,69 'שגרמו':90 'שהורשע':87 'שחרור':17C,68,99,208 'שטרם':187 'של':18C,27C,39,59,100,126 'שמירה':166 'שקיפות':170 'תדרוש':29C 'תובא':111 'תוך':165 'תחולה':182 'תפרסם':172",,,,146,2025-02-15 11:20:09.686463,f
121,74,,0,,0,0,,0,1,2025-03-14 15:03:48.534309,,"","'1':163 '2':191 '3':220 '4':250 '5':347 'א':34 'אבל':116 'או':67,72,257,260,262,278,287,343 'אותה':269 'אז':105 'אזרח':309 'אחד':94,288 'אחרת':71 'אחת':134 'איך':73 'אינטרסים':86,93,114,126,139,146 'אישי':95,127 'אישיים':115 'אשר':148 'אשרור':339 'את':20C,27C,38,81,285 'ב':77 'באחד':275 'באשר':311 'בבתי':253 'בגלל':113 'בדיוק':74 'בדרך':70 'בהכנת':226 'בזמן':283 'בין':144,313 'בכל':185,214,244,330 'בלבד':131 'במדינה':305 'במוסד':103,111 'במשרה':273 'בעולם':189,218,248,334 'בענייני':198 'בעניינים':169 'בקיצר':296 'בתפקיד':154 'גם':18C,36,52,78 'דבר':49 'דוגמא':133 'דוגמאות':136 'דומה':299 'דחוף':24C 'דמוקרטית':306 'דעתו':179,208,238,324 'דעתכם':369 'האדם':304 'הדמוקרטיות':187,216,246,332 'הוא':53,56,151,312,357 'החינוך':98,107,119,130 'החינוכי':112 'היא':43 'היועץ':14A 'היועצת':39 'הכי':50 'הכללי':349 'הכללית':352 'הליברליות':188,217,247,333 'הם':307 'המדינה':10B,354,356 'המדינות':186,215,245,331 'הממשלה':5B,46,230,252,256,259,286 'המנוי':290 'המערבי':190,219,249,335 'המשפט':254,366 'המשפטי':15A,165 'המשפטית':22C,40 'הנידון':295 'השלטון':277 'השפיטה':8B 'התביעה':351 'התובע':348 'התיק':294 'התפקיד':12A 'התפקידים':28C,82 'ובין':315 'ובלתי':361 'וגם':25C,55 'והדין':255 'והיא':60 'וזו':132 'וחוות':178,207,237,323 'וחוקי':58 'ויש':137 'וכדומה':76,345,367 'ולא':176,205,235,321,336 'ומהכנסת':364 'ומהמערכת':365 'ומשפטי':59 'זה':123,183,212,242,297,328 'זכויות':303 'חוץ':281 'חוק':3B,6B,228 'חוקתי':57,194,200 'חייב':358 'חינוכי':104 'חקיקה':223 'טוב':54 'יהיה':292,298,337 'יועץ':155,164,192,221,279,341 'יועצת':21C 'ייצוג':251 'יכול':109 'יכולים':121 'ילד':101 'ימנה':266 'יסוד':4B,7B 'יש':88,99 'כגון':96 'כי':42,122,302 'כך':182,211,241,327 'ככה':66 'כל':48 'כלליים':171 'כמו':153 'כמעט':184,213,243,329 'כן':120 'כפוף':174,203,233,319 'ל5':30C,160 'לא':64,108,180,209,239,271,325 'לאדם':300 'להתערב':110 'לו':100 'לזה':346 'לחלוטין':33C 'ליהות':173,202,232,318,359 'לכל':308 'למה':63,68 'לממשלה':16A,23C,41,157,166,168,175,195,197,204,224,234,320 'לעומתית':44 'לענייני':222 'לעשות':65,69,75 'לפטר':19C,37 'לפי':293 'לפצל':26C,80,159 'מבקר':9B 'מה':368 'מהממשלה':282,363 'מהרבה':135 'מהרשויות':276 'מוסדי':87,140 'מופקד':152 'מחבריה':289 'מחייבת':181,210,240,326 'מטעם':353 'מייעץ':167,196,225 'מכהן':272 'ממציאה':61 'משפט':199 'משפטי':156,193,280,342 'משפטיים':170 'משרד':118 'נגד':45 'ניגוד':85,92,125,138,142 'נפרדים':32C,162 'סגן':263 'סוגים':90 'סנגור':267 'על':47,149 'עניינים':143 'עצמאי':177,206,236,322,360 'פיצול':11A 'פקידי':117 'פרטי':301,314 'פרקליטות':355 'צוקרמן':2B 'צורך':338 'ציבורי':316 'ציבורית':274 'צריך':17C,35,79,158,172,201,231,317 'קטן':51 'ראש':258,350 'רק':124 'שהוא':270 'שהם':84 'שופט':344 'שזה':141 'שייצג':268 'של':13A,91,128,229,340 'שלה':29C,83 'שלו':291 'שלומד':102 'שלטוניים':147 'שלמה':1B 'שמייצג':284 'שני':145 'שניהם':150 'שר':97,106,129,261,264 'שתיי':89 'ת':265 'תושב':310 'תזכירי':227 'תירוצים':62 'תלוי':362 'תפקידים':31C,161",,,,147,,f
122,68,,0,,1,0,,0,100,2025-05-13 12:01:40.982328,,"","'או':28C 'אולם':77 'אזרחים':19C,54 'אספת':18C,53 'אשר':57 'את':59 'בדיון':68 'בה':39C 'בהשתתפות':21C 'בחוקה':27C 'בישראל':42C 'בכל':82 'במסמך':45 'בסורטיציה':56 'בפרק':31C 'גפני':3B 'דוגמה':37C,76 'דיגיטליות':72 'דיונית':10A 'דמוקרטיה':9A 'דרך':36C,70,75 'האזרחים':64 'ההצעה':43 'הוא':50 'המוצע':49 'המצורף':46 'הנבחרת':55 'הציבור':23C 'הציבורי':69 'הצעה':15C 'השיטה':38C 'השתתפותית':11A 'התהליך':34C,48,60,73 'ולהשתתף':67 'זוהי':14C 'חוק':4B 'חוקה':6B,13A,33C 'חוקתי':84 'חלק':66 'יבחרו':40C 'יעל':1B 'כינון':5B,24C 'כלל':22C,63 'להתאימו':79 'לחקיקה':80 'לכינון':12A 'לקחת':65 'לתהליך':16C 'מהות':47 'מובילה':58 'מכוננת':81 'מפורטת':44 'מתואר':35C,74 'נושא':83 'ניתן':78 'סעיף':29C 'ספציפי':30C 'עידוד':62 'פלטפורמות':71 'פרק':26C 'שבו':17C 'שופטים':41C 'שחם':2B 'שילוב':51 'של':8A,25C,32C,52 'תהליך':7A 'תוביל':20C 'תוך':61",,,,148,2025-05-13 12:01:49.914257,f
123,84,,0,,0,0,,0,1,2025-05-18 20:03:44.957086,,"","'70':21C,162 'tal':1B 'yaron':2B 'אזרחי':144 'אזרחים':31C,99,111,118 'אסיפת':128 'את':84,112,137,142 'אתם':107 'באמצעות':23C 'באסיפות':110 'בהסכמה':17C,48,158 'בהתאם':108 'בו':90,160 'בחירת':154 'בטכנולוגיות':150 'בין':93,114 'בכתיבת':66 'במיעוטים':173 'בסורטיציה':101 'בסיס':14C,44,54 'בעיניי':72 'בתהליך':86 'דליברטיבי':5A 'דרך':37C 'האזרחים':105,129,134 'האסיפה':164 'הגורמים':69 'החברתיות':153 'החוק':67 'החוקה':58 'החוקים':113 'היא':11C,41 'הכולל':26C 'הכללית':165 'המומחים':102,120,130 'המטרה':10C,40 'הנחשבים':70 'הסכמה':61 'הפתרונות':138,155 'הציבור':35C,73,80 'הצעה':3A 'הרחב':36C,74,81 'השונים':139 'התהליך':85 'ואסיפות':30C,98 'וברשתות':152 'וזאת':169 'וינסו':121 'ויעבדו':106 'ויציעו':135 'וכמובן':79 'ופוליטקאים':97 'זה':52 'חדשלים':124 'חוק':7A,13C,43,51 'חוקה':9A,16C,28C,47,96 'חשוב':63 'טכנולוגיות':38C 'ידי':148 'יהוו':53 'יהיו':156 'ייעודיות':39C 'יעודיות':151 'יפגשו':131 'ישבו':103,119 'ישראל':146 'כדי':59,170 'כינון':8A,46 'כל':68 'כלל':143 'לאתגרים':125 'לגיטמים':71 'להם':136 'להעלות':122 'לחוקה':77 'ליצור':12C,42,60 'לכינון':15C 'לכינונה':55 'לכתיבת':6A 'למנוע':171 'למפגש':116 'למשל':75 'לנהוג':109 'לערוך':83 'לפחות':20C,161 'לשלב':141 'לתהליך':4A 'מאשרים':166 'מדינת':145 'מומחי':27C,95 'מומחים':76,94 'מוערבים':65 'מחברי':163 'ממשק':92 'מסויים':168 'מפגש':115 'מתוך':127 'מתקיים':91 'נבחרות':32C 'נושא':167 'ניתן':82,140 'סטנדרטי':87 'על':147 'עם':104,133 'פגיע':172 'פוליטיקאים':29C 'פוליטקאים':78 'פתרונות':123 'ציבורית':18C,49 'רחבה':19C,50,62,159 'רק':157 'שאר':57 'שארטט':89 'שוב':132 'שיהיו':64 'שילוב':34C 'שימוש':149 'שיעלו':126 'שיתופי':25C 'של':45,56,88,117 'שנבחרו':100 'תהליך':24C 'תוך':33C 'תמיכה':22C",,,,149,2025-05-18 20:03:53.639315,f
